canonical_smiles,molecule_chembl_id,relation,standard_relation,standard_value,value,IC50_nM,pIC50
N[C@@H](CC1CCCCC1)C(=O)N1CCCCC1,CHEMBL93558,=,=,217000.0,217.0,217000.0,3.663540266151471
C[C@H](N)C(=O)N1CCCC1,CHEMBL443622,=,=,41000.0,41.0,41000.0,4.3872161432802645
O=C([C@@H]1CCCN1)N1CCCC1,CHEMBL403882,=,=,15000.0,15.0,15000.0,4.823908740944319
NC(=O)CC(N)C(=O)N1CCCC1,CHEMBL328795,=,=,188000.0,188.0,188000.0,3.7258421507363204
NCCCCC(N)C(=O)N1CCCCC1,CHEMBL97674,=,=,247000.0,247.0,247000.0,3.607303046740334
NC(Cc1ccc(O)cc1)C(=O)N1CCCC1,CHEMBL317126,=,=,14000.0,14.0,14000.0,4.853871964321762
CC(C)[C@H](N)C(=O)N1CCCC1,CHEMBL383705,=,=,4000.0,4.0,4000.0,5.3979400086720375
NCCCCC(NC(=O)OCc1ccccc1)C(=O)N1CCCCC1,CHEMBL94955,=,=,134900.0,134.9,134900.0,3.8699880503280957
NC(Cc1c[nH]cn1)C(=O)N1CCCCC1,CHEMBL97180,=,=,213000.0,213.0,213000.0,3.671620396561262
N[C@@H](CC1CCCCC1)C(=O)N1CCCC1,CHEMBL98008,=,=,17000.0,17.0,17000.0,4.769551078621726
NC(Cc1c[nH]cn1)C(=O)N1CCCC1,CHEMBL317944,=,=,23210.0,23.21,23210.0,4.6343248595440825
CCC(C)C(N)C(=O)N1CCCCC1,CHEMBL93507,=,=,67000.0,67.0,67000.0,4.173925197299174
NC(Cc1ccccc1)C(=O)N1CCCC1,CHEMBL93931,=,=,21000.0,21.0,21000.0,4.6777807052660805
NC(CO)C(=O)N1CCCC1,CHEMBL97064,=,=,190000.0,190.0,190000.0,3.721246399047171
CC[C@H](C)[C@H](N)C(=O)N1CCCC1,CHEMBL503274,=,=,4000.0,4.0,4000.0,5.3979400086720375
N[C@@H](CC(=O)O)C(=O)N1CCCC1,CHEMBL499101,=,=,122000.0,122.0,122000.0,3.9136401693252516
NCCCCC(N)C(=O)N1CCCC1,CHEMBL328694,=,=,39000.0,39.0,39000.0,4.4089353929735005
CC(C)[C@@H](N)C(=O)N1CCC[C@H]1B(O)O,CHEMBL305170,=,=,116000.0,116000.0,116000.0,3.935542010773082
C[C@@H](O)[C@H](N)C(=O)N1CCC[C@H]1B(O)O,CHEMBL1790478,=,=,190.0,190.0,190.0,6.721246399047171
CC[C@H](N)C(=O)N1CCC[C@H]1B(O)O,CHEMBL66032,=,=,11.0,11.0,11.0,7.958607314841775
NCCCC[C@H](N)C(=O)N1CCC[C@H]1B(O)O,CHEMBL63726,=,=,95.0,95.0,95.0,7.022276394711152
N[C@@H](Cc1c[nH]cn1)C(=O)N1CCC[C@H]1B(O)O,CHEMBL303131,=,=,17000.0,17000.0,17000.0,4.769551078621726
O=C([C@@H]1CCN1)N1CCC[C@H]1B(O)O,CHEMBL292342,=,=,250.0,250.0,250.0,6.6020599913279625
CC(C)C[C@H](N)C(=O)N1CCC[C@H]1B(O)O,CHEMBL63698,=,=,44.0,44.0,44.0,7.356547323513812
N[C@H](C(=O)N1CCC[C@H]1B(O)O)c1ccccc1,CHEMBL291428,=,=,63.0,63.0,63.0,7.200659450546418
CC(C)(N)C(=O)N1CCC[C@H]1B(O)O,CHEMBL66189,=,=,30000.0,30000.0,30000.0,4.522878745280337
CC[C@H](C)[C@H](N)C(=O)N1CCC[C@H]1B(O)O,CHEMBL1790483,=,=,25.0,25.0,25.0,7.6020599913279625
CC(C)[C@H](N)C(=O)N1CCC[C@H]1B(O)O,CHEMBL67279,=,=,26.0,26.0,26.0,7.585026652029182
C[C@H](N)C(=O)N1CCC[C@H]1B(O)O,CHEMBL63860,=,=,15.0,15.0,15.0,7.823908740944319
NCC(=O)N1CCC[C@H]1B(O)O,CHEMBL67089,=,=,16000.0,16000.0,16000.0,4.795880017344075
CC(C)[C@@H](N)C(=O)N1CCC[C@@H]1B(O)O,CHEMBL65406,=,=,4000.0,4000.0,4000.0,5.3979400086720375
N[C@@H](Cc1ccc(O)cc1)C(=O)N1CCC[C@H]1B(O)O,CHEMBL304007,=,=,32.0,32.0,32.0,7.494850021680094
N[C@@H](Cc1ccccc1)C(=O)N1CCC[C@H]1B(O)O,CHEMBL63652,=,=,70.0,70.0,70.0,7.154901959985743
CC(C)(C)[C@H](N)C(=O)N1CCC[C@H]1B(O)O,CHEMBL63406,=,=,60.0,60.0,60.0,7.221848749616356
O=C([C@@H]1CCCN1)N1CCC[C@H]1B(O)O,CHEMBL63895,=,=,20.0,20.0,20.0,7.698970004336019
Cl.O=C(C1CCCN1)N1CCCC1P(=O)(OCC(F)(F)F)OCC(F)(F)F,CHEMBL276884,=,=,9100000.0,9100.0,9100000.0,2.040958607678906
O=C([C@@H]1CCCN1)N1CCCC1P(=O)(Oc1ccccc1)Oc1ccccc1,CHEMBL1182947,=,=,32000.0,32.0,32000.0,4.494850021680094
CC(=O)Nc1ccc(OP(=O)(Oc2ccc(NC(C)=O)cc2)C2CCCN2C(=O)C2CCCN2)cc1.Cl,CHEMBL265344,=,=,400.0,0.4,400.0,6.3979400086720375
COP(=O)(Oc1ccccc1-c1ccccc1O)C1CCCN1C(=O)[C@@H]1CCCN1.Cl,CHEMBL9237,=,=,47000.0,47.0,47000.0,4.327902142064283
Cl.O=C([C@@H]1CCCN1)N1CCCC1P1(=O)Oc2ccccc2-c2ccccc2O1,CHEMBL9724,=,=,31000.0,31.0,31000.0,4.508638306165727
COc1ccc(OP(=O)(Oc2ccc(OC)cc2)C2CCCN2C(=O)C2CCCN2)cc1.Cl,CHEMBL9561,=,=,22000.0,22.0,22000.0,4.657577319177793
COC(=O)CCNC(=O)c1ccc(OP(=O)(Oc2ccc(C(=O)NCCC(=O)OC)cc2)C2CCCN2C(=O)C2CCCN2)cc1.Cl,CHEMBL9238,=,=,36.0,0.036,36.0,7.443697499232712
Cl.NCC(=O)Nc1ccc(OP(=O)(Oc2ccc(NC(=O)CN)cc2)C2CCCN2C(=O)C2CCCN2)cc1,CHEMBL9512,=,=,500.0,0.5,500.0,6.301029995663981
C[C@H](N)C(=O)Nc1ccc(OP(=O)(Oc2ccc(NC(=O)[C@@H](C)N)cc2)C2CCCN2C(=O)C2CCCN2)cc1.Cl,CHEMBL269209,=,=,600.0,0.6,600.0,6.221848749616356
Cl.O=C([C@H]1CCCN1)N1CCCC1P(=O)(Oc1ccccc1)Oc1ccccc1,CHEMBL273851,=,=,5000.0,5.0,5000.0,5.301029995663981
Cl.O=C(C1CCCN1)N1CCCC1P(=O)(OCC(Cl)(Cl)Cl)OCC(Cl)(Cl)Cl,CHEMBL268012,=,=,1800000.0,1800.0,1800000.0,2.7447274948966935
CCCNC(=O)c1ccc(OP(=O)(Oc2ccc(C(=O)NCCC)cc2)C2CCCN2C(=O)C2CCCN2)cc1.Cl,CHEMBL9295,=,=,30.0,0.03,30.0,7.522878745280337
Cl.O=C(CNC(=O)c1ccccc1)Nc1ccc(OP(=O)(Oc2ccc(NC(=O)CNC(=O)c3ccccc3)cc2)C2CCCN2C(=O)C2CCCN2)cc1,CHEMBL269757,=,=,700.0,0.7,700.0,6.154901959985743
CC(=O)Nc1cccc(OP(=O)(Oc2cccc(NC(C)=O)c2)C2CCCN2C(=O)C2CCCN2)c1.Cl,CHEMBL9263,=,=,800.0,0.8,800.0,6.096910013008056
CS(=O)(=O)Nc1ccc(OP(=O)(Oc2ccc(NS(C)(=O)=O)cc2)C2CCCN2C(=O)C2CCCN2)cc1.Cl,CHEMBL9433,=,=,400.0,0.4,400.0,6.3979400086720375
Cl.O=C(C1CCCN1)N1CCCC1P(=O)(Oc1ccc(O)cc1)Oc1ccc(O)cc1,CHEMBL9565,=,=,190000.0,190.0,190000.0,3.721246399047171
COC(=O)C(Cc1ccc(OP(=O)(Oc2ccc(CC(NC(C)=O)C(=O)OC)cc2)C2CCCN2C(=O)C2CCCN2)cc1)NC(C)=O.Cl,CHEMBL268527,=,=,1400.0,1.4,1400.0,5.853871964321762
COC(=O)c1ccc(OP(=O)(Oc2ccc(C(=O)OC)cc2)C2CCCN2C(=O)C2CCCN2)cc1.Cl,CHEMBL9408,=,=,16.0,0.016,16.0,7.795880017344075
Cl.NC(=O)Nc1cccc(OP(=O)(OC2=CC=CC(NC(N)=O)C2)C2CCCN2C(=O)C2CCCN2)c1,CHEMBL430281,=,=,2300.0,2.3,2300.0,5.638272163982407
CCOC(=O)CNC(=O)c1ccc(OP(=O)(Oc2ccc(C(=O)NCC(=O)OCC)cc2)C2CCCN2C(=O)C2CCCN2)cc1.Cl,CHEMBL274829,=,=,23.0,0.023,23.0,7.638272163982407
Cl.O=C(C1CCCN1)N1CCCC1P(=O)(Oc1ccc(NN2CCCC2)cc1)Oc1ccc(NN2CCCC2)cc1,CHEMBL9527,=,=,5000.0,5.0,5000.0,5.301029995663981
N[C@H](C(=O)N1CCCC1)C1CCCCC1,CHEMBL278393,=,=,320.0,320.0,320.0,6.494850021680094
CC[C@H](C)[C@H](N)C(=O)N1CCSC1,CHEMBL98408,=,=,420.0,420.0,420.0,6.376750709602099
N[C@H](C(=O)N1CCSC1)[C@H]1CC[C@H](NC(=O)c2ccc(OC(F)(F)F)cc2)CC1,CHEMBL1682974,=,=,33.0,33.0,33.0,7.481486060122112
N[C@H](C(=O)N1CCSC1)[C@H]1CC[C@H](NC(=O)c2ccc(F)c(F)c2)CC1,CHEMBL22359,=,=,53.0,53.0,53.0,7.275724130399211
N[C@H](C(=O)N1CCCC1)[C@H]1CC[C@H](NC(=O)OCc2ccccc2)CC1,CHEMBL22679,=,=,94.0,94.0,94.0,7.026872146400302
N#Cc1cccc(S(=O)(=O)N[C@H]2CC[C@H]([C@H](N)C(=O)N3CCSC3)CC2)c1,CHEMBL3084936,=,=,24.0,24.0,24.0,7.619788758288394
N[C@H](C(=O)N1CCSC1)[C@H]1CC[C@H](NS(=O)(=O)c2ccc3ccccc3c2)CC1,CHEMBL3084942,=,=,18.0,18.0,18.0,7.7447274948966935
N[C@H](C(=O)N1CCSC1)[C@H]1CC[C@H](NC(=O)c2cccc3ccccc23)CC1,CHEMBL3084949,=,=,15.0,15.0,15.0,7.823908740944319
N[C@H](C(=O)N1CCSC1)[C@H]1CC[C@H](NC(=O)Nc2ccc(F)c(F)c2)CC1,CHEMBL3084939,=,=,35.0,35.0,35.0,7.455931955649724
N[C@H](C(=O)N1CCSC1)[C@H]1CC[C@H](NS(=O)(=O)c2ccc(I)cc2)CC1,CHEMBL3084935,=,=,23.0,23.0,23.0,7.638272163982407
N[C@H](C(=O)N1CCSC1)[C@H]1CC[C@H](NS(=O)(=O)c2ccc(F)c(F)c2F)CC1,CHEMBL3084943,=,=,24.0,24.0,24.0,7.619788758288394
N[C@H](C(=O)N1CCSC1)[C@H]1CC[C@H](NC(=O)Nc2ccc(Cl)c(Cl)c2)CC1,CHEMBL3084954,=,=,17.0,17.0,17.0,7.769551078621726
CN(C)C(=O)Nc1ccc(S(=O)(=O)N[C@H]2CC[C@H]([C@H](N)C(=O)N3CCSC3)CC2)cc1,CHEMBL3084937,=,=,7.5,7.5,7.5,8.1249387366083
CN(C)C(=O)Nc1ccc(S(=O)(=O)N[C@H]2CC[C@H]([C@H](N)C(=O)N3CCCC3)CC2)cc1,CHEMBL3084938,=,=,26.0,26.0,26.0,7.585026652029182
N[C@H](C(=O)N1CCCC1)[C@H]1CC[C@H](NS(=O)(=O)c2ccc(F)cc2F)CC1,CHEMBL25437,=,=,88.0,88.0,88.0,7.055517327849831
N[C@H](C(=O)N1CCCC1)[C@H]1CC[C@H](NC(=O)c2ccc(F)c(F)c2)CC1,CHEMBL278558,=,=,190.0,190.0,190.0,6.721246399047171
N[C@H](C(=O)N1CCSC1)[C@H]1CC[C@H](NC(=O)OCc2ccccc2)CC1,CHEMBL23176,=,=,25.0,25.0,25.0,7.6020599913279625
N[C@H](C(=O)N1CCCC1)[C@H]1CC[C@H](NC(=O)c2cncc3ccccc23)CC1,CHEMBL3084940,=,=,64.0,64.0,64.0,7.1938200260161125
N[C@H](C(=O)N1CCSC1)[C@H]1CC[C@H](NC(=O)c2ccc(Cl)c(Cl)c2)CC1,CHEMBL3084946,=,=,38.0,38.0,38.0,7.42021640338319
N#C[C@@H]1CCCN1C(=O)CNC12CC3CC(CC(O)(C3)C1)C2,CHEMBL142703,=,=,34.0,34.0,34.0,7.468521082957745
N[C@H](C(=O)N1CCSC1)[C@H]1CC[C@H](NC(=O)c2ccc(I)cc2)CC1,CHEMBL3084947,=,=,33.0,33.0,33.0,7.481486060122112
N#Cc1ccc(NCCNCC(=O)N2CCC[C@H]2C#N)nc1,CHEMBL77538,=,=,22.0,22.0,22.0,7.657577319177793
N[C@H](C(=O)N1CCSC1)[C@H]1CC[C@H](NC(=O)OCc2cccc3ccccc23)CC1,CHEMBL3084952,=,=,17.0,17.0,17.0,7.769551078621726
N[C@H](C(=O)N1CCSC1)[C@H]1CC[C@H](NC(=O)c2cnc3ccccc3c2)CC1,CHEMBL3084956,=,=,9.0,9.0,9.0,8.045757490560675
N[C@H](C(=O)N1CCCC1)[C@H]1CC[C@H](NS(=O)(=O)c2ccc(OC(F)(F)F)cc2)CC1,CHEMBL23979,=,=,89.0,89.0,89.0,7.050609993355087
N[C@H](C(=O)N1CCSC1)[C@H]1CC[C@H](NC(=O)c2ccc3ccccc3c2)CC1,CHEMBL3084948,=,=,21.0,21.0,21.0,7.6777807052660805
N[C@H](C(=O)N1CCSC1)[C@H]1CC[C@H](NC(=O)Nc2ccc(OC(F)(F)F)cc2)CC1,CHEMBL3084955,=,=,55.0,55.0,55.0,7.259637310505756
N[C@H](C(=O)N1CCCC1)[C@H]1CC[C@H](NS(=O)(=O)c2ccc(F)c(F)c2F)CC1,CHEMBL3084941,=,=,98.0,98.0,98.0,7.008773924307505
N[C@H](C(=O)N1CCCC1)[C@H]1CC[C@H](NS(=O)(=O)c2ccc(NS(=O)(=O)CC(F)(F)F)cc2)CC1,CHEMBL497992,=,=,2.6,2.6,2.6,8.585026652029182
N[C@H](C(=O)N1CCSC1)[C@H]1CC[C@H](NC(=O)Nc2ccc(I)cc2)CC1,CHEMBL3084953,=,=,10.0,10.0,10.0,8.0
N[C@H](C(=O)N1CCCC1)[C@H]1CC[C@H](NC(=O)c2cccc3ccccc23)CC1,CHEMBL3084944,=,=,46.0,46.0,46.0,7.337242168318426
N[C@H](C(=O)N1CCSC1)[C@H]1CC[C@H](NS(=O)(=O)c2ccc(OC(F)(F)F)cc2)CC1,CHEMBL25211,=,=,22.0,22.0,22.0,7.657577319177793
N[C@H](C(=O)N1CCSC1)[C@H]1CC[C@H](NC(=O)OCc2ccc3ccccc3c2)CC1,CHEMBL3084951,=,=,20.0,20.0,20.0,7.698970004336019
N[C@H](C(=O)N1CCSC1)[C@H]1CC[C@H](N)CC1,CHEMBL3084945,=,=,2700.0,2700.0,2700.0,5.568636235841012
N[C@H](C(=O)N1CCSC1)[C@H]1CC[C@H](NC(=O)OCc2ccc(Cl)c(Cl)c2)CC1,CHEMBL3084950,=,=,29.0,29.0,29.0,7.537602002101044
CCOC(=O)c1cnc(CN)c2cc(OC)c(OC)cc12.Cl,CHEMBL544475,=,=,3400.0,3.4,3400.0,5.468521082957745
CCOC(=O)c1cnc(CN(C)C)c2cc(OC)c(OC)cc12.Cl,CHEMBL543539,=,=,948000.0,948.0,948000.0,3.023191662661934
COc1cc2c(C=O)cnc(CN)c2cc1OC.Cl,CHEMBL543057,=,=,277000.0,277.0,277000.0,3.557520230935552
COc1cc2c(CO)cnc(CN)c2cc1OC.Cl,CHEMBL554880,=,=,31800.0,31.8,31800.0,4.497572880015567
N#Cc1ccc(NCCNCC(=O)N2CCC[C@H]2C#N)nc1,CHEMBL77538,=,=,22.0,22.0,22.0,7.657577319177793
N#Cc1ccc(NCCNCC(=O)N2CCC[C@H]2C#N)nc1,CHEMBL77538,=,=,7.0,7.0,7.0,8.154901959985743
CCCNC(=O)c1cnc(CN)c2cc(OC)c(OC)cc12.Cl,CHEMBL539758,=,=,51400.0,51.4,51400.0,4.289036881004725
CCOC(=O)Nc1cnc(CN)c2cc(OC)c(OC)cc12.Cl,CHEMBL553407,=,=,2300.0,2.3,2300.0,5.638272163982407
CCOC(=O)c1cnc(CN)c2ccc(OC)cc12.Cl,CHEMBL544474,=,=,207000.0,207.0,207000.0,3.6840296545430826
CCOC(=O)c1cnc(CN)c2cc(OC)c(OCC)cc12.Cl,CHEMBL544717,=,=,4700.0,4.7,4700.0,5.327902142064282
N#C[C@@H]1CCCN1C(=O)[C@@H](N)C1CCCCC1,CHEMBL307636,=,=,2.0,2.0,2.0,8.698970004336019
N#C[C@@H]1CCCN1C(=O)[C@@H](N)C1CCCCC1,CHEMBL307636,=,=,3.2,3.2,3.2,8.494850021680094
CCCOc1cc2c(CN)ncc(C(=O)OCC)c2cc1OC.Cl,CHEMBL543062,=,=,8400.0,8.4,8400.0,5.075720713938118
COc1cc2c(C(=O)O)cnc(CN)c2cc1OC.Cl,CHEMBL554957,=,=,103000.0,103.0,103000.0,3.987162775294828
CCOC(=O)c1cnc(CCN)c2cc(OC)c(OC)cc12.O=C(O)C(F)(F)F,CHEMBL289580,=,=,746000.0,746.0,746000.0,3.127261172527331
CCOC(=O)c1cnc(CN)c2c(OC)ccc(OC)c12.Cl,CHEMBL544950,=,=,2400.0,2.4,2400.0,5.619788758288394
CCOC(=O)CCc1cnc(CN)c2cc(OC)c(OC)cc12.O=C(O)C(F)(F)F,CHEMBL288207,=,=,52600.0,52.6,52600.0,4.279014255846261
CCOC(=O)c1cnc(CN)c2cc(OCC)c(OC)cc12.Cl,CHEMBL554683,=,=,6700.0,6.7,6700.0,5.173925197299173
COc1cc2c(C(N)=O)cnc(CN)c2cc1OC.Cl,CHEMBL554882,=,=,170000.0,170.0,170000.0,3.769551078621726
CCOC(=O)/C=C/c1cnc(CN)c2cc(OC)c(OC)cc12.O=C(O)C(F)(F)F,CHEMBL41114,=,=,18000.0,18.0,18000.0,4.7447274948966935
CCOC(=O)c1cnc(CNC)c2cc(OC)c(OC)cc12.Cl,CHEMBL554682,=,=,731000.0,731.0,731000.0,3.1360826230421397
CCOC(=O)c1cnc(CN)c2cc(O)c(OC)cc12.Cl,CHEMBL544478,=,=,14000.0,14.0,14000.0,4.853871964321762
CCOC(=O)Cc1cnc(CN)c2cc(OC)c(OC)cc12.Cl,CHEMBL544241,=,=,17000.0,17.0,17000.0,4.769551078621726
CCOC(=O)c1cnc(CN)c2cc(OC)c(OC)c(OC)c12.Cl,CHEMBL539500,=,=,18000.0,18.0,18000.0,4.7447274948966935
CCOC(=O)c1cnc(CN)c2c(OC)cc(OC)cc12.Cl,CHEMBL555560,=,=,320.0,0.32,320.0,6.494850021680094
N#C[C@@H]1CCCN1C(=O)CNCCNc1ccc([N+](=O)[O-])cn1,CHEMBL77539,=,=,8.0,8.0,8.0,8.096910013008056
N#C[C@@H]1CCCN1C(=O)CNCCNc1ccc([N+](=O)[O-])cn1,CHEMBL77539,=,=,8.7,8.7,8.7,8.060480747381382
CCOC(=O)c1cnc(CN)c2c(OC)c(OC)c(OC)cc12.Cl,CHEMBL539243,=,=,1100.0,1.1,1100.0,5.958607314841775
Cc1cccc(C)c1N1C(=O)c2ccc(N)cc2C1=O,CHEMBL283880,=,=,87900.0,87.9,87900.0,4.056011124926228
CC(C)c1cccc(C(C)C)c1N1C(=O)c2c(F)c(F)c(F)c(F)c2C1=S,CHEMBL151999,=,=,30400.0,30.4,30400.0,4.517126416391246
CC(C)c1cccc(C(C)C)c1N1C(=O)c2ccc(O)cc2C1=O,CHEMBL313952,=,=,65900.0,65.9,65900.0,4.18111458540599
Cc1cccc(C)c1N1C(=O)c2cccc(N)c2C1=O,CHEMBL315471,=,=,60100.0,60.1,60100.0,4.221125527997261
CC(C)c1cccc(C(C)C)c1N1C(=O)c2cccc(O)c2C1=O,CHEMBL88474,=,=,43600.0,43.6,43600.0,4.360513510731414
CC(C)c1cccc(C(C)C)c1N1C(=O)c2ccc(N)cc2C1=O,CHEMBL90558,=,=,251200.0,251.2,251200.0,3.599980364934842
CSc1ccccc1N1C(=O)c2cccc(O)c2C1=O,CHEMBL345319,=,=,225700.0,225.7,225700.0,3.646468440922238
CCc1cccc(CC)c1N1C(=O)c2ccc(O)cc2C1=O,CHEMBL88953,=,=,43300.0,43.3,43300.0,4.363512103646634
CC(C)c1cccc(C(C)C)c1N1C(=O)c2ccccc2C1=S,CHEMBL329471,=,=,57800.0,57.8,57800.0,4.2380721615794705
O=C(C1CCC[C@H]1B(O)O)[C@@H]1CCCN1,CHEMBL151461,=,=,88200.0,88.2,88200.0,4.054531414868181
CCc1cccc(CC)c1N1C(=O)c2cccc(O)c2C1=O,CHEMBL153096,=,=,43300.0,43.3,43300.0,4.363512103646634
Cc1cccc(C)c1N1C(=O)c2ccc(O)cc2C1=O,CHEMBL424612,=,=,74100.0,74.1,74100.0,4.130181792020672
CC(C)c1cccc(C(C)C)c1N1C(=S)c2c(F)c(F)c(F)c(F)c2C1=S,CHEMBL153037,=,=,36700.0,36.7,36700.0,4.43533393574791
N[C@H](C(=O)N1CCCC1)[C@H]1CC[C@@H](OC(=O)Nc2ccc(I)cc2)C1,CHEMBL169758,=,=,660.0,0.66,660.0,6.180456064458131
CS(=O)(=O)c1ccc(S(=O)(=O)N[C@H]2CC[C@H]([C@H](N)C(=O)N3CCCC3)C2)cc1,CHEMBL168986,=,=,130.0,0.13,130.0,6.886056647693163
N[C@H](C(=O)N1CCCC1)[C@H]1CC[C@@H](NS(=O)(=O)c2ccc(OC(F)(F)F)cc2)C1,CHEMBL366751,=,=,550.0,0.55,550.0,6.259637310505756
N[C@H](C(=O)N1CCCC1)[C@@H]1CC[C@H](OC(=O)Nc2ccc(I)cc2)C1,CHEMBL172276,=,=,670.0,0.67,670.0,6.173925197299173
COc1ccc(NC(=O)O[C@@H]2CCC[C@H]([C@H](N)C(=O)N3CCSC3)C2)cc1,CHEMBL171033,=,=,83.0,0.083,83.0,7.080921907623926
CS(=O)(=O)NCCS(=O)(=O)N[C@@H]1CC[C@@H]([C@H](N)C(=O)N2CCCC2)C1,CHEMBL439836,=,=,71.0,0.071,71.0,7.1487416512809245
N[C@H](C(=O)N1CCSC1)[C@H]1CC[C@@H](OC(=O)Nc2ccc(Cl)c(Cl)c2)C1,CHEMBL352343,=,=,280.0,0.28,280.0,6.552841968657781
N[C@H](C(=O)N1CCCC1)[C@@H]1CC[C@@H](NS(=O)(=O)c2ccc(C(=O)O)cc2)C1,CHEMBL169962,=,=,110.0,0.11,110.0,6.958607314841775
COc1ccc(NC(=O)O[C@H]2CCC[C@H]([C@H](N)C(=O)N3CCCC3)C2)cc1,CHEMBL352737,=,=,480.0,0.48,480.0,6.318758762624412
N[C@H](C(=O)N1CCCC1)[C@H]1CC[C@H](O)C1,CHEMBL368156,=,=,840.0,0.84,840.0,6.075720713938118
N[C@H](C(=O)N1CCCC1)[C@H]1CC[C@H](NS(=O)(=O)c2ccc(C(=O)O)cc2)C1,CHEMBL171437,=,=,72.0,0.072,72.0,7.142667503568731
CS(=O)(=O)c1ccc(S(=O)(=O)N[C@H]2CC[C@@H]([C@H](N)C(=O)N3CCCC3)C2)cc1,CHEMBL433732,=,=,420.0,0.42,420.0,6.376750709602099
N[C@H](C(=O)N1CCCC1)[C@H]1CC[C@@H](NC(=O)Nc2cccc3ccccc23)C1,CHEMBL354576,=,=,110.0,0.11,110.0,6.958607314841775
N[C@H](C(=O)N1CCCC1)[C@@H]1CC[C@@H](NS(=O)(=O)c2ccc(OC(F)(F)F)cc2)C1,CHEMBL168866,=,=,170.0,0.17,170.0,6.769551078621726
N[C@H](C(=O)N1CCSC1)[C@H]1CC[C@@H](OC(=O)Nc2cccc(F)c2)C1,CHEMBL172631,=,=,210.0,0.21,210.0,6.6777807052660805
N[C@@H](C(=O)N1CCSC1)[C@H]1CC[C@@H](OC(=O)Nc2cccc3ccccc23)C1,CHEMBL171430,=,=,1700.0,1.7,1700.0,5.769551078621726
CS(=O)(=O)c1ccc(S(=O)(=O)N[C@@H]2CC[C@@H]([C@H](N)C(=O)N3CCCC3)C2)cc1,CHEMBL169204,=,=,13.0,0.013,13.0,7.886056647693163
COc1ccc(NC(=O)O[C@@H]2CCC[C@H]([C@H](N)C(=O)N3CCCC3)C2)cc1,CHEMBL355203,=,=,180.0,0.18,180.0,6.7447274948966935
N[C@H](C(=O)N1CCCC1)[C@H]1CC[C@H](NS(=O)(=O)c2ccc(S(N)(=O)=O)cc2)C1,CHEMBL171342,=,=,83.0,0.083,83.0,7.080921907623926
CN(C)S(=O)(=O)c1ccc(S(=O)(=O)N[C@H]2CC[C@H]([C@H](N)C(=O)N3CCCC3)C2)cc1,CHEMBL354936,=,=,110.0,0.11,110.0,6.958607314841775
N[C@H](C(=O)N1CCCC1)[C@H]1CC[C@@H](NC(=O)c2cccc3ccccc23)C1,CHEMBL169812,=,=,230.0,0.23,230.0,6.638272163982407
N[C@@H](C(=O)N1CCSC1)[C@H]1CC[C@@H](OC(=O)Nc2cccc(F)c2)C1,CHEMBL172624,=,=,1200.0,1.2,1200.0,5.920818753952375
COc1ccc(NC(=O)O[C@H]2CC[C@H]([C@H](N)C(=O)N3CCCC3)C2)cc1,CHEMBL355716,=,=,270.0,0.27,270.0,6.568636235841012
N[C@H](C(=O)N1CCSC1)[C@H]1CC[C@H](NC(=O)c2cccc3ccccc23)C1,CHEMBL353840,=,=,47.0,0.047,47.0,7.327902142064282
N[C@H](C(=O)N1CCCC1)[C@@H]1CC[C@@H](NS(=O)(=O)c2ccc(S(N)(=O)=O)cc2)C1,CHEMBL169179,=,=,46.0,0.046,46.0,7.337242168318426
N[C@H](C(=O)N1CCCC1)[C@H]1CC[C@@H](OC(=O)Nc2ccccc2-c2ccccc2)C1,CHEMBL172730,=,=,3900.0,3.9,3900.0,5.4089353929735005
N[C@H](C(=O)N1CCCC1)[C@H]1CC[C@H](NS(=O)(=O)c2ccc(S(=O)(=O)C(F)(F)F)cc2)C1,CHEMBL168281,=,=,220.0,0.22,220.0,6.657577319177793
N[C@H](C(=O)N1CCCC1)[C@@H]1CC[C@H](NC(=O)Nc2cccc3ccccc23)C1,CHEMBL171609,=,=,440.0,0.44,440.0,6.356547323513812
CO[C@@H]1CCC[C@H]([C@H](N)C(=O)N2CCCC2)C1,CHEMBL352632,=,=,870.0,0.87,870.0,6.060480747381382
CS(=O)(=O)c1ccccc1S(=O)(=O)N[C@H]1CC[C@H]([C@H](N)C(=O)N2CCCC2)C1,CHEMBL355248,=,=,150.0,0.15,150.0,6.823908740944319
N[C@H](C(=O)N1CCCC1)[C@H]1CCC[C@H](OC(=O)Nc2ccc(I)cc2)C1,CHEMBL170051,=,=,330.0,0.33,330.0,6.481486060122112
N[C@H](C(=O)N1CCCC1)[C@H]1CCC[C@@H](OC(=O)Nc2ccc(I)cc2)C1,CHEMBL171733,=,=,110.0,0.11,110.0,6.958607314841775
N[C@H](C(=O)N1CCCC1)[C@H]1CCC[C@H](O)C1,CHEMBL355051,=,=,290.0,0.29,290.0,6.537602002101044
COc1ccc(NC(=O)O[C@H]2CCC[C@H]([C@H](N)C(=O)N3CCSC3)C2)cc1,CHEMBL433533,=,=,420.0,0.42,420.0,6.376750709602099
N[C@H](C(=O)N1CCCC1)[C@@H]1CC[C@H](NS(=O)(=O)c2ccc(S(N)(=O)=O)cc2)C1,CHEMBL171290,=,=,250.0,0.25,250.0,6.6020599913279625
N[C@H](C(=O)N1CCCC1)[C@H]1CC[C@@H](O)C1,CHEMBL355244,=,=,4600.0,4.6,4600.0,5.337242168318426
COc1ccc(NC(=O)O[C@@H]2CC[C@H]([C@H](N)C(=O)N3CCSC3)C2)cc1,CHEMBL352354,=,=,240.0,0.24,240.0,6.619788758288394
N[C@H](C(=O)N1CCCC1)[C@@H]1CC[C@@H](OC(=O)Nc2ccc(I)cc2)C1,CHEMBL352402,=,=,110.0,0.11,110.0,6.958607314841775
N[C@H](C(=O)N1CCSC1)[C@H]1CC[C@H](NC(=O)Nc2cccc3ccccc23)C1,CHEMBL352520,=,=,43.0,0.043,43.0,7.366531544420414
N[C@H](C(=O)N1CCCC1)[C@H]1CC[C@H](OC(=O)Nc2ccc(I)cc2)C1,CHEMBL172057,=,=,180.0,0.18,180.0,6.7447274948966935
COc1ccc(NC(=O)O[C@@H]2CC[C@H]([C@H](N)C(=O)N3CCCC3)C2)cc1,CHEMBL353590,=,=,1100.0,1.1,1100.0,5.958607314841775
N[C@H](C(=O)N1CCCC1)[C@@H]1CC[C@@H](NC(=O)Nc2cccc3ccccc23)C1,CHEMBL355479,=,=,94.0,0.094,94.0,7.026872146400302
CS(=O)(=O)NCCS(=O)(=O)N[C@H]1CC[C@H]([C@H](N)C(=O)N2CCCC2)C1,CHEMBL352548,=,=,95.0,0.095,95.0,7.022276394711152
N[C@H](C(=O)N1CC[C@H](F)C1)[C@H]1CC[C@H](NS(=O)(=O)c2ccc(F)cc2F)CC1,CHEMBL22310,=,=,48.0,48.0,48.0,7.318758762624412
N[C@H](C(=O)N1C[C@H](F)[C@@H](F)C1)[C@H]1CC[C@H](NC(=O)OCc2ccccc2)CC1,CHEMBL22545,=,=,830.0,830.0,830.0,6.080921907623926
N[C@H](C(=O)N1CCSC1)C1CCCCC1,CHEMBL23223,=,=,89.0,89.0,89.0,7.050609993355087
N[C@H](C(=O)N1CCSC1)[C@H]1CC[C@H](NC(=O)c2ccc(F)c(F)c2)CC1,CHEMBL22359,=,=,53.0,53.0,53.0,7.275724130399211
N[C@H](C(=O)N1C[C@@H](F)[C@H](F)C1)[C@H]1CC[C@H](NS(=O)(=O)c2ccc(OC(F)(F)F)cc2)CC1,CHEMBL23051,=,=,270.0,270.0,270.0,6.568636235841012
N[C@H](C(=O)N1CCCC1)[C@H]1CC[C@H](NS(=O)(=O)c2ccc(F)cc2F)CC1,CHEMBL25437,=,=,88.0,88.0,88.0,7.055517327849831
N[C@H](C(=O)N1CC[C@H](F)C1)[C@H]1CC[C@H](NC(=O)c2ccccc2C(F)(F)F)CC1,CHEMBL23880,=,=,210.0,210.0,210.0,6.6777807052660805
N[C@H](C(=O)N1C[C@@H](F)[C@H](F)C1)[C@H]1CC[C@H](NC(=O)OCc2ccccc2)CC1,CHEMBL416008,=,=,360.0,360.0,360.0,6.443697499232712
N[C@H](C(=O)N1CC[C@@H](F)C1)[C@H]1CC[C@H](NS(=O)(=O)c2ccc(OC(F)(F)F)cc2)CC1,CHEMBL281561,=,=,75.0,75.0,75.0,7.1249387366083
N[C@H](C(=O)N1CC[C@@H](F)C1)[C@H]1CC[C@H](NS(=O)(=O)c2ccc(F)cc2F)CC1,CHEMBL283309,=,=,58.0,58.0,58.0,7.236572006437063
N[C@H](C(=O)N1CCC(F)(F)C1)C1CCCCC1,CHEMBL280658,=,=,73.0,73.0,73.0,7.136677139879544
N[C@H](C(=O)N1CCCC1)[C@H]1CC[C@H](NC(=O)c2ccc(F)c(F)c2)CC1,CHEMBL278558,=,=,190.0,190.0,190.0,6.721246399047171
N[C@H](C(=O)N1CCSC1)[C@H]1CC[C@H](NC(=O)c2ccccc2C(F)(F)F)CC1,CHEMBL283368,=,=,67.0,67.0,67.0,7.173925197299173
N[C@H](C(=O)N1CCSC1)[C@H]1CC[C@H](NC(=O)OCc2ccccc2)CC1,CHEMBL23176,=,=,25.0,25.0,25.0,7.6020599913279625
N[C@H](C(=O)N1CC[C@@H](F)C1)[C@H]1CC[C@H](NC(=O)OCc2ccccc2)CC1,CHEMBL277693,=,=,88.0,88.0,88.0,7.055517327849831
N[C@H](C(=O)N1CC[C@H](F)C1)[C@H]1CC[C@H](NS(=O)(=O)c2ccc(OC(F)(F)F)cc2)CC1,CHEMBL281178,=,=,35.0,35.0,35.0,7.455931955649724
N[C@H](C(=O)N1CCC(F)(F)C1)[C@H]1CC[C@H](NC(=O)c2ccc(F)c(F)c2)CC1,CHEMBL23110,=,=,55.0,55.0,55.0,7.259637310505756
N[C@H](C(=O)N1CC[C@@H](F)C1)[C@H]1CC[C@H](NC(=O)c2ccccc2C(F)(F)F)CC1,CHEMBL23879,=,=,250.0,250.0,250.0,6.6020599913279625
N[C@H](C(=O)N1C[C@@H](F)[C@H](F)C1)[C@H]1CC[C@H](NS(=O)(=O)c2ccc(F)cc2F)CC1,CHEMBL277193,=,=,250.0,250.0,250.0,6.6020599913279625
N[C@H](C(=O)N1CCCC1)[C@H]1CC[C@H](NS(=O)(=O)c2ccc(OC(F)(F)F)cc2)CC1,CHEMBL23979,=,=,89.0,89.0,89.0,7.050609993355087
N[C@H](C(=O)N1CC[C@@H](F)C1)C1CCCCC1,CHEMBL23981,=,=,340.0,340.0,340.0,6.468521082957745
N[C@H](C(=O)N1CCC(F)(F)C1)[C@H]1CC[C@H](NC(=O)OCc2ccccc2)CC1,CHEMBL279944,=,=,27.0,27.0,27.0,7.568636235841012
N[C@H](C(=O)N1C[C@H](F)[C@@H](F)C1)[C@H]1CC[C@H](NS(=O)(=O)c2ccc(OC(F)(F)F)cc2)CC1,CHEMBL431885,=,=,870.0,870.0,870.0,6.060480747381382
N[C@H](C(=O)N1CC[C@H](F)C1)[C@H]1CC[C@H](NC(=O)c2ccc(F)c(F)c2)CC1,CHEMBL23660,=,=,54.0,54.0,54.0,7.267606240177031
N[C@H](C(=O)N1CCCC1)[C@H]1CC[C@H](NC(=O)OCc2ccccc2)CC1,CHEMBL22679,=,=,94.0,94.0,94.0,7.026872146400302
N[C@H](C(=O)N1CC[C@@H](F)C1)[C@H]1CC[C@H](NC(=O)c2ccc(F)c(F)c2)CC1,CHEMBL23924,=,=,110.0,110.0,110.0,6.958607314841775
N[C@H](C(=O)N1CCC(F)(F)C1)[C@H]1CC[C@H](NS(=O)(=O)c2ccc(OC(F)(F)F)cc2)CC1,CHEMBL423108,=,=,23.0,23.0,23.0,7.638272163982407
N[C@H](C(=O)N1CCCC1)C1CCCCC1,CHEMBL278393,=,=,320.0,320.0,320.0,6.494850021680094
N[C@H](C(=O)N1CCC(F)(F)C1)[C@H]1CC[C@H](NC(=O)c2ccccc2C(F)(F)F)CC1,CHEMBL277635,=,=,70.0,70.0,70.0,7.154901959985743
N[C@H](C(=O)N1CCC(F)(F)C1)[C@H]1CC[C@H](NS(=O)(=O)c2ccc(F)cc2F)CC1,CHEMBL22294,=,=,21.0,21.0,21.0,7.6777807052660805
N[C@H](C(=O)N1CC[C@H](F)C1)[C@H]1CC[C@H](NC(=O)OCc2ccccc2)CC1,CHEMBL23891,=,=,56.0,56.0,56.0,7.251811972993799
N[C@H](C(=O)N1CC[C@H](F)C1)C1CCCCC1,CHEMBL22511,=,=,170.0,170.0,170.0,6.769551078621726
N[C@H](C(=O)N1CCSC1)[C@H]1CC[C@H](NS(=O)(=O)c2ccc(OC(F)(F)F)cc2)CC1,CHEMBL25211,=,=,22.0,22.0,22.0,7.657577319177793
NCc1c(N)nc(-c2ccccc2)nc1-c1ccccc1,CHEMBL289562,=,=,42000.0,42.0,42000.0,4.376750709602099
CCC(C)C(N)C(=O)N1CCSC1,CHEMBL357606,=,=,1700.0,1.7,1700.0,5.769551078621726
COc1ccccc1-c1nc(-c2ccccc2)nc(N)c1CN,CHEMBL37229,=,=,1500.0,1.5,1500.0,5.823908740944319
CCC(C)C(N)C(=O)N1CCCCC1,CHEMBL93507,=,=,67000.0,67.0,67000.0,4.173925197299174
NCc1c(N)nc(-c2ccccc2F)nc1-c1ccc(Cl)cc1Cl,CHEMBL37536,=,=,47.0,0.047,47.0,7.327902142064282
NC(Cc1c[nH]cn1)C(=O)N1CCCC1,CHEMBL317944,=,=,23100.0,23.1,23100.0,4.636388020107856
CCCCC(N)C(=O)N1CCCCC1,CHEMBL147314,=,=,250000.0,250.0,250000.0,3.6020599913279625
NCc1c(N)nc(-c2cccc(C(F)(F)F)c2)nc1-c1ccc(Cl)cc1Cl,CHEMBL37654,=,=,130.0,0.13,130.0,6.886056647693163
CCC(C)C(N)C(=O)N1CCC(F)C1,CHEMBL148261,=,=,3500.0,3.5,3500.0,5.455931955649724
NCc1c(N)nc(-c2ccc(C(F)(F)F)cc2)nc1-c1ccc(Cl)cc1Cl,CHEMBL34764,=,=,180.0,0.18,180.0,6.7447274948966935
NCCCCC(N)C(=O)N1CCCC1,CHEMBL328694,=,=,39000.0,39.0,39000.0,4.4089353929735005
NCCCCC(N)C(=O)N1CCSC1,CHEMBL148955,=,=,318000.0,318.0,318000.0,3.497572880015567
Cc1cccc(-c2nc(-c3ccccc3)nc(N)c2CN)c1,CHEMBL287534,=,=,20000.0,20.0,20000.0,4.698970004336019
CCC(C)C(N)C(=O)N1CCC(N=[N+]=[N-])C1,CHEMBL358358,=,=,107000.0,107.0,107000.0,3.9706162223147903
NCc1c(N)nc(-c2ccccc2)nc1-c1ccc(Cl)cc1,CHEMBL34603,=,=,1400.0,1.4,1400.0,5.853871964321762
C[C@H](N)C(=O)N1CCCC1,CHEMBL443622,=,=,41000.0,41.0,41000.0,4.3872161432802645
NCc1c(N)nc(-c2ccccc2)nc1-c1ccccc1Cl,CHEMBL36333,=,=,2500.0,2.5,2500.0,5.6020599913279625
NCc1c(N)nc(-c2ccccc2)nc1-c1cccc(F)c1,CHEMBL35451,=,=,40000.0,40.0,40000.0,4.3979400086720375
NC(Cc1ccccc1)C(=O)N1CCCC1,CHEMBL93931,=,=,21000.0,21.0,21000.0,4.6777807052660805
NCc1c(N)nc(-c2ccccc2)nc1-c1cccc(C(F)(F)F)c1,CHEMBL289399,=,=,170000.0,170.0,170000.0,3.769551078621726
NC(CO)C(=O)N1CCCCC1,CHEMBL146995,=,=,67000.0,67.0,67000.0,4.173925197299174
Cc1ccc(-c2nc(-c3ccccc3)nc(N)c2CN)cc1,CHEMBL38165,=,=,1000.0,1.0,1000.0,6.0
NCc1c(N)nc(-c2ccccc2)nc1-c1ccccc1C(F)(F)F,CHEMBL288171,=,=,14000.0,14.0,14000.0,4.853871964321762
N#C[C@@H]1CCCCN1C(=O)C(N)CCN,CHEMBL146877,=,=,151000.0,151.0,151000.0,3.8210230527068303
NCc1c(N)nc(-c2ccc(F)cc2)nc1-c1ccc(Cl)cc1Cl,CHEMBL34842,=,=,0.2,0.0002,0.2,9.698970004336019
CC[C@H](C)[C@H](N)C(=O)N1CCCC1,CHEMBL503274,=,=,4000.0,4.0,4000.0,5.3979400086720375
NCCCCC(N)C(=O)N1CCSC1,CHEMBL148955,=,=,318000.0,318.0,318000.0,3.497572880015567
CCC(C)C(N)C(=O)N(C)CC,CHEMBL434886,=,=,167000.0,167.0,167000.0,3.7772835288524167
C[C@H](N)C(=O)N1CCC[C@H]1C#N,CHEMBL319514,=,=,200.0,0.2,200.0,6.698970004336019
N[C@@H](CC(=O)O)C(=O)N1CCCC1,CHEMBL499101,=,=,122000.0,122.0,122000.0,3.9136401693252516
COc1ccc(-c2nc(N)c(CN)c(-c3ccc(Cl)cc3Cl)n2)cc1,CHEMBL37289,=,=,100.0,0.1,100.0,7.0
NC(Cc1c[nH]cn1)C(=O)N1CCCCC1,CHEMBL97180,=,=,213000.0,213.0,213000.0,3.671620396561262
COc1cc(OC)cc(-c2nc(N)c(CN)c(-c3ccc(Cl)cc3Cl)n2)c1,CHEMBL34062,=,=,0.1,0.0001,0.1,10.0
NCc1c(N)nc(-c2ccccc2)nc1-c1ccc2c(c1)OCO2,CHEMBL37980,=,=,10000.0,10.0,10000.0,5.0
C[S+](C)Cc1ccc2cc1C(=O)NCC(=O)NCC(=O)NCCCC[C@H](N)C(=O)N1CCC[C@H]1C(=O)N2.O=C(O)C(F)(F)F.O=C([O-])C(F)(F)F,CHEMBL277390,=,=,12.0,0.012,12.0,7.920818753952375
C[S+](C)Cc1ccc2cc1C(=O)NCC(=O)NCC(=O)NCCCC[C@H](N)C(=O)N1CCC[C@H]1C(=O)N2.O=C(O)C(F)(F)F.O=C([O-])C(F)(F)F,CHEMBL277390,=,=,1000.0,1.0,1000.0,6.0
NCc1c(N)nc(-c2ccc(Cl)cc2)nc1-c1ccc(Cl)cc1Cl,CHEMBL37687,=,=,53.0,0.053,53.0,7.275724130399211
NCc1c(N)nc(-c2ccc(F)c(F)c2)nc1-c1ccc(Cl)cc1Cl,CHEMBL37960,=,=,3.0,0.003,3.0,8.522878745280337
N#C[C@@H]1CCCN1C(=O)[C@@H](N)CCCCN,CHEMBL461912,=,=,320.0,0.32,320.0,6.494850021680094
NCc1c(N)nc(-c2ccccc2)nc1-c1cccc(Cl)c1,CHEMBL416787,=,=,31000.0,31.0,31000.0,4.508638306165727
O=C([C@@H]1CCCN1)N1CCCC1,CHEMBL403882,=,=,15000.0,15.0,15000.0,4.823908740944319
CCCCCCCC[S+](CCCCCCCC)Cc1ccc2cc1C(=O)NCC(=O)NCC(=O)NCCCC[C@H](N)C(=O)N1CCC[C@H]1C(=O)N2.O=C(O)C(F)(F)F.O=C([O-])C(F)(F)F,CHEMBL67680,=,=,30.0,0.03,30.0,7.522878745280337
CCCCCCCC[S+](CCCCCCCC)Cc1ccc2cc1C(=O)NCC(=O)NCC(=O)NCCCC[C@H](N)C(=O)N1CCC[C@H]1C(=O)N2.O=C(O)C(F)(F)F.O=C([O-])C(F)(F)F,CHEMBL67680,=,=,630.0,0.63,630.0,6.200659450546418
NCc1c(N)nc(-c2cccc(F)c2)nc1-c1ccc(Cl)cc1Cl,CHEMBL36666,=,=,0.2,0.0002,0.2,9.698970004336019
CC(C)[C@H](N)C(=O)N1CCCC1,CHEMBL383705,=,=,4000.0,4.0,4000.0,5.3979400086720375
CCC(C)C(N)C(=O)N1CCCCCC1,CHEMBL148127,=,=,374000.0,374.0,374000.0,3.42712839779952
NCCC(N)C(=O)N1CCSC1,CHEMBL356207,=,=,289000.0,289.0,289000.0,3.539102157243452
NC(C(=O)N1CCCCC1)C1CCCCC1,CHEMBL148025,=,=,217000.0,217.0,217000.0,3.663540266151471
NCc1c(N)nc(-c2ccccc2)nc1-c1ccccc1F,CHEMBL287847,=,=,14000.0,14.0,14000.0,4.853871964321762
NCc1c(N)nc(-c2cccc(Cl)c2)nc1-c1ccc(Cl)cc1Cl,CHEMBL37655,=,=,240.0,0.24,240.0,6.619788758288394
NC(Cc1ccc(O)cc1)C(=O)N1CCCC1,CHEMBL317126,=,=,14000.0,14.0,14000.0,4.853871964321762
CCC(C)C(N)C(=O)N1CCC1,CHEMBL346877,=,=,50400.0,50.4,50400.0,4.297569463554475
NCCC(N)C(=O)N1CCCCC1,CHEMBL147923,=,=,500000.0,500.0,500000.0,3.3010299956639813
CCCC(N)C(=O)N1CCCCC1,CHEMBL146190,=,=,229000.0,229.0,229000.0,3.6401645176601116
COc1cccc(-c2nc(N)c(CN)c(-c3ccc(Cl)cc3Cl)n2)c1,CHEMBL37748,=,=,340.0,0.34,340.0,6.468521082957745
CCC(C)C(N)C(=O)N(C)C,CHEMBL148002,=,=,360000.0,360.0,360000.0,3.443697499232713
N#CC1CCCCN1C(=O)C(N)CCCCN,CHEMBL145813,=,=,51000.0,51.0,51000.0,4.292429823902063
CC(=O)OCc1ccc2cc1C(=O)NCC(=O)NCC(=O)NCCCC[C@H](N)C(=O)N1CCC[C@H]1C(=O)N2.O=C(O)C(F)(F)F,CHEMBL1160335,=,=,1500.0,1.5,1500.0,5.823908740944319
CC(=O)OCc1ccc2cc1C(=O)NCC(=O)NCC(=O)NCCCC[C@H](N)C(=O)N1CCC[C@H]1C(=O)N2.O=C(O)C(F)(F)F,CHEMBL1160335,=,=,3500.0,3.5,3500.0,5.455931955649724
N[C@H]1CCCCNC(=O)CNC(=O)CNC(=O)c2cc(ccc2COc2ccccc2)NC(=O)[C@@H]2CCCN2C1=O,CHEMBL305759,=,=,10000.0,10.0,10000.0,5.0
N[C@H]1CCCCNC(=O)CNC(=O)CNC(=O)c2cc(ccc2COc2ccccc2)NC(=O)[C@@H]2CCCN2C1=O,CHEMBL305759,=,=,25000.0,25.0,25000.0,4.6020599913279625
COc1ccc(-c2nc(-c3ccccc3)nc(N)c2CN)cc1,CHEMBL36282,=,=,47000.0,47.0,47000.0,4.327902142064283
NCc1c(N)nc(-c2ccccc2)nc1-c1ccc(C(F)(F)F)cc1,CHEMBL35000,=,=,1100.0,1.1,1100.0,5.958607314841775
CCCN(C)C(=O)C(N)C(C)CC,CHEMBL343650,=,=,377000.0,377.0,377000.0,3.4236586497942074
NC(=O)CC(N)C(=O)N1CCCC1,CHEMBL328795,=,=,188000.0,188.0,188000.0,3.7258421507363204
Cc1ccccc1-c1nc(N)c(CN)c(-c2ccc(Cl)cc2Cl)n1,CHEMBL37645,=,=,1750.0,1.75,1750.0,5.756961951313706
Cc1cccc(-c2nc(N)c(CN)c(-c3ccc(Cl)cc3Cl)n2)c1,CHEMBL35116,=,=,0.9,0.0009,0.9,9.045757490560675
C[S+](C)Cc1ccc2cc1C(=O)NCC(=O)NCC(=O)NCC(=O)NCC(=O)NCCCC[C@H](N)C(=O)N1CCC[C@H]1C(=O)N2.O=C(O)C(F)(F)F.O=C([O-])C(F)(F)F,CHEMBL302602,=,=,3.0,0.003,3.0,8.522878745280337
C[S+](C)Cc1ccc2cc1C(=O)NCC(=O)NCC(=O)NCC(=O)NCC(=O)NCCCC[C@H](N)C(=O)N1CCC[C@H]1C(=O)N2.O=C(O)C(F)(F)F.O=C([O-])C(F)(F)F,CHEMBL302602,=,=,610.0,0.61,610.0,6.214670164989233
COc1cccc(-c2nc(-c3ccccc3)nc(N)c2CN)c1,CHEMBL290620,=,=,80000.0,80.0,80000.0,4.096910013008056
CCC(N)C(=O)N1CCCCC1,CHEMBL148285,=,=,250000.0,250.0,250000.0,3.6020599913279625
COc1ccccc1-c1nc(N)c(CN)c(-c2ccc(Cl)cc2Cl)n1,CHEMBL34779,=,=,350.0,0.35,350.0,6.455931955649724
NCCCCC(N)C(=O)N1CCC1,CHEMBL348246,=,=,500000.0,500.0,500000.0,3.3010299956639813
Cc1ccc(-c2nc(N)c(CN)c(-c3ccc(Cl)cc3Cl)n2)cc1,CHEMBL34972,=,=,90.0,0.09,90.0,7.045757490560675
CCC(C)C(N)C(=O)N1CCC(O)C1,CHEMBL147691,=,=,93000.0,93.0,93000.0,4.031517051446065
NCCCCC(N)C(=O)N1CCC(O)C1,CHEMBL144027,=,=,500000.0,500.0,500000.0,3.3010299956639813
N[C@H](C(=O)N1CCCC1)C1CCCCC1,CHEMBL278393,=,=,17000.0,17.0,17000.0,4.769551078621726
NCc1c(N)nc(-c2ccccc2)nc1-c1ccc(Cl)cc1Cl,CHEMBL36020,=,=,10.0,0.01,10.0,8.0
NC(CO)C(=O)N1CCCC1,CHEMBL97064,=,=,190000.0,190.0,190000.0,3.721246399047171
NCCCC[C@H](N)C(=O)N1CCCCC1,CHEMBL461506,=,=,247000.0,247.0,247000.0,3.607303046740334
Cc1ccccc1-c1nc(-c2ccccc2)nc(N)c1CN,CHEMBL35016,=,=,1500.0,1.5,1500.0,5.823908740944319
CCC(C)C(N)C(=O)N1CC=CCC1,CHEMBL444537,=,=,52000.0,52.0,52000.0,4.2839966563652006
NC(N)=NCCCC(N)C(=O)N1CCCCC1,CHEMBL145862,=,=,18100.0,18.1,18100.0,4.7423214251308154
NCCCC(N)C(=O)N1CCSC1,CHEMBL148954,=,=,81000.0,81.0,81000.0,4.0915149811213505
CCCC[S+](CCCC)Cc1ccc2cc1C(=O)NCC(=O)NCC(=O)NCCCC[C@H](N)C(=O)N1CCC[C@H]1C(=O)N2.O=C(O)C(F)(F)F.O=C([O-])C(F)(F)F,CHEMBL67679,=,=,20.0,0.02,20.0,7.698970004336019
CCCC[S+](CCCC)Cc1ccc2cc1C(=O)NCC(=O)NCC(=O)NCCCC[C@H](N)C(=O)N1CCC[C@H]1C(=O)N2.O=C(O)C(F)(F)F.O=C([O-])C(F)(F)F,CHEMBL67679,=,=,570.0,0.57,570.0,6.2441251443275085
NCc1c(N)nc(-c2ccccc2)nc1-c1ccc(F)cc1,CHEMBL286301,=,=,18000.0,18.0,18000.0,4.7447274948966935
NCCCC[C@H](N)C(=O)N1CCCCC1,CHEMBL461506,=,=,134900.0,134.9,134900.0,3.8699880503280957
N#C[C@@H]1CCCN1C(=O)CNCCNc1ncccn1,CHEMBL329909,=,=,163.0,163.0,163.0,6.787812395596042
O=C(CNC12C[C@H]3C[C@@H](C1)C[C@@H](C2)C3)N1CCC1,CHEMBL96229,=,=,24200.0,24200.0,24200.0,4.616184634019569
CC(=O)O[C@@]12C[C@@H]3C[C@@H](C[C@](NCC(=O)N4CCC[C@H]4C#N)(C3)C1)C2,CHEMBL3084822,=,=,70.0,70.0,70.0,7.154901959985743
N#C[C@@H]1CCCN1C(=O)CNCC12C[C@H]3C[C@@H](C1)C[C@@H](C2)C3,CHEMBL316832,=,=,598.0,598.0,598.0,6.223298816011589
N#C[C@@H]1CCCN1C(=O)CNCCNc1ccccc1,CHEMBL94597,=,=,298.0,298.0,298.0,6.525783735923745
CCNCC(=O)N1CCC[C@H]1C#N,CHEMBL330670,=,=,444.0,444.0,444.0,6.35261702988538
CCCCCCCNCC(=O)N1CCC[C@H]1C#N,CHEMBL94147,=,=,291.0,291.0,291.0,6.536107011014092
CCC(C)(C)NCC(=O)N1CCC[C@H]1C#N,CHEMBL94908,=,=,105.0,105.0,105.0,6.978810700930062
N#C[C@@H]1CCCN1C(=O)CNCCC(c1ccccc1)c1ccccc1,CHEMBL327264,=,=,377.0,377.0,377.0,6.423658649794207
N#C[C@H]1CCCN1C(=O)CCNCCNc1ccc([N+](=O)[O-])cn1,CHEMBL94046,=,=,18700.0,18700.0,18700.0,4.728158393463501
N#C[C@@H]1CCCN1C(=O)CNC1CCCCCCCCCCC1,CHEMBL93847,=,=,338.0,338.0,338.0,6.471083299722345
CC(N)(CO)C(O)NCC(=O)N1CCC[C@H]1C#N,CHEMBL96607,=,=,372.0,372.0,372.0,6.429457060118103
N#C[C@@H]1CCCN1C(=O)CNCCc1ccccc1,CHEMBL96942,=,=,305.0,305.0,305.0,6.515700160653214
N#C[C@@H]1CCCN1C(=O)CN[C@H]1CC[C@H](Nc2ccc(C(F)(F)F)cn2)CC1,CHEMBL3084816,=,=,7.0,7.0,7.0,8.154901959985743
O=C(CNC12C[C@H]3C[C@@H](C1)C[C@@H](C2)C3)N1CCc2ccccc2C1,CHEMBL328613,=,=,26100.0,26100.0,26100.0,4.583359492661719
CN[C@H](C(=O)N1CCC[C@H]1C#N)C(C)C,CHEMBL313423,=,=,9610.0,9610.0,9610.0,5.017276612331455
C[C@]12C[C@@H]3C[C@](C)(C1)C[C@](NCC(=O)N1CCC[C@H]1C#N)(C3)C2,CHEMBL3084814,=,=,17.0,17.0,17.0,7.769551078621726
CC(C)NCC(=O)N1CCC[C@H]1C#N,CHEMBL96748,=,=,192.0,192.0,192.0,6.71669877129645
CCCCCNCC(=O)N1CCC[C@H]1C#N,CHEMBL96160,=,=,266.0,266.0,266.0,6.575118363368933
N#C[C@@H]1CCCN1C(=O)CNCCCCCO,CHEMBL96299,=,=,346.0,346.0,346.0,6.460923901207224
N#C[C@@H]1CCCN1C(=O)CNC1Cc2ccccc2C1,CHEMBL328994,=,=,133.0,133.0,133.0,6.876148359032914
N#C[C@@H]1CCCN1C(=O)CNCCNc1ccc(Cl)cn1,CHEMBL93354,=,=,36.0,36.0,36.0,7.443697499232712
CC1(C)C2CC(CNCC(=O)N3CCC[C@H]3C#N)CC1C2,CHEMBL96071,=,=,242.0,242.0,242.0,6.616184634019569
N#C[C@@H]1CCCN1C(=O)CNC1CCN(c2nc3ccccc3s2)CC1,CHEMBL328794,=,=,228.0,228.0,228.0,6.642065152999546
N#Cc1ccc(NCCNCC(=O)N2CCC[C@H]2C(N)=O)nc1,CHEMBL96395,=,=,434000.0,434000.0,434000.0,3.3625102704874896
N#C[C@@H]1CCCN1C(=O)CNC1CC2CCC1C2,CHEMBL330373,=,=,15.0,15.0,15.0,7.823908740944319
O=C(CNC12C[C@H]3C[C@@H](C1)C[C@@H](C2)C3)N1CCCCC1,CHEMBL318511,=,=,52600.0,52600.0,52600.0,4.279014255846261
N#C[C@@H]1CCCN1C(=O)CNCCOc1ccccc1,CHEMBL321509,=,=,635.0,635.0,635.0,6.197226274708024
CC(C)[C@H](N)C(=O)N1CCC[C@H]1C#N,CHEMBL96666,=,=,2.0,2.0,2.0,8.698970004336019
N#C[C@@H]1CCCN1C(=O)CNC1(CO)CCCC1,CHEMBL95088,=,=,26.0,26.0,26.0,7.585026652029182
N#C[C@@H]1CCCN1C(=O)CN[C@H]1CC[C@H](Nc2nc3ccccc3s2)CC1,CHEMBL3084820,=,=,10.0,10.0,10.0,8.0
O=C(O)[C@@H]1CCCN1C(=O)CN[C@]12C[C@@H]3C[C@@H](C[C@@](O)(C3)C1)C2,CHEMBL3084826,=,=,477000.0,477000.0,477000.0,3.3214816209598856
N#C[C@@H]1CCCN1C(=O)CNCCNc1ncccc1C(F)(F)F,CHEMBL329282,=,=,989.0,989.0,989.0,6.004803708402821
CC(C)C(NCC(=O)N1CCC[C@H]1C#N)C(C)C,CHEMBL96891,=,=,109000.0,109000.0,109000.0,3.962573502059376
N#C[C@@H]1CCCN1C(=O)CNC1CCN(C(=O)C2CCCCC2)CC1,CHEMBL319798,=,=,23.0,23.0,23.0,7.638272163982407
N#C[C@@H]1CCCN1C(=O)CNC1[C@H]2C[C@@H]3C[C@@H](C[C@H]1C3)C2,CHEMBL96892,=,=,13.0,13.0,13.0,7.886056647693163
N#C[C@@H]1CCCN1C(=O)[C@@H](N)C1CCCCC1,CHEMBL307636,=,=,2.0,2.0,2.0,8.698970004336019
N#C[C@@H]1CCCN1C(=O)[C@@H](N)C1CCCCC1,CHEMBL307636,=,=,3.15,3.15,3.15,8.5016894462104
N#C[C@@H]1CCCN1C(=O)CNC1(CO)CCCCC1,CHEMBL92028,=,=,104.0,104.0,104.0,6.982966660701219
N#C[C@@H]1CCCN1C(=O)CNCc1ccccc1,CHEMBL96453,=,=,988.0,988.0,988.0,6.005243055412372
N#C[C@@H]1CCCN1C(=O)CN[C@H]1CC[C@H](NC(=O)C2CCCCC2)CC1,CHEMBL3084819,=,=,18.0,18.0,18.0,7.7447274948966935
N#C[C@@H]1CCCN1C(=O)[C@@H](NC1CCCCC1)C1CCCCC1,CHEMBL330623,=,=,18600.0,18600.0,18600.0,4.730487055782084
N#C[C@@H]1CCCN1C(=O)CNC1CCCCCCC1,CHEMBL96593,=,=,53.0,53.0,53.0,7.275724130399211
CCCCCCNCC(=O)N1CCC[C@H]1C#N,CHEMBL96491,=,=,282.0,282.0,282.0,6.549750891680639
N#C[C@@H]1CCCN1C(=O)CN[C@H]1CC[C@H](Oc2ccc(Cl)cc2)CC1,CHEMBL3084821,=,=,14.0,14.0,14.0,7.853871964321762
CCC(CO)NCC(=O)N1CCC[C@H]1C#N,CHEMBL92710,=,=,256.0,256.0,256.0,6.59176003468815
N#C[C@@H]1CCCN1C(=O)CN[C@]12C[C@H]3C[C@@H](C1)C[C@](OC(=O)NC1CCCCC1)(C3)C2,CHEMBL3084817,=,=,64.0,64.0,64.0,7.1938200260161125
N#C[C@@H]1CCCN1C(=O)CNC1CCC1,CHEMBL94312,=,=,80.0,80.0,80.0,7.096910013008056
N#C[C@@H]1CCCN1C(=O)CNC12C[C@H]3C[C@@H](C1)C[C@@H](C2)C3,CHEMBL319080,=,=,3.0,3.0,3.0,8.522878745280337
COc1ccc(NC(=O)O[C@@]23C[C@@H]4C[C@@H](C[C@](NCC(=O)N5CCC[C@H]5C#N)(C4)C2)C3)cc1,CHEMBL3084824,=,=,149.0,149.0,149.0,6.826813731587726
CC(C)N(C(=O)O[C@@]12C[C@@H]3C[C@@H](C[C@](NCC(=O)N4CCC[C@H]4C#N)(C3)C1)C2)C(C)C,CHEMBL3084818,=,=,183.0,183.0,183.0,6.73754891026957
N#C[C@@H]1CCCN1C(=O)CNC1CCN(c2ccc(C(F)(F)F)cn2)CC1,CHEMBL330426,=,=,296.0,296.0,296.0,6.528708288941061
N#C[C@@H]1CCCN1C(=O)CNCCCc1ccccc1,CHEMBL96890,=,=,491.0,491.0,491.0,6.308918507877031
N#C[C@@H]1CCCN1C(=O)CNC1CCCCCC1,CHEMBL323130,=,=,63.0,63.0,63.0,7.200659450546418
N#C[C@@H]1CCCN1C(=O)CN[C@]12C[C@@H]3C[C@@H](C[C@@](O)(C3)C1)C2,CHEMBL3084811,=,=,3.5,3.5,3.5,8.455931955649724
N#C[C@@H]1CCCN1C(=O)CN[C@]12C[C@@H]3C[C@@H](C[C@@](O)(C3)C1)C2,CHEMBL3084811,=,=,2.7,2.7,2.7,8.568636235841012
O=C(CNC12C[C@H]3C[C@@H](C1)C[C@@H](C2)C3)N1CCCC1,CHEMBL93034,=,=,7000.0,7000.0,7000.0,5.154901959985743
CCC(CC)NCC(=O)N1CCC[C@H]1C#N,CHEMBL330326,=,=,398.0,398.0,398.0,6.400116927926312
CC(C)(Cc1ccccc1)NCC(=O)N1CCC[C@H]1C#N,CHEMBL96908,=,=,24.0,24.0,24.0,7.619788758288394
CC(C)(CNc1ccc(C#N)cn1)NCC(=O)N1CCC[C@H]1C#N,CHEMBL327166,=,=,29.0,29.0,29.0,7.537602002101044
N#Cc1ccc(NCCNCC(=O)N2CCC[C@H]2C#N)nc1,CHEMBL77538,=,=,22.0,22.0,22.0,7.657577319177793
N#Cc1ccc(NCCNCC(=O)N2CCC[C@H]2C#N)nc1,CHEMBL77538,=,=,7.0,7.0,7.0,8.154901959985743
CC1C(NCC(=O)N2CCC[C@H]2C#N)CC2CC1C2(C)C,CHEMBL96459,=,=,16.0,16.0,16.0,7.795880017344075
N#C[C@@H]1CCCN1C(=O)CNCCNc1ccc(C(F)(F)F)cn1,CHEMBL330717,=,=,83.0,83.0,83.0,7.080921907623926
N#C[C@@H]1CCCN1C(=O)CNC1CCCCC1,CHEMBL431425,=,=,64.0,64.0,64.0,7.1938200260161125
N#C[C@@H]1CCCN1C(=O)CNC1CC1,CHEMBL96080,=,=,612.0,612.0,612.0,6.213248577854438
CCCCNCC(=O)N1CCC[C@H]1C#N,CHEMBL317787,=,=,261.0,261.0,261.0,6.583359492661719
CC(C)(C)CCNCC(=O)N1CCC[C@H]1C#N,CHEMBL94647,=,=,466.0,466.0,466.0,6.33161408331
CC(C)(N)C(O)NCC(=O)N1CCC[C@H]1C#N,CHEMBL323129,=,=,218.0,218.0,218.0,6.661543506395395
N#Cc1ccc(NCCNCC(=O)N2CCC[C@@H]2C#N)nc1,CHEMBL322903,=,=,1170.0,1170.0,1170.0,5.931814138253838
N#C[C@@H]1CCCN1C(=O)CNCCNc1ccc([N+](=O)[O-])cn1,CHEMBL77539,=,=,8.0,8.0,8.0,8.096910013008056
N#C[C@@H]1CCCN1C(=O)CNCCNc1ccc([N+](=O)[O-])cn1,CHEMBL77539,=,=,8.73,8.73,8.73,8.05898575629443
CN(CC(=O)N1CCC[C@H]1C#N)C1CCCCC1,CHEMBL318612,=,=,103000.0,103000.0,103000.0,3.987162775294828
N#C[C@@H]1CCCN1C(=O)CN[C@]12C[C@H]3C[C@@H](C1)C[C@](OC(=O)Nc1ccccc1)(C3)C2,CHEMBL3084823,=,=,62.0,62.0,62.0,7.207608310501746
N#Cc1ccc(N[C@H]2CC[C@H](NCC(=O)N3CCC[C@H]3C#N)CC2)nc1,CHEMBL3084815,=,=,5.0,5.0,5.0,8.301029995663981
NC(=O)[C@@H]1CCCN1C(=O)CN[C@]12C[C@@H]3C[C@@H](C[C@@](O)(C3)C1)C2,CHEMBL3084813,=,=,931000.0,931000.0,931000.0,3.0310503190186573
CC(C)(C)NC(=O)O[C@@]12C[C@@H]3C[C@@H](C[C@](NCC(=O)N4CCC[C@H]4C#N)(C3)C1)C2,CHEMBL3084825,=,=,22.0,22.0,22.0,7.657577319177793
N#C[C@@H]1CCCN1C(=O)CNCCNc1ccccn1,CHEMBL92711,=,=,33.0,33.0,33.0,7.481486060122112
O=C(CNCCNc1ccc([N+](=O)[O-])cn1)N1CCSC1,CHEMBL96183,=,=,3000.0,3000.0,3000.0,5.522878745280337
N#C[C@@H]1CCCN1C(=O)CNC1CCCC1,CHEMBL95089,=,=,54.0,54.0,54.0,7.267606240177031
CC(C)(C)CC(C)(C)NCC(=O)N1CCC[C@H]1C#N,CHEMBL94630,=,=,123.0,123.0,123.0,6.910094888560602
N#Cc1ccc(NCCCNCC(=O)N2CCC[C@H]2C#N)nc1,CHEMBL318775,=,=,102.0,102.0,102.0,6.991399828238082
N#Cc1ccc(NCCN2CC(=O)N3CCC[C@H]3C2=N)nc1,CHEMBL321724,=,=,1540.0,1540.0,1540.0,5.8124792791635365
N#C[C@@H]1CCCN1C(=O)CNCc1cccc2ccccc12,CHEMBL96577,=,=,436.0,436.0,436.0,6.360513510731414
O=C(CNCCNc1ccc([N+](=O)[O-])cn1)N1CCCC1,CHEMBL96814,=,=,7400.0,7400.0,7400.0,5.130768280269024
CCCNCC(=O)N1CCC[C@H]1C#N,CHEMBL320143,=,=,475.0,475.0,475.0,6.323306390375134
CC(C)(C)NCC(=O)N1CCC[C@H]1C#N,CHEMBL96937,=,=,35.0,35.0,35.0,7.455931955649724
CC(N)(CNCC(=O)N1CCC[C@H]1C#N)C(=O)O,CHEMBL329581,=,=,109000.0,109000.0,109000.0,3.962573502059376
CC[C@@]12C[C@H]3C[C@@H](C1)C[C@@](NCC(=O)N1CCC[C@H]1C#N)(C3)C2,CHEMBL3084812,=,=,7.0,7.0,7.0,8.154901959985743
N#Cc1cccc(CNCC[C@H](N)C(=O)N2CCCCC2)c1,CHEMBL330600,=,=,132000.0,132.0,132000.0,3.8794260687941504
CN(CC[C@H](N)C(=O)N1CCCCC1)Cc1ccc(Cl)cc1,CHEMBL98801,=,=,196000.0,196.0,196000.0,3.7077439286435236
N[C@@H](CCNc1ccccc1)C(=O)N1CCCCC1,CHEMBL98415,=,=,250000.0,250.0,250000.0,3.6020599913279625
CC(=O)NCC[C@H](N)C(=O)N1CCCCC1,CHEMBL440325,=,=,518000.0,518.0,518000.0,3.285670240254767
N[C@@H](CCNCc1cccs1)C(=O)N1CCCCC1,CHEMBL98423,=,=,278000.0,278.0,278000.0,3.555955204081924
N[C@@H](CCNCc1ccc2ccccc2c1)C(=O)N1CCCCC1,CHEMBL98860,=,=,179000.0,179.0,179000.0,3.7471469690201067
N[C@@H](CCNCc1ccc(Cl)cc1)C(=O)N1CCC(F)CC1,CHEMBL99506,=,=,70000.0,70.0,70000.0,4.154901959985743
N[C@@H](CCNCc1ccncc1)C(=O)N1CCCCC1,CHEMBL99111,=,=,125000.0,125.0,125000.0,3.9030899869919438
N#CC1CCCCN1C(=O)[C@@H](N)CCNCc1ccc(Cl)cc1,CHEMBL319350,=,=,13000.0,13.0,13000.0,4.886056647693163
N[C@@H](CCNCc1ccc(Cl)cc1)C(=O)N1CC=CCC1,CHEMBL100370,=,=,148000.0,148.0,148000.0,3.8297382846050425
COc1ccc(CNCC[C@H](N)C(=O)N2CCCCC2)cc1,CHEMBL99047,=,=,417000.0,417.0,417000.0,3.3798639450262424
N[C@@H](CCN(Cc1ccccc1)Cc1ccccc1)C(=O)N1CCCCC1,CHEMBL97970,=,=,266000.0,266.0,266000.0,3.575118363368933
N[C@@H](CCNC1CCNCC1)C(=O)N1CCCCC1,CHEMBL328197,=,=,64000.0,64.0,64000.0,4.1938200260161125
N#C[C@@H]1CCCCN1C(=O)[C@@H](N)CCN,CHEMBL320672,=,=,151000.0,151.0,151000.0,3.8210230527068303
N[C@@H](CCNc1ncccc1[N+](=O)[O-])C(=O)N1CCCCC1,CHEMBL316487,=,=,56000.0,56.0,56000.0,4.251811972993799
N#Cc1ccc(NCC[C@H](N)C(=O)N2CCCCC2)nc1,CHEMBL418788,=,=,205000.0,205.0,205000.0,3.688246138944246
N[C@@H](CCNCc1ccccc1)C(=O)N1CCCCC1,CHEMBL99263,=,=,247000.0,247.0,247000.0,3.607303046740334
N[C@@H](CCNCc1ccc(Cl)cc1)C(=O)N1CCCC(F)C1,CHEMBL98060,=,=,500000.0,500.0,500000.0,3.3010299956639813
N[C@@H](CCNCc1cccc2ccccc12)C(=O)N1CCCCC1,CHEMBL97884,=,=,301000.0,301.0,301000.0,3.521433504406157
N[C@@H](CCNCc1ccccc1Cl)C(=O)N1CCCCC1,CHEMBL98762,=,=,345000.0,345.0,345000.0,3.4621809049267256
N[C@@H](CCNCC1CCCCC1)C(=O)N1CCCCC1,CHEMBL97977,=,=,496000.0,496.0,496000.0,3.304518323509803
N[C@@H](CCNCc1ccc(OCc2ccccc2)cc1)C(=O)N1CCCCC1,CHEMBL99247,=,=,192000.0,192.0,192000.0,3.7166987712964508
N[C@@H](CCNCc1ccc(Cl)cc1)C(=O)N1CCCCC1,CHEMBL98869,=,=,165000.0,165.0,165000.0,3.7825160557860933
N#CC1CCCCN1C(=O)[C@@H](N)CCNCc1ccccc1,CHEMBL329314,=,=,68000.0,68.0,68000.0,4.167491087293763
N[C@@H](CCNC(=O)c1ccccc1)C(=O)N1CCCCC1,CHEMBL318670,=,=,418000.0,418.0,418000.0,3.3788237182249645
N[C@@H](CCNCCc1ccccc1)C(=O)N1CCCCC1,CHEMBL317312,=,=,188000.0,188.0,188000.0,3.7258421507363204
COc1cccc(CNCC[C@H](N)C(=O)N2CCCCC2)c1,CHEMBL327499,=,=,250000.0,250.0,250000.0,3.6020599913279625
NC(N)=NCC[C@H](N)C(=O)N1CCCCC1,CHEMBL101401,=,=,545000.0,545.0,545000.0,3.2636034977233574
N[C@@H](CCNCc1cccc(Cl)c1)C(=O)N1CCCCC1,CHEMBL317949,=,=,186000.0,186.0,186000.0,3.730487055782084
N[C@@H](Cc1c[nH]c2ccccc12)C(=O)N1Cc2ccccc2C[C@H]1C(=O)O,CHEMBL37260,=,=,5700.0,5.7,5700.0,5.2441251443275085
N[C@@H](Cc1c[nH]c2ccccc12)C(=O)N1Cc2ccccc2C[C@H]1C(=O)N[C@@H](CCC(=O)O)C(=O)O,CHEMBL290598,=,=,7000.0,7.0,7000.0,5.154901959985743
N[C@@H](Cc1c[nH]c2ccccc12)C(=O)N1Cc2ccccc2C[C@H]1C(=O)N[C@@H](CO)C(=O)O,CHEMBL432081,=,=,7900.0,7.9,7900.0,5.102372908709558
O=C(CNC1CCCCC1)N1CCCC1,CHEMBL177746,=,=,148000.0,148.0,148000.0,3.8297382846050425
O=C(CNCc1ccccc1)N1CCCC1,CHEMBL175260,=,=,1000000.0,1000.0,1000000.0,3.0
N#CC1CCC/C1=C(/F)CNC12CC3CC(CC(C3)C1)C2,CHEMBL177980,=,=,12000.0,12.0,12000.0,4.920818753952375
N#CC1CCC/C1=C(\F)CNC12CC3CC(CC(C3)C1)C2,CHEMBL180514,=,=,15000.0,15.0,15000.0,4.823908740944319
N#C[C@@H]1CCCC1C(=O)CNCCc1ccccc1,CHEMBL175034,=,=,2130.0,2.13,2130.0,5.671620396561263
N#C[C@@H]1CCCC1C(=O)CNC12CC3CC(CC(C3)C1)C2,CHEMBL179771,=,=,350.0,0.35,350.0,6.455931955649724
N#C[C@@H]1CCCC1C(=O)CNCc1ccc(F)cc1,CHEMBL179687,=,=,3700.0,3.7,3700.0,5.431798275933005
Cl.N[C@@H](CC(=O)N1CCn2cnnc2C1)Cc1ccc(F)c(F)c1,CHEMBL537625,=,=,455.0,455.0,455.0,6.341988603342887
CCc1nnc2n1CCN(C(=O)C[C@H](N)Cc1ccc(F)c(F)c1)C2.Cl,CHEMBL537844,=,=,231.0,231.0,231.0,6.636388020107855
Cl.N[C@@H](CC(=O)N1CCn2c(nnc2C(F)(F)F)C1)Cc1ccc(F)c(F)c1,CHEMBL558196,=,=,128.0,128.0,128.0,6.892790030352131
Cl.N[C@@H](CC(=O)N1CCn2c(nnc2C(F)(F)F)C1)Cc1cc(F)ccc1F,CHEMBL537400,=,=,27.0,27.0,27.0,7.568636235841012
Cl.N[C@@H](CC(=O)N1CCn2c(nnc2C(F)(F)F)C1)Cc1cc(F)c(F)cc1F,CHEMBL539077,=,=,18.0,18.0,18.0,7.7447274948966935
Cl.N[C@@H](CC(=O)N1CCn2cnnc2C1)Cc1cc(F)c(F)cc1F,CHEMBL557187,=,=,68.0,68.0,68.0,7.167491087293763
Cl.N[C@@H](CC(=O)N1CCn2c(nnc2C(F)(F)C(F)(F)F)C1)Cc1cc(F)c(F)cc1F,CHEMBL558585,=,=,71.0,71.0,71.0,7.1487416512809245
Cl.N[C@@H](CC(=O)N1CCn2c(nnc2C(F)(F)C(F)(F)F)C1)Cc1cc(F)ccc1F,CHEMBL559011,=,=,103.0,103.0,103.0,6.987162775294828
N[C@@H](CC(=O)N1CCNC[C@H]1Cc1ccccc1)Cc1ccccc1F,CHEMBL175872,=,=,139.0,139.0,139.0,6.856985199745905
N[C@@H](CC(=O)N1CCNCC1)Cc1ccc(F)c(F)c1,CHEMBL366549,=,=,3100.0,3100.0,3100.0,5.508638306165727
N[C@H](C(=O)N1CCCC1)C1CCCCC1,CHEMBL278393,=,=,1034.0,1034.0,1034.0,5.985479461242076
N[C@H](C(=O)N1Cc2ccccc2C1)C1CCCCC1,CHEMBL440021,=,=,15000.0,15000.0,15000.0,4.823908740944319
N#C[C@@H]1CCCN1C(=O)CNC12CC3CC(CC(O)(C3)C1)C2,CHEMBL142703,=,=,51.0,51.0,51.0,7.292429823902063
N#Cc1ccc(NCCNCC(=O)N2CCC[C@H]2C#N)nc1,CHEMBL77538,=,=,53.0,53.0,53.0,7.275724130399211
N#C[C@@H]1CCCN1C(=O)[C@@H](N)C1CCCCC1,CHEMBL307636,=,=,12.0,12.0,12.0,7.920818753952375
CC[C@H](C)[C@H](N)C(=O)N1CCSC1,CHEMBL98408,=,=,1660.0,1660.0,1660.0,5.779891911959945
N#C[C@@H]1CCCN1C(=O)[C@@H](N)CC(=O)N1CCc2ccccc2C1,CHEMBL179289,=,=,63.0,63.0,63.0,7.200659450546418
N#C[C@@H]1CCCN1C(=O)[C@@H](N)CC(=O)N1CCN(C(c2ccc(F)cc2)c2ccc(F)cc2)CC1,CHEMBL362018,=,=,274.0,274.0,274.0,6.562249437179612
N#C[C@@H]1Cc2ccccc2CN1C(=O)[C@@H](N)Cc1c[nH]c2ccccc12,CHEMBL180000,=,=,13000.0,13000.0,13000.0,4.886056647693163
N[C@H](C(=O)N1CCCCC1)C1CCCCC1,CHEMBL361863,=,=,31000.0,31000.0,31000.0,4.508638306165727
N[C@@H](CC(=O)N1CCSC1)Cc1ccccc1,CHEMBL184262,=,=,3000.0,3000.0,3000.0,5.522878745280337
N[C@H](CCc1ccccc1)CC(=O)N1CCSC1,CHEMBL362364,=,=,16480.0,16480.0,16480.0,4.783042792638903
N[C@@H](CC(=O)N1CCSC1)Cc1ccccn1,CHEMBL185020,=,=,39640.0,39640.0,39640.0,4.401866354186763
N[C@@H](CC(=O)N1CCSC1)Cc1cccnc1,CHEMBL185332,=,=,44860.0,44860.0,44860.0,4.348140730753051
N[C@@H](CC(=O)N1CCSC1)Cc1ccncc1,CHEMBL183947,=,=,51000.0,51000.0,51000.0,4.292429823902063
N[C@@H](CC(=O)N1CCSC1)Cc1ccsc1,CHEMBL183517,=,=,5700.0,5700.0,5700.0,5.2441251443275085
N[C@@H](CC(=O)N1CCSC1)Cc1ccoc1,CHEMBL181239,=,=,46910.0,46910.0,46910.0,4.328734567052842
N[C@@H](CC(=O)N1CCSC1)CC1CCCC1,CHEMBL182168,=,=,27470.0,27470.0,27470.0,4.561141340579438
N[C@@H](CC(=O)N1CCSC1)CC1CCCCC1,CHEMBL362140,=,=,33000.0,33000.0,33000.0,4.481486060122113
CCC(C)[C@@H](N)C(=O)N1N=CCC1C#N,CHEMBL184572,=,=,80.0,0.08,80.0,7.096910013008056
N#Cc1ccc(NCCNCC(=O)N2N=CCC2C#N)nc1,CHEMBL184651,=,=,410.0,0.41,410.0,6.3872161432802645
N#Cc1ccc(NCCNCC(=O)N2N=CC[C@@H]2C#N)nc1,CHEMBL185222,=,=,2620.0,2.62,2620.0,5.581698708680255
N#Cc1ccc(NCCNCC(=O)N2N=CC[C@H]2C#N)nc1,CHEMBL363542,=,=,200.0,0.2,200.0,6.698970004336019
N[C@@H](CC(=O)N1CCCC[C@H]1Cc1ccccc1)Cc1ccccc1F,CHEMBL186611,=,=,1040.0,1040.0,1040.0,5.982966660701219
N[C@@H](CC(=O)N1CCNCC1)Cc1ccccc1F,CHEMBL184624,=,=,3700.0,3700.0,3700.0,5.431798275933005
C[C@@H]1CNCCN1C(=O)C[C@H](N)Cc1ccccc1F,CHEMBL264551,=,=,1600.0,1600.0,1600.0,5.795880017344075
CC(C)[C@@H]1CNCCN1C(=O)C[C@H](N)Cc1ccccc1F,CHEMBL360488,=,=,922.0,922.0,922.0,6.035269078946371
N[C@@H](CC(=O)N1CCNC[C@H]1c1ccc(F)cc1)Cc1ccccc1F,CHEMBL182861,=,=,610.0,610.0,610.0,6.214670164989233
N[C@@H](CC(=O)N1CCNC[C@H]1Cc1cscn1)Cc1ccccc1F,CHEMBL185482,=,=,143.0,143.0,143.0,6.844663962534938
N[C@@H](CC(=O)N1CCNC[C@H]1Cc1cccnc1)Cc1ccccc1F,CHEMBL184808,=,=,155.0,155.0,155.0,6.809668301829708
N[C@@H](CC(=O)N1CCNC[C@H]1Cc1ccc(F)cc1)Cc1ccccc1F,CHEMBL184902,=,=,166.0,166.0,166.0,6.779891911959945
N[C@@H](CC(=O)N1CCNC[C@H]1Cc1ccccc1)Cc1cc(F)ccc1F,CHEMBL369738,=,=,51.0,51.0,51.0,7.292429823902063
N[C@@H](CC(=O)N1CCNC[C@H]1Cc1ccccc1)Cc1cc(F)c(F)cc1F,CHEMBL184636,=,=,19.0,19.0,19.0,7.721246399047171
COc1cc(OC)cc(-c2nc(-c3ccc(Cl)cc3Cl)c(CN(C)C)c(N(C)C)n2)c1,CHEMBL186877,=,=,0.1,0.1,0.1,10.0
N[C@@H](CC(=O)N1CCC[C@H]1C(=O)NCc1cc(Cl)ccc1OCC(=O)NC1CC1)Cc1ccccc1,CHEMBL184738,=,=,1900.0,1900.0,1900.0,5.721246399047171
N[C@@H](CC(=O)N1CCSC1)Cc1ccccc1F,CHEMBL187118,=,=,931.0,931.0,931.0,6.031050319018657
Cc1ccccc1C[C@@H](N)CC(=O)N1CCSC1,CHEMBL185351,=,=,981.0,981.0,981.0,6.008330992620051
N#Cc1ccccc1C[C@@H](N)CC(=O)N1CCSC1,CHEMBL185121,=,=,2519.0,2519.0,2519.0,5.598771832501887
N[C@@H](CC(=O)N1CCSC1)Cc1ccccc1C(F)(F)F,CHEMBL185601,=,=,2263.0,2263.0,2263.0,5.645315446045272
N[C@@H](CC(=O)N1CCSC1)Cc1cccc(F)c1,CHEMBL182544,=,=,2026.0,2026.0,2026.0,5.693360558975739
N#Cc1cccc(C[C@@H](N)CC(=O)N2CCSC2)c1,CHEMBL405786,=,=,8951.0,8951.0,8951.0,5.0481284428716355
N[C@@H](CC(=O)N1CCSC1)Cc1cccc(C(F)(F)F)c1,CHEMBL185538,=,=,3611.0,3611.0,3611.0,5.442372511573174
N[C@@H](CC(=O)N1CCSC1)Cc1ccc(F)cc1,CHEMBL363879,=,=,3279.0,3279.0,3279.0,5.484258583330635
N[C@@H](CC(=O)N1CCSC1)Cc1ccc(Cl)cc1,CHEMBL184442,=,=,3028.0,3028.0,3028.0,5.518844129171965
N[C@@H](CC(=O)N1CCSC1)Cc1ccc(I)cc1,CHEMBL366278,=,=,10700.0,10700.0,10700.0,4.97061622231479
N[C@@H](CC(=O)N1CCSC1)Cc1ccc(C(F)(F)F)cc1,CHEMBL184259,=,=,7688.0,7688.0,7688.0,5.114186625339511
N#Cc1ccc(C[C@@H](N)CC(=O)N2CCSC2)cc1,CHEMBL365066,=,=,14860.0,14860.0,14860.0,4.827981190575444
N[C@@H](CC(=O)N1CCSC1)Cc1ccc([N+](=O)[O-])cc1,CHEMBL184937,=,=,1552.0,1552.0,1552.0,5.80910828307783
N[C@@H](CC(=O)N1CCSC1)Cc1ccc(F)c(F)c1,CHEMBL184986,=,=,1700.0,1700.0,1700.0,5.769551078621726
N[C@@H](CC(=O)N1CCSC1)Cc1cccc(F)c1F,CHEMBL184961,=,=,9400.0,9400.0,9400.0,5.026872146400301
N[C@@H](CC(=O)N1CCSC1)Cc1ccc(F)cc1F,CHEMBL184912,=,=,589.0,589.0,589.0,6.229884705212898
N[C@@H](CC(=O)N1CCSC1)Cc1cc(F)ccc1F,CHEMBL433572,=,=,270.0,270.0,270.0,6.568636235841012
N[C@@H](CC(=O)N1CCSC1)Cc1c(F)cccc1F,CHEMBL360396,=,=,8476.0,8476.0,8476.0,5.071809051961242
N[C@@H](CC(=O)N1CCSC1)Cc1ccc(Cl)c(Cl)c1,CHEMBL184928,=,=,2026.0,2026.0,2026.0,5.693360558975739
N[C@@H](CC(=O)N1CCSC1)Cc1cc(F)c(F)cc1F,CHEMBL363319,=,=,119.0,119.0,119.0,6.924453038607469
N[C@@H](CC(=O)N1CCSC1)Cc1ccccc1,CHEMBL184262,=,=,3000.0,3000.0,3000.0,5.522878745280337
CS(=O)(=O)Nc1cccc(NC(=O)CN2CCN(C[C@@H](N)Cc3ccccc3)C(Cc3ccccc3)C2)c1,CHEMBL186032,=,=,11000.0,11000.0,11000.0,4.958607314841775
CS(=O)(=O)Nc1cccc(NC(=O)CN2CCN(C(=O)C[C@H](N)Cc3ccccc3)C(Cc3ccccc3)C2)c1,CHEMBL184040,=,=,134.0,134.0,134.0,6.872895201635192
CS(=O)(=O)Nc1cccc(NC(=O)CN2CCN(C(=O)C[C@H](N)Cc3ccc(F)c(F)c3)C(Cc3ccccc3)C2)c1,CHEMBL263946,=,=,44.0,44.0,44.0,7.356547323513812
CS(=O)(=O)Nc1cccc(NC(=O)CN2CCN(C(=O)C[C@H](N)Cc3ccccc3F)C(Cc3ccccc3)C2)c1,CHEMBL187293,=,=,34.0,34.0,34.0,7.468521082957745
CS(=O)(=O)Nc1cccc(NC(=O)CN2CCN(C(=O)C[C@@H](N)Cc3ccccc3)C(Cc3ccccc3)C2)c1,CHEMBL365414,=,=,35000.0,35000.0,35000.0,4.455931955649724
CS(=O)(=O)Nc1cccc(NC(=O)CN2CCN(C(=O)C[C@@H](N)Cc3ccc(F)c(F)c3)C(Cc3ccccc3)C2)c1,CHEMBL184672,=,=,36000.0,36000.0,36000.0,4.443697499232713
CS(=O)(=O)Nc1cccc(NC(=O)CN2CCN(C(=O)C[C@@H](N)Cc3ccccc3F)C(Cc3ccccc3)C2)c1,CHEMBL362538,=,=,19000.0,19000.0,19000.0,4.721246399047171
CS(=O)(=O)Nc1cccc(NC(=O)CN2CCN(C(=O)C[C@H](N)Cc3ccc(F)c(F)c3)[C@H](Cc3ccccc3)C2)c1,CHEMBL360425,=,=,30.0,30.0,30.0,7.522878745280337
CS(=O)(=O)Nc1cccc(NC(=O)CN2CCN(C(=O)C[C@H](N)Cc3ccccc3F)[C@H](Cc3ccccc3)C2)c1,CHEMBL183207,=,=,14.0,14.0,14.0,7.853871964321762
CS(=O)(=O)Nc1cccc(NC(=O)CN2CCN(C(=O)C[C@H](N)Cc3ccc(F)c(F)c3)[C@@H](Cc3ccccc3)C2)c1,CHEMBL360167,=,=,1100.0,1100.0,1100.0,5.958607314841775
CS(=O)(=O)Nc1cccc(NC(=O)CN2CCN(C(=O)C[C@H](N)Cc3ccccc3F)[C@@H](Cc3ccccc3)C2)c1,CHEMBL364385,=,=,690.0,690.0,690.0,6.161150909262744
N[C@@H](CC(=O)N1CCN(Cc2ccccc2)C[C@H]1Cc1ccccc1)Cc1ccccc1F,CHEMBL184380,=,=,405.0,405.0,405.0,6.392544976785331
NC(=O)CN1CCN(C(=O)C[C@H](N)Cc2ccccc2F)[C@H](Cc2ccccc2)C1,CHEMBL185067,=,=,114.0,114.0,114.0,6.943095148663527
CN1CCN(C(=O)C[C@H](N)Cc2ccccc2F)[C@H](Cc2ccccc2)C1,CHEMBL184071,=,=,225.0,225.0,225.0,6.647817481888637
N[C@@H](CC(=O)N1CCNC[C@H]1Cc1ccccc1)Cc1ccccc1F,CHEMBL175872,=,=,139.0,139.0,139.0,6.856985199745905
N[C@@H](CC(=O)N1CCOC[C@H]1Cc1ccccc1)Cc1ccccc1F,CHEMBL186610,=,=,108.0,108.0,108.0,6.96657624451305
CC(C)[C@H](Oc1ccc(CNC(=O)[C@@H]2CSCN2C(=O)CC(N)Cc2cc(F)ccc2F)cc1)C(=O)O.O=C(O)C(F)(F)F,CHEMBL366290,=,=,0.3,0.3,0.3,9.522878745280337
CC(C)[C@@H](Oc1ccc(CNC(=O)[C@@H]2CCCN2C(=O)C(N)C2CCCCC2)cc1)C(=O)O.O=C(O)C(F)(F)F,CHEMBL183418,=,=,7200.0,7200.0,7200.0,5.142667503568731
NC(CC(=O)N1CCC[C@H]1C(=O)NCc1cc(Cl)ccc1OCC(=O)NC1CC1)Cc1ccccc1,CHEMBL186649,=,=,1900.0,1.9,1900.0,5.721246399047171
NC(C(=O)N1CCC[C@H]1C(=O)NCc1ccccc1C(=O)O)C1CCCCC1.O=C(O)C(F)(F)F,CHEMBL365875,=,=,3600.0,3600.0,3600.0,5.443697499232712
NC(C(=O)N1CCC[C@H]1C(=O)NCc1cccc(C(=O)O)c1)C1CCCCC1.O=C(O)C(F)(F)F,CHEMBL365834,=,=,3300.0,3300.0,3300.0,5.481486060122112
NC(C(=O)N1CCC[C@H]1C(=O)NCc1ccc(C(=O)O)cc1)C1CCCCC1.O=C(O)C(F)(F)F,CHEMBL187699,=,=,4200.0,4200.0,4200.0,5.376750709602099
NC(CC(=O)N1CCC[C@H]1C(=O)NCc1ccccc1C(=O)O)Cc1ccccc1.O=C(O)C(F)(F)F,CHEMBL183098,=,=,1200.0,1200.0,1200.0,5.920818753952375
NC(CC(=O)N1CCC[C@H]1C(=O)NCc1cccc(C(=O)O)c1)Cc1ccccc1.O=C(O)C(F)(F)F,CHEMBL184593,=,=,1200.0,1200.0,1200.0,5.920818753952375
NC(CC(=O)N1CCC[C@H]1C(=O)NCc1ccc(C(=O)O)cc1)Cc1ccccc1.O=C(O)C(F)(F)F,CHEMBL425347,=,=,510.0,510.0,510.0,6.292429823902063
NC(CC(=O)N1CCC[C@H]1C(=O)NCc1ccc(C(=O)O)cc1)Cc1ccc(F)c(F)c1.O=C(O)C(F)(F)F,CHEMBL182223,=,=,75.0,75.0,75.0,7.1249387366083
NC(CC(=O)N1CCC[C@H]1C(=O)NCc1ccc(C(=O)O)cc1)Cc1ccccc1F.O=C(O)C(F)(F)F,CHEMBL366049,=,=,54.0,54.0,54.0,7.267606240177031
NC(CC(=O)N1CCC[C@H]1C(=O)NCc1ccccc1)Cc1ccccc1F.O=C(O)C(F)(F)F,CHEMBL186596,=,=,539.0,539.0,539.0,6.268411234813261
NC(CC(=O)N1CCC[C@H]1C(=O)NCc1ccc(C(F)(F)F)cc1)Cc1ccccc1F.O=C(O)C(F)(F)F,CHEMBL435882,=,=,721.0,721.0,721.0,6.142064735280571
COC(=O)Cc1ccc(CNC(=O)[C@@H]2CCCN2C(=O)CC(N)Cc2ccccc2F)cc1.O=C(O)C(F)(F)F,CHEMBL185244,=,=,170.0,170.0,170.0,6.769551078621726
NC(CC(=O)N1CCC[C@H]1C(=O)NCCCCc1nn[nH]n1)Cc1ccccc1F.O=C(O)C(F)(F)F,CHEMBL184346,=,=,39.0,39.0,39.0,7.4089353929735005
NC(CC(=O)N1CCC[C@H]1C(=O)NCCCCc1c[nH]cn1)Cc1ccccc1F.O=C(O)C(F)(F)F,CHEMBL361263,=,=,1640.0,1640.0,1640.0,5.785156151952302
NC(CC(=O)N1CCC[C@H]1C(=O)NCc1ccc(OCC(=O)O)cc1)Cc1ccccc1F.O=C(O)C(F)(F)F,CHEMBL186787,=,=,118.0,118.0,118.0,6.928117992693874
CC(Oc1ccc(CNC(=O)[C@@H]2CCCN2C(=O)CC(N)Cc2ccccc2F)cc1)C(=O)O.O=C(O)C(F)(F)F,CHEMBL183736,=,=,18.0,18.0,18.0,7.7447274948966935
CCC(Oc1ccc(CNC(=O)[C@@H]2CCCN2C(=O)CC(N)Cc2ccccc2F)cc1)C(=O)O.O=C(O)C(F)(F)F,CHEMBL365010,=,=,7.1,7.1,7.1,8.148741651280925
CCCC(Oc1ccc(CNC(=O)[C@@H]2CCCN2C(=O)CC(N)Cc2ccccc2F)cc1)C(=O)O.O=C(O)C(F)(F)F,CHEMBL365836,=,=,10.0,10.0,10.0,8.0
CC(C)C(Oc1ccc(CNC(=O)[C@@H]2CCCN2C(=O)CC(N)Cc2ccccc2F)cc1)C(=O)O.O=C(O)C(F)(F)F,CHEMBL365837,=,=,3.7,3.7,3.7,8.431798275933005
CCCCC(Oc1ccc(CNC(=O)[C@@H]2CCCN2C(=O)CC(N)Cc2ccccc2F)cc1)C(=O)O.O=C(O)C(F)(F)F,CHEMBL365838,=,=,5.1,5.1,5.1,8.292429823902063
C[C@@H](Oc1ccc(CNC(=O)[C@@H]2CCCN2C(=O)CC(N)Cc2ccccc2F)cc1)C(=O)O.O=C(O)C(F)(F)F,CHEMBL187963,=,=,82.0,82.0,82.0,7.086186147616283
C[C@H](Oc1ccc(CNC(=O)[C@@H]2CCCN2C(=O)CC(N)Cc2ccccc2F)cc1)C(=O)O.O=C(O)C(F)(F)F,CHEMBL366286,=,=,12.0,12.0,12.0,7.920818753952375
CC(C)[C@@H](Oc1ccc(CNC(=O)[C@@H]2CCCN2C(=O)CC(N)Cc2ccccc2F)cc1)C(=O)O.O=C(O)C(F)(F)F,CHEMBL365231,=,=,13.0,13.0,13.0,7.886056647693163
CC(C)[C@H](Oc1ccc(CNC(=O)[C@@H]2CCCN2C(=O)CC(N)Cc2ccccc2F)cc1)C(=O)O.O=C(O)C(F)(F)F,CHEMBL364100,=,=,1.8,1.8,1.8,8.744727494896694
CC(C)[C@@H](Oc1ccc(CNC(=O)[C@@H]2CCCN2C(=O)CC(N)Cc2ccccc2)cc1)C(=O)O.O=C(O)C(F)(F)F,CHEMBL364101,=,=,18.0,18.0,18.0,7.7447274948966935
CC(C)[C@@H](Oc1ccc(CNC(=O)[C@@H]2CCCN2C(=O)CC(N)Cc2cc(F)ccc2F)cc1)C(=O)O.O=C(O)C(F)(F)F,CHEMBL364102,=,=,0.48,0.48,0.48,9.318758762624412
CC(C)[C@@H](Oc1ccc(CNC(=O)[C@@H]2CCCN2C(=O)CC(N)Cc2cc(F)c(F)cc2F)cc1)C(=O)O.O=C(O)C(F)(F)F,CHEMBL364103,=,=,1.6,1.6,1.6,8.795880017344075
CC(C)[C@@H](Oc1ccc(CNC(=O)[C@@H]2CCCN2C(=O)CC(N)Cc2c(F)c(F)c(F)c(F)c2F)cc1)C(=O)O.O=C(O)C(F)(F)F,CHEMBL183289,=,=,8.2,8.2,8.2,8.086186147616283
CC(C)[C@@H](Oc1ccc(CNC(=O)[C@@H]2CCCN2C(=O)CC(N)Cc2ccc(C(F)(F)F)cc2F)cc1)C(=O)O.O=C(O)C(F)(F)F,CHEMBL364140,=,=,0.83,0.83,0.83,9.080921907623926
CC(C)[C@@H](Oc1ccc(CNC(=O)[C@@H]2CCCN2C(=O)CC(N)Cc2cc(F)c(C(F)(F)F)cc2F)cc1)C(=O)O.O=C(O)C(F)(F)F,CHEMBL184177,=,=,9.5,9.5,9.5,8.022276394711152
Cc1ccc(F)cc1CC(N)CC(=O)N1CCC[C@H]1C(=O)NCc1ccc(O[C@@H](C(=O)O)C(C)C)cc1.O=C(O)C(F)(F)F,CHEMBL366047,=,=,33.0,33.0,33.0,7.481486060122112
CC(C)[C@@H](Oc1ccc(CNC(=O)[C@@H]2CCCN2C(=O)CC(N)Cc2ccc(F)cc2Cl)cc1)C(=O)O.O=C(O)C(F)(F)F,CHEMBL366048,=,=,1.7,1.7,1.7,8.769551078621726
CC(C)[C@@H](Oc1ccc(CNC(=O)[C@@H]2CCCN2C(=O)CC(N)Cc2cc(Cl)ccc2F)cc1)C(=O)O.O=C(O)C(F)(F)F,CHEMBL184527,=,=,1.6,1.6,1.6,8.795880017344075
CC(C)[C@@H](Oc1ccc(CNC(=O)[C@@H]2CCCN2C(=O)CC(N)Cc2cc(C(F)(F)F)ccc2F)cc1)C(=O)O.O=C(O)C(F)(F)F,CHEMBL184630,=,=,12.0,12.0,12.0,7.920818753952375
CC(C)[C@@H](Oc1ccc(CNC(=O)[C@@H]2CCCN2C(=O)CC(N)Cc2cccc(OC(F)(F)F)c2)cc1)C(=O)O.O=C(O)C(F)(F)F,CHEMBL365280,=,=,295.0,295.0,295.0,6.530177984021837
NC(CC(=O)N1CSC[C@H]1C(=O)NCc1ccc(CC(=O)O)cc1)Cc1ccccc1.O=C(O)C(F)(F)F,CHEMBL451492,=,=,161.0,161.0,161.0,6.79317412396815
COC(=O)Cc1ccc(CNC(=O)[C@@H]2CSCN2C(=O)CC(N)Cc2ccccc2F)cc1.O=C(O)C(F)(F)F,CHEMBL186482,=,=,87.0,87.0,87.0,7.060480747381382
NC(CC(=O)N1CSC[C@H]1C(=O)NCc1ccc(CC(=O)O)cc1)Cc1ccccc1F.O=C(O)C(F)(F)F,CHEMBL183060,=,=,37.0,37.0,37.0,7.431798275933005
N#Cc1ccc(NCCNCC(=O)N2CCC[C@H]2C#N)nc1,CHEMBL77538,=,=,22.0,22.0,22.0,7.657577319177793
N#C[C@@H]1CCCN1C(=O)CNC12CC3CC(CC(O)(C3)C1)C2,CHEMBL142703,=,=,3.5,3.5,3.5,8.455931955649724
COc1ccc2c(c1)CN[C@H](C(=O)N1CCC[C@H]1C#N)C2,CHEMBL186566,=,=,4.0,4.0,4.0,8.397940008672037
N[C@H](C(=O)N1CCCC1)[C@H]1CC[C@H](NS(=O)(=O)c2ccc(NS(=O)(=O)CC(F)(F)F)cc2)CC1,CHEMBL497992,=,=,2.6,2.6,2.6,8.585026652029182
CC(C)=CCn1c(N2CCCC(N)C2)nc2c1c(=O)n(CC(=O)c1ccccc1)c(=O)n2C,CHEMBL365000,=,=,5.0,5.0,5.0,8.301029995663981
CCOC(=O)c1cnc(CN)c2c(OC)cc(OC)cc12,CHEMBL186406,=,=,320.0,320.0,320.0,6.494850021680094
CC(=O)Nc1ccc2c(=O)n(CC(C)C)c(CN)c(-c3ccccc3)c2c1,CHEMBL186308,=,=,250.0,250.0,250.0,6.6020599913279625
CC(C)(C)[C@H](N)C(=O)N1CCC[C@H]1C#N,CHEMBL363250,=,=,7.0,7.0,7.0,8.154901959985743
N[C@@H](Cc1ccc(-c2ccc(F)cc2)cc1)C(=O)N1CC[C@H](F)C1.O=C(O)C(F)(F)F,CHEMBL189645,=,=,980.0,0.98,980.0,6.008773924307505
C[C@@H](c1ccc(-c2ccc(F)cc2)cc1)[C@H](N)C(=O)N1CC[C@H](F)C1.O=C(O)C(F)(F)F,CHEMBL189881,=,=,64.0,0.064,64.0,7.1938200260161125
N[C@H](C(=O)N1CC[C@H](F)C1)[C@@H](CO)c1ccc(-c2ccc(F)cc2)cc1.O=C(O)C(F)(F)F,CHEMBL365567,=,=,390.0,0.39,390.0,6.4089353929735005
CN(C)C[C@@H](c1ccc(-c2ccc(F)cc2)cc1)[C@H](N)C(=O)N1CC[C@H](F)C1.O=C(O)C(F)(F)F,CHEMBL189046,=,=,1600.0,1.6,1600.0,5.795880017344075
N[C@H](C(=O)N1CC[C@H](F)C1)[C@@H](CN1CCCC1)c1ccc(-c2ccc(F)cc2)cc1.O=C(O)C(F)(F)F,CHEMBL190031,=,=,3500.0,3.5,3500.0,5.455931955649724
N[C@H](C(=O)N1CC[C@H](F)C1)[C@@H](C(=O)O)c1ccc(-c2ccc(F)cc2)cc1.O=C(O)C(F)(F)F,CHEMBL191327,=,=,6.6,0.0066,6.6,8.18045606445813
COC(=O)[C@@H](c1ccc(-c2ccc(F)cc2)cc1)[C@H](N)C(=O)N1CC[C@H](F)C1.O=C(O)C(F)(F)F,CHEMBL372004,=,=,220.0,0.22,220.0,6.657577319177793
NC(=O)[C@@H](c1ccc(-c2ccc(F)cc2)cc1)[C@H](N)C(=O)N1CC[C@H](F)C1.O=C(O)C(F)(F)F,CHEMBL191208,=,=,110.0,0.11,110.0,6.958607314841775
CNC(=O)[C@@H](c1ccc(-c2ccc(F)cc2)cc1)[C@H](N)C(=O)N1CC[C@H](F)C1.O=C(O)C(F)(F)F,CHEMBL190752,=,=,37.0,0.037,37.0,7.431798275933005
CN(C)C(=O)[C@@H](c1ccc(-c2ccc(F)cc2)cc1)[C@H](N)C(=O)N1CC[C@H](F)C1.O=C(O)C(F)(F)F,CHEMBL191067,=,=,12.0,0.012,12.0,7.920818753952375
CN(C)C(=O)[C@@H](c1ccc(-c2ccc(F)cc2)cc1)[C@H](N)C(=O)N1CC[C@H](F)C1.O=C(O)C(F)(F)F,CHEMBL191067,=,=,39.0,39.0,39.0,7.4089353929735005
CN(C)C(=O)[C@@H](c1ccc(-c2ccc(F)cc2)cc1)[C@H](N)C(=O)N1CC[C@H](F)C1.O=C(O)C(F)(F)F,CHEMBL191067,=,=,387.0,387.0,387.0,6.412289034981089
CN(C)C(=O)[C@@H](c1ccc(-c2ccc(F)cc2)cc1)[C@H](N)C(=O)N1CC[C@H](F)C1.O=C(O)C(F)(F)F,CHEMBL191067,=,=,376.0,376.0,376.0,6.424812155072339
CN(C)C(=O)[C@@H](c1ccc(-c2ccc(F)cc2)cc1)[C@H](N)C(=O)N1CC[C@H](F)C1.O=C(O)C(F)(F)F,CHEMBL191067,=,=,12.0,12.0,12.0,7.920818753952375
CN(C)C(=O)[C@@H](c1ccc(-c2ccc(F)cc2)cc1)[C@H](N)C(=O)N1CC[C@H](F)C1.O=C(O)C(F)(F)F,CHEMBL191067,=,=,18.0,18.0,18.0,7.7447274948966935
N[C@H](C(=O)N1CC[C@H](F)C1)[C@@H](Cn1cnnn1)c1ccc(-c2ccc(F)cc2)cc1.O=C(O)C(F)(F)F,CHEMBL359581,=,=,192.0,0.192,192.0,6.71669877129645
CCNC(=O)[C@@H](c1ccc(-c2ccc(F)cc2)cc1)[C@H](N)C(=O)N1CC[C@H](F)C1.O=C(O)C(F)(F)F,CHEMBL189067,=,=,110.0,0.11,110.0,6.958607314841775
CC(C)NC(=O)[C@@H](c1ccc(-c2ccc(F)cc2)cc1)[C@H](N)C(=O)N1CC[C@H](F)C1.O=C(O)C(F)(F)F,CHEMBL188643,=,=,99.0,0.099,99.0,7.00436480540245
N[C@H](C(=O)N1CC[C@H](F)C1)[C@@H](C(=O)NC1CC1)c1ccc(-c2ccc(F)cc2)cc1.O=C(O)C(F)(F)F,CHEMBL190788,=,=,71.0,0.071,71.0,7.1487416512809245
N[C@H](C(=O)N1CC[C@H](F)C1)[C@@H](C(=O)NCCO)c1ccc(-c2ccc(F)cc2)cc1.O=C(O)C(F)(F)F,CHEMBL190593,=,=,94.0,0.094,94.0,7.026872146400302
N[C@H](C(=O)N1CC[C@H](F)C1)[C@@H](C(=O)Nn1cnnn1)c1ccc(-c2ccc(F)cc2)cc1.O=C(O)C(F)(F)F,CHEMBL188444,=,=,11.0,0.011,11.0,7.958607314841775
CCN(C)C(=O)[C@@H](c1ccc(-c2ccc(F)cc2)cc1)[C@H](N)C(=O)N1CC[C@H](F)C1.O=C(O)C(F)(F)F,CHEMBL425558,=,=,20.0,0.02,20.0,7.698970004336019
CCN(CC)C(=O)[C@@H](c1ccc(-c2ccc(F)cc2)cc1)[C@H](N)C(=O)N1CC[C@H](F)C1.O=C(O)C(F)(F)F,CHEMBL364939,=,=,59.0,0.059,59.0,7.229147988357855
N[C@H](C(=O)N1CC[C@H](F)C1)[C@@H](C(=O)N1CCC1)c1ccc(-c2ccc(F)cc2)cc1.O=C(O)C(F)(F)F,CHEMBL188043,=,=,44.0,0.044,44.0,7.356547323513812
N[C@H](C(=O)N1CC[C@H](F)C1)[C@@H](C(=O)N1CCCC1)c1ccc(-c2ccc(F)cc2)cc1.O=C(O)C(F)(F)F,CHEMBL191258,=,=,9.2,0.0092,9.2,8.036212172654444
CON(C)C(=O)[C@@H](c1ccc(-c2ccc(F)cc2)cc1)[C@H](N)C(=O)N1CC[C@H](F)C1.O=C(O)C(F)(F)F,CHEMBL370755,=,=,45.0,0.045,45.0,7.346787486224656
CN(C)NC(=O)[C@@H](c1ccc(-c2ccc(F)cc2)cc1)[C@H](N)C(=O)N1CC[C@H](F)C1.O=C(O)C(F)(F)F,CHEMBL371588,=,=,67.0,0.067,67.0,7.173925197299173
CN(C)C(=O)[C@@H](c1ccc(-c2ccc(F)cc2)cc1)[C@H](N)C(=O)N1CCC1.O=C(O)C(F)(F)F,CHEMBL370509,=,=,100.0,0.1,100.0,7.0
CN(C)C(=O)[C@@H](c1ccc(-c2ccc(F)cc2)cc1)[C@H](N)C(=O)N1CC(F)C1.O=C(O)C(F)(F)F,CHEMBL363115,=,=,17.0,0.017,17.0,7.769551078621726
CN(C)C(=O)[C@@H](c1ccc(-c2ccc(F)cc2)cc1)[C@H](N)C(=O)N1CC(F)(F)C1.O=C(O)C(F)(F)F,CHEMBL364355,=,=,29.0,0.029,29.0,7.537602002101044
CN(C)C(=O)[C@@H](c1ccc(-c2ccc(F)cc2)cc1)[C@H](N)C(=O)N1CCCC1.O=C(O)C(F)(F)F,CHEMBL190466,=,=,7.5,0.0075,7.5,8.1249387366083
CN(C)C(=O)[C@@H](c1ccc(-c2ccc(F)cc2)cc1)[C@H](N)C(=O)N1CC[C@@H](F)C1.O=C(O)C(F)(F)F,CHEMBL372486,=,=,30.0,0.03,30.0,7.522878745280337
CN(C)C(=O)[C@@H](c1ccc(-c2ccc(F)cc2)cc1)[C@H](N)C(=O)N1CCC(F)(F)C1.O=C(O)C(F)(F)F,CHEMBL191337,=,=,27.0,0.027,27.0,7.568636235841012
CN(C)C(=O)[C@@H](c1ccc(-c2ccc(F)cc2)cc1)[C@H](N)C(=O)N1CCSC1.O=C(O)C(F)(F)F,CHEMBL190863,=,=,9.1,0.0091,9.1,8.040958607678906
CN(C)C(=O)[C@@H](c1ccc(-c2ccc(F)cc2)cc1)[C@H](N)C(=O)N1CCS(=O)(=O)C1.O=C(O)C(F)(F)F,CHEMBL365967,=,=,230.0,0.23,230.0,6.638272163982407
CN(C)C(=O)[C@@H](c1ccc(-c2ccc(F)cc2)cc1)[C@H](N)C(=O)N1CCC[C@H]1C#N.O=C(O)C(F)(F)F,CHEMBL189055,=,=,3.3,0.0033,3.3,8.481486060122112
CN(C)C(=O)[C@@H](c1ccc(-c2ccc(F)cc2)cc1)[C@H](N)C(=O)N1CCCCC1.O=C(O)C(F)(F)F,CHEMBL190923,=,=,550.0,0.55,550.0,6.259637310505756
CN(C)C(=O)[C@@H](c1ccc(-c2ccc(F)cc2)cc1)[C@H](N)C(=O)N1CCOCC1.O=C(O)C(F)(F)F,CHEMBL371347,=,=,520.0,0.52,520.0,6.2839966563652006
CN(C)C(=O)[C@@H](c1ccc(-c2ccc(F)cc2F)cc1)[C@H](N)C(=O)N1CC[C@H](F)C1.O=C(O)C(F)(F)F,CHEMBL188096,=,=,13.0,0.013,13.0,7.886056647693163
CN(C)C(=O)[C@@H](c1ccc(-c2ccc(F)c(F)c2)cc1)[C@H](N)C(=O)N1CC[C@H](F)C1.O=C(O)C(F)(F)F,CHEMBL190217,=,=,21.0,0.021,21.0,7.6777807052660805
CN(C)C(=O)[C@@H](c1ccc(-c2cc(F)ccc2F)cc1)[C@H](N)C(=O)N1CC[C@H](F)C1.O=C(O)C(F)(F)F,CHEMBL191486,=,=,56.0,0.056,56.0,7.251811972993799
CN(C)C(=O)[C@@H](c1ccc(-c2cccc(C#N)c2)cc1)[C@H](N)C(=O)N1CC[C@H](F)C1.O=C(O)C(F)(F)F,CHEMBL190269,=,=,43.0,0.043,43.0,7.366531544420414
CN(C)C(=O)[C@@H](c1ccc(-c2cccc(-n3cnnn3)c2)cc1)[C@H](N)C(=O)N1CC[C@H](F)C1.O=C(O)C(F)(F)F,CHEMBL191473,=,=,2.2,0.0022,2.2,8.657577319177793
CN(C)C(=O)[C@@H](c1ccc(-c2cccc(S(C)(=O)=O)c2)cc1)[C@H](N)C(=O)N1CC[C@H](F)C1.O=C(O)C(F)(F)F,CHEMBL370677,=,=,21.0,0.021,21.0,7.6777807052660805
CN(C)C(=O)[C@@H](c1ccc(-c2cccc(-[n+]3ccccc3)c2)cc1)[C@H](N)C(=O)N1CC[C@H](F)C1.O=C([O-])C(F)(F)F,CHEMBL541919,=,=,19.0,0.019,19.0,7.721246399047171
CN(C)C(=O)[C@@H](c1ccc(-c2ccc(-[n+]3ccccc3)cc2)cc1)[C@H](N)C(=O)N1CC[C@H](F)C1.O=C([O-])C(F)(F)F,CHEMBL552503,=,=,20.0,0.02,20.0,7.698970004336019
CC[C@H](C)[C@H](N)C(=O)N1CCSC1,CHEMBL98408,=,=,1660.0,1660.0,1660.0,5.779891911959945
COc1cc2c(cc1OC)CN(C(=O)C[C@H](N)C(=O)N1CCC[C@H]1C#N)CC2,CHEMBL369883,=,=,63.0,63.0,63.0,7.200659450546418
N#C[C@@H]1CCCN1C(=O)[C@@H](N)CC(=O)N1CCN(C(c2ccc(F)cc2)c2ccc(F)cc2)CC1,CHEMBL362018,=,=,227.0,227.0,227.0,6.6439741428068775
N#C[C@@H]1CCCN1C(=O)[C@@H](N)CC(=O)N1CCc2ccccc2C1,CHEMBL179289,=,=,99.0,99.0,99.0,7.00436480540245
COc1cc2c(cc1OC)C(CCO)N(C(=O)C[C@H](N)C(=O)N1CCC[C@H]1C#N)CC2,CHEMBL193105,=,=,45.0,45.0,45.0,7.346787486224656
COc1cc2c(cc1OC)C(C(C)C)N(C(=O)C[C@H](N)C(=O)N1CCC[C@H]1C#N)CC2,CHEMBL192116,=,=,47.0,47.0,47.0,7.327902142064282
COc1cc2c(cc1OC)C(C(C)(C)C)N(C(=O)C[C@H](N)C(=O)N1CCC[C@H]1C#N)CC2,CHEMBL373148,=,=,73.0,73.0,73.0,7.136677139879544
COc1ccc2c(c1)CCN(C(=O)C[C@H](N)C(=O)N1CCC[C@H]1C#N)C2C(C)(C)C,CHEMBL193202,=,=,72.0,72.0,72.0,7.142667503568731
COc1ccc2c(c1)C(C(C)(C)C)N(C(=O)C[C@H](N)C(=O)N1CCC[C@H]1C#N)CC2,CHEMBL191866,=,=,195.0,195.0,195.0,6.709965388637482
N#Cc1ccc[n+](N2CCN(C(=O)C[C@H](N)C(=O)N3CCC[C@H]3C#N)CC2)c1,CHEMBL364922,=,=,87.0,87.0,87.0,7.060480747381382
N#C[C@@H]1CCCN1C(=O)[C@@H](N)CC(=O)N1CCN(C(=O)c2ccccc2)CC1,CHEMBL190029,=,=,123.0,123.0,123.0,6.910094888560602
N#C[C@@H]1CCCN1C(=O)[C@@H](N)CC(=O)NCc1ccccc1,CHEMBL365113,=,=,238.0,238.0,238.0,6.623423042943488
COc1cc2c(cc1OC)C(Cc1ccccc1)N(C(=O)C[C@H](N)C(=O)N1CCC[C@H]1C#N)CC2,CHEMBL190183,=,=,97.0,97.0,97.0,7.013228265733755
N#C[C@@H]1CCCN1C(=O)CNC12CC3CC(CC(O)(C3)C1)C2,CHEMBL142703,=,=,51.0,51.0,51.0,7.292429823902063
N#Cc1ccc(NCCNCC(=O)N2CCC[C@H]2C#N)nc1,CHEMBL77538,=,=,53.0,53.0,53.0,7.275724130399211
N#C[C@@H]1CCCN1C(=O)[C@@H](N)C1CCCCC1,CHEMBL307636,=,=,12.0,12.0,12.0,7.920818753952375
CC(C)C(NC(=O)C[C@H](N)C(=O)N1CCC[C@H]1C#N)c1ccccc1,CHEMBL191274,=,=,212.0,212.0,212.0,6.673664139071249
CC(C)(C)C(NC(=O)C[C@H](N)C(=O)N1CCC[C@H]1C#N)c1ccccc1,CHEMBL189220,=,=,251.0,251.0,251.0,6.600326278518962
COc1ccc(CCNC(=O)C[C@H](N)C(=O)N2CCC[C@H]2C#N)cc1OC,CHEMBL191577,=,=,116.0,116.0,116.0,6.935542010773082
N#C[C@@H]1CCCN1C(=O)[C@@H](N)CC(=O)NC(Cc1ccccc1)c1ccccc1,CHEMBL359759,=,=,252.0,252.0,252.0,6.598599459218455
COCC(Cc1ccccc1)NC(=O)C[C@H](N)C(=O)N1CCC[C@H]1C#N,CHEMBL192733,=,=,182.0,182.0,182.0,6.739928612014925
CC(C)C(Cc1ccccc1)NC(=O)C[C@H](N)C(=O)N1CCC[C@H]1C#N,CHEMBL193106,=,=,305.0,305.0,305.0,6.515700160653214
CCC(NC(=O)C[C@H](N)C(=O)N1CCC[C@H]1C#N)c1ccccc1,CHEMBL189258,=,=,140.0,140.0,140.0,6.853871964321762
N#C[C@@H]1CCCN1C(=O)[C@@H]1C[C@H](NS(=O)(=O)c2ccccc2)CN1,CHEMBL193168,=,=,6.7,6.7,6.7,8.173925197299173
COc1ccc(N[C@@H]2CN[C@H](C(=O)N3CCC[C@H]3C#N)C2)cc1,CHEMBL195063,=,=,0.33,0.33,0.33,9.481486060122112
COc1ccc(N[C@@H]2CN[C@H](C(=O)N3CCC[C@H]3C#N)C2)cc1OC,CHEMBL433811,=,=,0.28,0.28,0.28,9.55284196865778
N#Cc1ccc(N[C@@H]2CN[C@H](C(=O)N3CCC[C@H]3C#N)C2)cc1,CHEMBL371143,=,=,0.19,0.19,0.19,9.721246399047171
N#C[C@@H]1CCCN1C(=O)[C@@H]1C[C@H](Nc2ccc([N+](=O)[O-])cc2)CN1,CHEMBL370540,=,=,0.18,0.18,0.18,9.744727494896694
N#Cc1ccc(N[C@@H]2CN[C@H](C(=O)N3CCC[C@H]3C#N)C2)cc1C#N,CHEMBL370046,=,=,0.13,0.13,0.13,9.886056647693163
N#Cc1ccc(N[C@@H]2CN[C@H](C(=O)N3CCC[C@H]3C#N)C2)cc1Cl,CHEMBL194717,=,=,0.13,0.13,0.13,9.886056647693163
N[C@H](C(=O)N1CC[C@H](F)C1)[C@H]1CC[C@H](NS(=O)(=O)c2ccc(F)cc2F)CC1,CHEMBL22310,=,=,48.0,48.0,48.0,7.318758762624412
CC[C@H](C)[C@H](N)C(=O)N1CCSC1,CHEMBL98408,=,=,420.0,420.0,420.0,6.376750709602099
CC[C@@H](C)[C@H](N)C(=O)N1CCSC1,CHEMBL191775,=,=,460.0,460.0,460.0,6.337242168318426
C[C@@H](c1ccccc1)[C@H](N)C(=O)N1CCSC1,CHEMBL192983,=,=,968.0,968.0,968.0,6.014124642691606
C[C@@H](c1ccccc1)[C@H](N)C(=O)N1CC[C@H](F)C1.O=C(O)C(F)(F)F,CHEMBL362973,=,=,1400.0,1.4,1400.0,5.853871964321762
C[C@@H](c1ccccc1F)[C@H](N)C(=O)N1CC[C@H](F)C1.O=C(O)C(F)(F)F,CHEMBL362976,=,=,1100.0,1.1,1100.0,5.958607314841775
C[C@@H](c1ccc(Cl)cc1F)[C@H](N)C(=O)N1CC[C@H](F)C1.O=C(O)C(F)(F)F,CHEMBL370734,=,=,480.0,0.48,480.0,6.318758762624412
C[C@@H](c1ccc(F)cc1Cl)[C@H](N)C(=O)N1CC[C@H](F)C1.O=C(O)C(F)(F)F,CHEMBL195862,=,=,4200.0,4.2,4200.0,5.376750709602099
C[C@@H](c1ccc(F)cc1C(F)(F)F)[C@H](N)C(=O)N1CC[C@H](F)C1.O=C(O)C(F)(F)F,CHEMBL191652,=,=,54000.0,54.0,54000.0,4.267606240177032
C[C@@H](c1cccc(F)c1)[C@H](N)C(=O)N1CC[C@H](F)C1.O=C(O)C(F)(F)F,CHEMBL191823,=,=,3700.0,3.7,3700.0,5.431798275933005
C[C@@H](c1cccc(Cl)c1)[C@H](N)C(=O)N1CC[C@H](F)C1.O=C(O)C(F)(F)F,CHEMBL192781,=,=,1100.0,1.1,1100.0,5.958607314841775
C[C@@H](c1cc(F)cc(F)c1)[C@H](N)C(=O)N1CC[C@H](F)C1.O=C(O)C(F)(F)F,CHEMBL195270,=,=,3700.0,3.7,3700.0,5.431798275933005
C[C@@H](c1ccc(F)c(F)c1)[C@H](N)C(=O)N1CC[C@H](F)C1.O=C(O)C(F)(F)F,CHEMBL366173,=,=,1100.0,1.1,1100.0,5.958607314841775
C[C@@H](c1ccc(F)c(Cl)c1)[C@H](N)C(=O)N1CC[C@H](F)C1.O=C(O)C(F)(F)F,CHEMBL364093,=,=,2800.0,2.8,2800.0,5.552841968657781
C[C@@H](c1ccc(F)cc1)[C@H](N)C(=O)N1CC[C@H](F)C1.O=C(O)C(F)(F)F,CHEMBL365575,=,=,280.0,0.28,280.0,6.552841968657781
C[C@@H](c1ccc(Br)cc1)[C@H](N)C(=O)N1CC[C@H](F)C1.O=C(O)C(F)(F)F,CHEMBL191354,=,=,250.0,0.25,250.0,6.6020599913279625
C[C@@H](c1ccc(Cl)cc1)[C@H](N)C(=O)N1CC[C@H](F)C1.O=C(O)C(F)(F)F,CHEMBL190454,=,=,170.0,0.17,170.0,6.769551078621726
CSc1ccc([C@H](C)[C@H](N)C(=O)N2CC[C@H](F)C2)cc1.O=C(O)C(F)(F)F,CHEMBL192365,=,=,360.0,0.36,360.0,6.443697499232712
C[C@@H](c1ccc(C(F)(F)F)cc1)[C@H](N)C(=O)N1CC[C@H](F)C1.O=C(O)C(F)(F)F,CHEMBL194489,=,=,600.0,0.6,600.0,6.221848749616356
C[C@@H](c1ccc(S(C)(=O)=O)cc1)[C@H](N)C(=O)N1CC[C@H](F)C1.O=C(O)C(F)(F)F,CHEMBL370079,=,=,3600.0,3.6,3600.0,5.443697499232712
COc1ccc([C@H](C)[C@H](N)C(=O)N2CC[C@H](F)C2)cc1.O=C(O)C(F)(F)F,CHEMBL369888,=,=,770.0,0.77,770.0,6.113509274827518
C[C@@H](c1ccc(-c2ccccc2)cc1)[C@H](N)C(=O)N1CC[C@H](F)C1.O=C(O)C(F)(F)F,CHEMBL191933,=,=,120.0,0.12,120.0,6.920818753952375
C[C@@H](c1ccc(-c2ccccc2)c(F)c1)[C@H](N)C(=O)N1CC[C@H](F)C1.O=C(O)C(F)(F)F,CHEMBL365996,=,=,2000.0,2.0,2000.0,5.698970004336019
C[C@@H](c1ccc(N2CCCCC2)cc1)[C@H](N)C(=O)N1CC[C@H](F)C1.O=C(O)C(F)(F)F,CHEMBL362930,=,=,7900.0,7.9,7900.0,5.102372908709558
C[C@@H](c1ccc(C(=O)[n+]2ccc[nH]2)cc1)[C@H](N)C(=O)N1CC[C@H](F)C1.O=C([O-])C(F)(F)F,CHEMBL552788,=,=,1700.0,1.7,1700.0,5.769551078621726
C[C@@H](c1ccc(-c2nccs2)cc1)[C@H](N)C(=O)N1CC[C@H](F)C1.O=C(O)C(F)(F)F,CHEMBL192396,=,=,1500.0,1.5,1500.0,5.823908740944319
C[C@@H](c1ccc(-c2ccccn2)cc1)[C@H](N)C(=O)N1CC[C@H](F)C1.O=C(O)C(F)(F)F,CHEMBL191858,=,=,240.0,0.24,240.0,6.619788758288394
C[C@@H](c1ccc(-c2cccnc2)cc1)[C@H](N)C(=O)N1CC[C@H](F)C1.O=C(O)C(F)(F)F,CHEMBL195205,=,=,110.0,0.11,110.0,6.958607314841775
C[C@@H](c1ccc(-c2ccncc2)cc1)[C@H](N)C(=O)N1CC[C@H](F)C1.O=C(O)C(F)(F)F,CHEMBL371846,=,=,110.0,0.11,110.0,6.958607314841775
C[C@@H](c1ccc(-c2cncnc2)cc1)[C@H](N)C(=O)N1CC[C@H](F)C1.O=C(O)C(F)(F)F,CHEMBL192449,=,=,580.0,0.58,580.0,6.236572006437063
C[C@@H](c1ccc(-c2ccccc2F)cc1)[C@H](N)C(=O)N1CC[C@H](F)C1.O=C(O)C(F)(F)F,CHEMBL370240,=,=,100.0,0.1,100.0,7.0
C[C@@H](c1ccc(-c2ccccc2Cl)cc1)[C@H](N)C(=O)N1CC[C@H](F)C1.O=C(O)C(F)(F)F,CHEMBL191769,=,=,86.0,0.086,86.0,7.0655015487564325
COc1ccccc1-c1ccc([C@H](C)[C@H](N)C(=O)N2CC[C@H](F)C2)cc1.O=C(O)C(F)(F)F,CHEMBL365953,=,=,110.0,0.11,110.0,6.958607314841775
C[C@@H](c1ccc(-c2ccccc2C(F)(F)F)cc1)[C@H](N)C(=O)N1CC[C@H](F)C1.O=C(O)C(F)(F)F,CHEMBL425375,=,=,130.0,0.13,130.0,6.886056647693163
Cc1ccccc1-c1ccc([C@H](C)[C@H](N)C(=O)N2CC[C@H](F)C2)cc1.O=C(O)C(F)(F)F,CHEMBL372472,=,=,150.0,0.15,150.0,6.823908740944319
CCOC(=O)c1cccc(-c2ccc([C@H](C)[C@H](N)C(=O)N3CC[C@H](F)C3)cc2)c1.O=C(O)C(F)(F)F,CHEMBL192425,=,=,75.0,0.075,75.0,7.1249387366083
C[C@@H](c1ccc(-c2cccc(NS(C)(=O)=O)c2)cc1)[C@H](N)C(=O)N1CC[C@H](F)C1.O=C(O)C(F)(F)F,CHEMBL263326,=,=,150.0,0.15,150.0,6.823908740944319
C[C@@H](c1ccc(-c2cccc(C(=O)O)c2)cc1)[C@H](N)C(=O)N1CC[C@H](F)C1.O=C(O)C(F)(F)F,CHEMBL195755,=,=,56.0,0.056,56.0,7.251811972993799
C[C@@H](c1ccc(-c2cccc(S(C)(=O)=O)c2)cc1)[C@H](N)C(=O)N1CC[C@H](F)C1.O=C(O)C(F)(F)F,CHEMBL365780,=,=,110.0,0.11,110.0,6.958607314841775
C[C@@H](c1ccc(-c2cccc(S(N)(=O)=O)c2)cc1)[C@H](N)C(=O)N1CC[C@H](F)C1.O=C(O)C(F)(F)F,CHEMBL366031,=,=,140.0,0.14,140.0,6.853871964321762
C[C@@H](c1ccc(-c2cccc(NS(=O)(=O)C(F)(F)F)c2)cc1)[C@H](N)C(=O)N1CC[C@H](F)C1.O=C(O)C(F)(F)F,CHEMBL192117,=,=,27.0,0.027,27.0,7.568636235841012
C[C@@H](c1ccc(-c2cccc(C(N)=O)c2)cc1)[C@H](N)C(=O)N1CC[C@H](F)C1.O=C(O)C(F)(F)F,CHEMBL192421,=,=,100.0,0.1,100.0,7.0
C[C@@H](c1ccc(-c2ccc(F)cc2)cc1)[C@H](N)C(=O)N1CC[C@H](F)C1.O=C(O)C(F)(F)F,CHEMBL189881,=,=,64.0,0.064,64.0,7.1938200260161125
C[C@@H](c1ccc(-c2ccc(C(F)(F)F)cc2)cc1)[C@H](N)C(=O)N1CC[C@H](F)C1.O=C(O)C(F)(F)F,CHEMBL192980,=,=,510.0,0.51,510.0,6.292429823902063
N#Cc1ccc(N[C@@H]2CN[C@H](C(=O)N3CCC[C@H]3C#N)C2)nc1,CHEMBL195420,=,=,0.25,0.25,0.25,9.602059991327963
N#Cc1ccc(N[C@H]2CN[C@H](C(=O)N3CCC[C@H]3C#N)C2)nc1,CHEMBL192165,=,=,6.6,6.6,6.6,8.18045606445813
N#C[C@@H]1CCCN1C(=O)[C@@H]1CCCN1,CHEMBL381626,=,=,2.9,2.9,2.9,8.537602002101044
N#Cc1ccc(NCCNCC(=O)N2CCC[C@H]2C#N)nc1,CHEMBL77538,=,=,1.4,1.4,1.4,8.853871964321762
N#C[C@@H]1CCCN1C(=O)[C@@H]1C[C@H](N)CN1,CHEMBL191699,=,=,9.7,9.700000000000001,9.7,8.013228265733755
N#C[C@@H]1CCCN1C(=O)[C@@H]1C[C@H](NC2CCCCC2)CN1,CHEMBL192882,=,=,3.0,3.0,3.0,8.522878745280337
N#C[C@@H]1CCCN1C(=O)[C@@H]1C[C@H](Nc2ccccc2)CN1,CHEMBL195335,=,=,0.53,0.53,0.53,9.275724130399212
N#C[C@@H]1CCCN1C(=O)[C@@H]1C[C@H](NCc2ccccc2)CN1,CHEMBL195804,=,=,4.6,4.6,4.6,8.337242168318426
N#C[C@@H]1CCCN1C(=O)[C@@H]1C[C@H](NCCc2ccccc2)CN1,CHEMBL194993,=,=,1.9,1.9,1.9,8.721246399047171
N#C[C@@H]1CCCN1C(=O)[C@@H]1C[C@H](NC(=O)c2ccccc2)CN1,CHEMBL539939,=,=,5.5,5.5,5.5,8.259637310505756
N#C[C@@H]1CCCN1C(=O)[C@@H]1C[C@H](NC(=O)Nc2ccccc2)CN1,CHEMBL371585,=,=,1.5,1.5,1.5,8.823908740944319
C[C@@H](c1ccc(-c2cccc(-c3n[nH]c(O)n3)c2)cc1)[C@H](N)C(=O)N1CC[C@H](F)C1.O=C(O)C(F)(F)F,CHEMBL195905,=,=,95.0,0.095,95.0,7.022276394711152
C[C@@H](c1ccc(-c2cccc(-c3c[nH]c(O)n3)c2)cc1)[C@H](N)C(=O)N1CC[C@H](F)C1.O=C(O)C(F)(F)F,CHEMBL364057,=,=,110.0,0.11,110.0,6.958607314841775
C[C@@H](c1ccc(-c2cccc(-c3nc[nH]n3)c2)cc1)[C@H](N)C(=O)N1CC[C@H](F)C1.O=C(O)C(F)(F)F,CHEMBL190979,=,=,98.0,0.098,98.0,7.008773924307505
C[C@@H](c1ccc(-c2cccc(-c3noc(C4CC4)n3)c2)cc1)[C@H](N)C(=O)N1CC[C@H](F)C1.O=C(O)C(F)(F)F,CHEMBL370033,=,=,140.0,0.14,140.0,6.853871964321762
C[C@@H](c1ccc(-c2cccc(-c3nn[nH]n3)c2)cc1)[C@H](N)C(=O)N1CC[C@H](F)C1.O=C(O)C(F)(F)F,CHEMBL195378,=,=,6.0,0.006,6.0,8.221848749616356
C[C@@H](c1ccc(-c2cccc(-c3noc(O)n3)c2)cc1)[C@H](N)C(=O)N1CC[C@H](F)C1.O=C(O)C(F)(F)F,CHEMBL370072,=,=,3.0,0.003,3.0,8.522878745280337
COc1ccc(-c2ccc([C@H](C)[C@H](N)C(=O)N3CC[C@H](F)C3)cc2)cc1.O=C(O)C(F)(F)F,CHEMBL195443,=,=,130.0,0.13,130.0,6.886056647693163
Cc1ccc(-c2ccc([C@H](C)[C@H](N)C(=O)N3CC[C@H](F)C3)cc2)cc1.O=C(O)C(F)(F)F,CHEMBL191514,=,=,390.0,0.39,390.0,6.4089353929735005
C[C@@H](c1ccc(-c2ccc(NS(C)(=O)=O)cc2)cc1)[C@H](N)C(=O)N1CC[C@H](F)C1.O=C(O)C(F)(F)F,CHEMBL193887,=,=,710.0,0.71,710.0,6.1487416512809245
CCOC(=O)c1ccc(-c2ccc([C@H](C)[C@H](N)C(=O)N3CC[C@H](F)C3)cc2)cc1.O=C(O)C(F)(F)F,CHEMBL363175,=,=,440.0,0.44,440.0,6.356547323513812
C[C@@H](c1ccc(-c2ccc(C(=O)O)cc2)cc1)[C@H](N)C(=O)N1CC[C@H](F)C1.O=C(O)C(F)(F)F,CHEMBL191906,=,=,370.0,0.37,370.0,6.431798275933005
C[C@@H](c1ccc(-c2ccc(S(C)(=O)=O)cc2)cc1)[C@H](N)C(=O)N1CC[C@H](F)C1.O=C(O)C(F)(F)F,CHEMBL194437,=,=,420.0,0.42,420.0,6.376750709602099
C[C@@H](c1ccc(-c2cc(F)cc(F)c2)cc1)[C@H](N)C(=O)N1CC[C@H](F)C1.O=C(O)C(F)(F)F,CHEMBL191812,=,=,240.0,0.24,240.0,6.619788758288394
C[C@@H](c1ccc(-c2cc(F)ccc2F)cc1)[C@H](N)C(=O)N1CC[C@H](F)C1.O=C(O)C(F)(F)F,CHEMBL278729,=,=,150.0,0.15,150.0,6.823908740944319
C[C@@H](c1ccc(-c2ccc(F)c(F)c2)cc1)[C@H](N)C(=O)N1CC[C@H](F)C1.O=C(O)C(F)(F)F,CHEMBL195173,=,=,60.0,0.06,60.0,7.221848749616356
C[C@@H](c1ccc(-c2ccc(F)cc2F)cc1)[C@H](N)C(=O)N1CC[C@H](F)C1.O=C(O)C(F)(F)F,CHEMBL363584,=,=,37.0,0.037,37.0,7.431798275933005
C[C@@H](c1ccc(-c2cccc(-n3cnnn3)c2)cc1)[C@H](N)C(=O)N1CC[C@H](F)C1.O=C(O)C(F)(F)F,CHEMBL195739,=,=,140.0,0.14,140.0,6.853871964321762
C[C@@H](c1ccc(-c2cccc(-c3nnco3)c2)cc1)[C@H](N)C(=O)N1CC[C@H](F)C1.O=C(O)C(F)(F)F,CHEMBL195667,=,=,69.0,0.069,69.0,7.161150909262744
Cc1[nH]nc2c1CN(C(=O)C[C@H](N)Cc1cc(F)ccc1F)CC2,CHEMBL426469,=,=,250.0,0.25,250.0,6.6020599913279625
N[C@@H](CC(=O)N1CCc2n[nH]c(C(F)(F)F)c2C1)Cc1cc(F)ccc1F,CHEMBL197413,=,=,110.0,0.11,110.0,6.958607314841775
Cn1nc(C(F)(F)F)c2c1CCN(C(=O)C[C@H](N)Cc1cc(F)ccc1F)C2,CHEMBL195721,=,=,130.0,0.13,130.0,6.886056647693163
Cn1nc2c(c1C(F)(F)F)CN(C(=O)C[C@H](N)Cc1cc(F)ccc1F)CC2,CHEMBL191805,=,=,150.0,0.15,150.0,6.823908740944319
N[C@@H](CC(=O)N1CCc2c(c(C(F)(F)F)nn2CC(F)(F)F)C1)Cc1cc(F)ccc1F,CHEMBL196010,=,=,180.0,0.18,180.0,6.7447274948966935
N[C@@H](CC(=O)N1CCc2nn(CC(F)(F)F)c(C(F)(F)F)c2C1)Cc1cc(F)ccc1F,CHEMBL194979,=,=,150.0,0.15,150.0,6.823908740944319
Cc1nn(-c2ccc(F)cc2)c2c1CN(C(=O)C[C@H](N)Cc1cc(F)ccc1F)CC2,CHEMBL193885,=,=,350.0,0.35,350.0,6.455931955649724
Cc1c2c(nn1-c1ccc(F)cc1)CCN(C(=O)C[C@H](N)Cc1cc(F)ccc1F)C2,CHEMBL196114,=,=,160.0,0.16,160.0,6.795880017344075
N[C@@H](CC(=O)N1CCc2n[nH]c(C(F)(F)C(F)(F)F)c2C1)Cc1cc(F)ccc1F,CHEMBL370269,=,=,160.0,0.16,160.0,6.795880017344075
Cn1nc(C(F)(F)C(F)(F)F)c2c1CCN(C(=O)C[C@H](N)Cc1cc(F)ccc1F)C2,CHEMBL369894,=,=,220.0,0.22,220.0,6.657577319177793
Cn1nc2c(c1C(F)(F)C(F)(F)F)CN(C(=O)C[C@H](N)Cc1cc(F)ccc1F)CC2,CHEMBL366166,=,=,300.0,0.3,300.0,6.522878745280337
N[C@@H](CC(=O)N1CCc2n[nH]c(-c3ccc(F)cc3)c2C1)Cc1cc(F)ccc1F,CHEMBL373268,=,=,270.0,0.27,270.0,6.568636235841012
Cn1nc(-c2ccc(F)cc2)c2c1CCN(C(=O)C[C@H](N)Cc1cc(F)ccc1F)C2,CHEMBL193802,=,=,780.0,0.78,780.0,6.107905397309519
Cn1nc2c(c1-c1ccc(F)cc1)CN(C(=O)C[C@H](N)Cc1cc(F)ccc1F)CC2,CHEMBL197301,=,=,150.0,0.15,150.0,6.823908740944319
N[C@@H](CC(=O)N1CCc2noc(C(F)(F)F)c2C1)Cc1cc(F)ccc1F,CHEMBL363606,=,=,130.0,0.13,130.0,6.886056647693163
N[C@@H](CC(=O)N1CCc2c(n[nH]c2C(F)(F)F)C1)Cc1cc(F)ccc1F,CHEMBL197300,=,=,39.0,0.039,39.0,7.4089353929735005
Cn1nc(C(F)(F)F)c2c1CN(C(=O)C[C@H](N)Cc1cc(F)ccc1F)CC2,CHEMBL196938,=,=,72.0,0.072,72.0,7.142667503568731
Cn1nc2c(c1C(F)(F)F)CCN(C(=O)C[C@H](N)Cc1cc(F)ccc1F)C2,CHEMBL371521,=,=,130.0,0.13,130.0,6.886056647693163
N[C@@H](CC(=O)N1CCc2c(C3CC3)n[nH]c2C1)Cc1cc(F)ccc1F,CHEMBL425905,=,=,160.0,0.16,160.0,6.795880017344075
N[C@@H](CC(=O)N1CCc2c(noc2C(F)(F)F)C1)Cc1cc(F)ccc1F,CHEMBL195984,=,=,85.0,0.085,85.0,7.070581074285707
N[C@@H](CC(=O)N1CCCc2n[nH]c(C(F)(F)F)c21)Cc1cc(F)ccc1F,CHEMBL364461,=,=,590.0,0.59,590.0,6.229147988357855
Cc1nc2c(s1)CN(C(=O)C[C@H](N)Cc1cc(F)ccc1F)CC2,CHEMBL196333,=,=,480.0,0.48,480.0,6.318758762624412
N[C@@H](CC(=O)N1CCc2nc(C(F)(F)F)sc2C1)Cc1cc(F)ccc1F,CHEMBL426649,=,=,310.0,0.31,310.0,6.508638306165727
N[C@@H](CC(=O)N1CCc2nc(-c3ccc(F)cc3)sc2C1)Cc1cc(F)ccc1F,CHEMBL195547,=,=,360.0,0.36,360.0,6.443697499232712
N[C@@H](CC(=O)N1CCc2nc(-c3ccc(C(F)(F)F)cc3)sc2C1)Cc1cc(F)ccc1F,CHEMBL197352,=,=,260.0,0.26,260.0,6.585026652029182
CSc1ccc(-c2nc3c(s2)CN(C(=O)C[C@H](N)Cc2cc(F)ccc2F)CC3)cc1,CHEMBL425200,=,=,380.0,0.38,380.0,6.42021640338319
CS(=O)(=O)c1ccc(-c2nc3c(s2)CN(C(=O)C[C@H](N)Cc2cc(F)ccc2F)CC3)cc1,CHEMBL372078,=,=,130.0,0.13,130.0,6.886056647693163
N[C@@H](CC(=O)N1CCc2nc(C3CC3)oc2C1)Cc1cc(F)ccc1F,CHEMBL425380,=,=,290.0,0.29,290.0,6.537602002101044
N[C@@H](CC(=O)N1CCc2sc(C(F)(F)F)nc2C1)Cc1cc(F)ccc1F,CHEMBL363375,=,=,95000.0,95.0,95000.0,4.022276394711152
N[C@@H](CC(=O)N1CCc2sc(-c3ccc(F)cc3)nc2C1)Cc1cc(F)ccc1F,CHEMBL195030,=,=,26.0,0.026,26.0,7.585026652029182
N[C@@H](CC(=O)N1CCc2sc(-c3ccc(C(F)(F)F)cc3)nc2C1)Cc1cc(F)ccc1F,CHEMBL381665,=,=,13.0,0.013,13.0,7.886056647693163
CS(=O)(=O)c1ccc(-c2nc3c(s2)CCN(C(=O)C[C@H](N)Cc2cc(F)ccc2F)C3)cc1,CHEMBL196881,=,=,1.4,0.0014,1.4,8.853871964321762
N[C@@H](CC(=O)N1CCc2oc(C3CC3)nc2C1)Cc1cc(F)ccc1F,CHEMBL197082,=,=,180.0,0.18,180.0,6.7447274948966935
Cc1[nH]nc2c1CN(C(=O)C[C@H](N)Cc1cc(F)ccc1F)CC2,CHEMBL426469,=,=,250.0,0.25,250.0,6.6020599913279625
N[C@@H](CC(=O)N1CCc2n[nH]c(C(F)(F)F)c2C1)Cc1cc(F)ccc1F,CHEMBL197413,=,=,110.0,0.11,110.0,6.958607314841775
N[C@@H](CC(=O)N1CCc2n[nH]c(C(F)(F)C(F)(F)F)c2C1)Cc1cc(F)ccc1F,CHEMBL370269,=,=,160.0,0.16,160.0,6.795880017344075
N[C@@H](CC(=O)N1CCc2n[nH]c(-c3ccc(F)cc3)c2C1)Cc1cc(F)ccc1F,CHEMBL373268,=,=,270.0,0.27,270.0,6.568636235841012
N[C@@H](CC(=O)N1CCc2c(n[nH]c2C(F)(F)F)C1)Cc1cc(F)ccc1F,CHEMBL197300,=,=,39.0,0.039,39.0,7.4089353929735005
N[C@@H](CC(=O)N1CCc2c(C3CC3)n[nH]c2C1)Cc1cc(F)ccc1F,CHEMBL425905,=,=,160.0,0.16,160.0,6.795880017344075
O=C(CNC1CC1)N1CCC[C@H]1B(O)O,CHEMBL381200,=,=,130.0,130.0,130.0,6.886056647693163
O=C(CNC1CCC1)N1CCC[C@H]1B(O)O,CHEMBL382980,=,=,75.0,75.0,75.0,7.1249387366083
O=C(CNC1CCCC1)N1CCC[C@H]1B(O)O,CHEMBL371429,=,=,25.0,25.0,25.0,7.6020599913279625
O=C(CNC1CCCCC1)N1CCC[C@H]1B(O)O,CHEMBL371130,=,=,27.0,27.0,27.0,7.568636235841012
O=C(CNC1CCCCCCC1)N1CCC[C@H]1B(O)O,CHEMBL382974,=,=,27.0,27.0,27.0,7.568636235841012
O=C(CNC1CCCCCCCCC1)N1CCC[C@H]1B(O)O,CHEMBL196267,=,=,58.0,58.0,58.0,7.236572006437063
O=C(CNC12CC3CC(CC(C3)C1)C2)N1CCC[C@@H]1B(O)O,CHEMBL373269,=,=,8.0,8.0,8.0,8.096910013008056
CCCCCC12CCC(NCC(=O)N3CCC[C@H]3B(O)O)(CC1)CC2,CHEMBL372180,=,=,61.0,61.0,61.0,7.214670164989233
CC(C)[C@@H](NC1CCCCC1)C(=O)N1CCC[C@H]1B(O)O,CHEMBL434184,=,=,16000.0,16000.0,16000.0,4.795880017344075
CC(C)[C@@H](N)C(=O)N1CCC[C@H]1B(O)O,CHEMBL305170,=,=,0.3,0.3,0.3,9.522878745280337
C[C@@H](N)C(=O)N1CCC[C@H]1B(O)O,CHEMBL196120,=,=,0.8,0.8,0.8,9.096910013008056
O=C(CNC1C2CC3CC(C2)CC1C3)N1CCC[C@@H]1B(O)O,CHEMBL427012,=,=,12.0,12.0,12.0,7.920818753952375
CC12CC3(C)CC(C)(C1)CC(NCC(=O)N1CCC[C@@H]1B(O)O)(C2)C3,CHEMBL381444,=,=,560.0,560.0,560.0,6.251811972993799
CN(CC(=O)N1CCC[C@@H]1B(O)O)C1C2CC3CC(C2)CC1C3,CHEMBL196188,=,=,1600.0,1600.0,1600.0,5.795880017344075
O=C(CNC1CCCCCC1)N1CCC[C@H]1B(O)O,CHEMBL196933,=,=,7.8,7.8,7.8,8.10790539730952
CCCC[C@@H](NC(=O)[C@@H](N)CC)B(O)O,CHEMBL195271,=,=,32000.0,32000.0,32000.0,4.494850021680094
CCCC[C@@H](NC(=O)[C@@H](N)CCC)B(O)O,CHEMBL196180,=,=,810.0,810.0,810.0,6.09151498112135
CCCC[C@@H](NC(=O)[C@@H](N)CCCC)B(O)O,CHEMBL194249,=,=,370.0,370.0,370.0,6.431798275933005
CCCC[C@@H](NC(=O)[C@@H](N)C(C)C)B(O)O,CHEMBL194250,=,=,17000.0,17000.0,17000.0,4.769551078621726
CCCC[C@@H](NC(=O)[C@@H](N)CN)B(O)O,CHEMBL196461,=,=,2000.0,2000.0,2000.0,5.698970004336019
CCCC[C@@H](NC(=O)[C@@H](N)CCCN)B(O)O,CHEMBL373319,=,=,1200.0,1200.0,1200.0,5.920818753952375
CCCC[C@H](N)C(=O)N1CCC[C@@H]1B(O)O,CHEMBL194852,=,=,4.5,4.5,4.5,8.346787486224656
NCC[C@H](N)C(=O)N1CCC[C@@H]1B(O)O,CHEMBL194428,=,=,15.0,15.0,15.0,7.823908740944319
CC(C)[C@H](N)C(=O)N1CCC[C@@H]1B(O)O,CHEMBL195189,=,=,0.3,0.3,0.3,9.522878745280337
CC(C)[C@H](N)C(=O)N[C@@H](C)B(O)O,CHEMBL365322,=,=,0.89,0.89,0.89,9.050609993355087
O=C(CNC1CC2CCCC1C2)N1CCC[C@H]1C(O)O,CHEMBL362922,=,=,25.0,25.0,25.0,7.6020599913279625
CC[C@H](C)[C@H](N)C(=O)N1CCSC1,CHEMBL98408,=,=,1660.0,1660.0,1660.0,5.779891911959945
CC(C)(CC(=O)NC(C)(C)c1ccccc1)NCC(=O)N1CCC[C@H]1C#N,CHEMBL202711,=,=,1108.0,1108.0,1108.0,5.955460239607589
CC(C)(CC(=O)N1Cc2ccccc2C1)NCC(=O)N1CCC[C@H]1C#N,CHEMBL201644,=,=,15.0,15.0,15.0,7.823908740944319
CC(C)(CC(=O)N1CCc2cc(F)cc(F)c2C1)NCC(=O)N1CCC[C@H]1C#N,CHEMBL425756,=,=,22.0,22.0,22.0,7.657577319177793
CC(C)(CC(=O)N1CCc2cc(F)ccc2C1)NCC(=O)N1CCC[C@H]1C#N,CHEMBL380902,=,=,30.0,30.0,30.0,7.522878745280337
CC(C)(CC(=O)N1CCc2ccccc2C1)NCC(=O)N1CCC[C@H]1C#N,CHEMBL201424,=,=,49.0,49.0,49.0,7.309803919971486
CC(C)[C@@H](CC(=O)N1CCc2ccccc2C1)NCC(=O)N1CCC[C@H]1C#N,CHEMBL201398,=,=,811.0,811.0,811.0,6.090979145788844
C[C@@H](CC(=O)N1CCc2ccccc2C1)NCC(=O)N1CCC[C@H]1C#N,CHEMBL425585,=,=,54.0,54.0,54.0,7.267606240177031
N#C[C@@H]1CCCN1C(=O)CNCCCC(=O)N1CCc2ccccc2C1,CHEMBL371057,=,=,428.0,428.0,428.0,6.368556230986828
N#C[C@@H]1CCCN1C(=O)CNCCC(=O)Nc1ccccc1,CHEMBL371480,=,=,298.0,298.0,298.0,6.525783735923745
N#C[C@@H]1CCCN1C(=O)CNCCC(=O)NCCc1ccccc1,CHEMBL201544,=,=,564.0,564.0,564.0,6.248720896016658
CC(C)(NC(=O)CCNCC(=O)N1CCC[C@H]1C#N)c1ccccc1,CHEMBL201158,=,=,119.0,119.0,119.0,6.924453038607469
CC(C)C(NC(=O)CCNCC(=O)N1CCC[C@H]1C#N)c1ccccc1,CHEMBL372391,=,=,784.0,784.0,784.0,6.105683937315561
N#C[C@@H]1CCCN1C(=O)CNCCC(=O)NCc1cc(F)cc(F)c1,CHEMBL382847,=,=,369.0,369.0,369.0,6.432973633840939
CCC(NC(=O)CCNCC(=O)N1CCC[C@H]1C#N)c1ccccc1,CHEMBL201695,=,=,447.0,447.0,447.0,6.349692476868063
N#C[C@@H]1CCCN1C(=O)CNCCC(=O)NCc1ccc([N+](=O)[O-])cc1,CHEMBL203032,=,=,317.0,317.0,317.0,6.498940737782249
N#C[C@@H]1CCCN1C(=O)CNCCC(=O)NCc1ccccc1,CHEMBL382907,=,=,452.0,452.0,452.0,6.3448615651886175
N#C[C@@H]1CCCN1C(=O)CNCCC(=O)N1CCN(c2nc3ccccc3s2)CC1,CHEMBL383841,=,=,527.0,527.0,527.0,6.278189384787453
CC(=O)Nc1ccc(S(=O)(=O)N2CCN(C(=O)CCNCC(=O)N3CCC[C@H]3C#N)CC2)cc1,CHEMBL201753,=,=,1418.0,1418.0,1418.0,5.848323769152952
N#C[C@@H]1CCCN1C(=O)CNCCC(=O)N1CCN(C(=O)c2cc(F)cc(F)c2)CC1,CHEMBL372746,=,=,676.0,676.0,676.0,6.170053304058364
N#C[C@@H]1CCCN1C(=O)CNCCC(=O)N1Cc2ccccc2C1,CHEMBL381530,=,=,132.0,132.0,132.0,6.8794260687941495
N#C[C@@H]1CCCN1C(=O)CNCCC(=O)N1CCc2cc(F)ccc2C1,CHEMBL203084,=,=,83.0,83.0,83.0,7.080921907623926
COc1cc2c(cc1OC)CN(C(=O)CCNCC(=O)N1CCC[C@H]1C#N)CC2,CHEMBL424854,=,=,651.0,651.0,651.0,6.186419011431807
N#C[C@@H]1CCCN1C(=O)CNCCC(=O)N1CCc2ccccc2C1,CHEMBL200103,=,=,116.0,116.0,116.0,6.935542010773082
N#C[C@@H]1CCCN1C(=O)CNCC(=O)N1CCc2ccccc2C1,CHEMBL371907,=,=,3236.0,3236.0,3236.0,5.489991487059765
N#C[C@@H]1CCCN1C(=O)CNC12CC3CC(CC(O)(C3)C1)C2,CHEMBL142703,=,=,51.0,51.0,51.0,7.292429823902063
N#Cc1ccc(NCCNCC(=O)N2CCC[C@H]2C#N)nc1,CHEMBL77538,=,=,53.0,53.0,53.0,7.275724130399211
N#C[C@@H]1CCCN1C(=O)[C@@H](N)C1CCCCC1,CHEMBL307636,=,=,12.0,12.0,12.0,7.920818753952375
C[C@@H](c1ccc(-c2ccc(O)nc2)cc1)[C@H](N)C(=O)N1CC[C@H](F)C1.O=C(O)C(F)(F)F,CHEMBL381145,=,=,25.0,0.025,25.0,7.6020599913279625
C[C@@H](c1ccc(-c2ccc(=O)n(C)c2)cc1)[C@H](N)C(=O)N1CCC(F)CC1.O=C(O)C(F)(F)F,CHEMBL202634,=,=,1100.0,1.1,1100.0,5.958607314841775
C[C@@H](c1ccc(-c2ccc(=O)n(C)c2)cc1)[C@H](N)C(=O)N1CC(F)C1.O=C(O)C(F)(F)F,CHEMBL378597,=,=,31.0,0.031,31.0,7.508638306165727
C[C@@H](c1ccc(-c2ccc(=O)n(C)c2)cc1)[C@H](N)C(=O)N1CCSC1.O=C(O)C(F)(F)F,CHEMBL377724,=,=,26.0,0.026,26.0,7.585026652029182
C[C@@H](c1ccc(-c2ccc(=O)n(C)c2)cc1)[C@H](N)C(=O)N1CCCC1.O=C(O)C(F)(F)F,CHEMBL203379,=,=,48.0,0.048,48.0,7.318758762624412
C[C@@H](c1ccc(-c2ccc(=O)n(C)c2)cc1)[C@H](N)C(=O)N1CCC(F)(F)C1.O=C(O)C(F)(F)F,CHEMBL206501,=,=,26.0,0.026,26.0,7.585026652029182
CCOC(=O)Nc1c(-c2ccc([C@H](C)[C@H](N)C(=O)N3CC[C@H](F)C3)cc2)cn(C)c(=O)c1F.O=C(O)C(F)(F)F,CHEMBL438265,=,=,120.0,0.12,120.0,6.920818753952375
C[C@@H](c1ccc(-c2cn(C)c(=O)c(Cl)c2F)cc1)[C@H](N)C(=O)N1CC[C@H](F)C1.O=C(O)C(F)(F)F,CHEMBL203267,=,=,37.0,0.037,37.0,7.431798275933005
COc1cc(=O)n(C)cc1-c1ccc([C@H](C)[C@H](N)C(=O)N2CC[C@H](F)C2)cc1.O=C(O)C(F)(F)F,CHEMBL380496,=,=,67.0,0.067,67.0,7.173925197299173
C[C@@H](c1ccc(-c2cn(C)c(=O)cc2CO)cc1)[C@H](N)C(=O)N1CC[C@H](F)C1.O=C(O)C(F)(F)F,CHEMBL203169,=,=,38.0,0.038,38.0,7.42021640338319
Cc1cc(=O)n(C)cc1-c1ccc([C@H](C)[C@H](N)C(=O)N2CC[C@H](F)C2)cc1.O=C(O)C(F)(F)F,CHEMBL425039,=,=,52.0,0.052,52.0,7.2839966563652006
C[C@@H](c1ccc(-c2cn(C)c(=O)cc2F)cc1)[C@H](N)C(=O)N1CC[C@H](F)C1.O=C(O)C(F)(F)F,CHEMBL424687,=,=,61.0,0.061,61.0,7.214670164989233
C[C@@H](c1ccc(-c2cc(Br)c(=O)n(C)c2)cc1)[C@H](N)C(=O)N1CC[C@H](F)C1.O=C(O)C(F)(F)F,CHEMBL383651,=,=,69.0,0.069,69.0,7.161150909262744
C[C@@H](c1ccc(-c2cc(F)c(=O)n(C)c2)cc1)[C@H](N)C(=O)N1CC[C@H](F)C1.O=C(O)C(F)(F)F,CHEMBL203736,=,=,49.0,0.049,49.0,7.309803919971486
Cc1c(-c2ccc([C@H](C)[C@H](N)C(=O)N3CC[C@H](F)C3)cc2)cc(Br)c(=O)n1C.O=C(O)C(F)(F)F,CHEMBL203323,=,=,570.0,0.57,570.0,6.2441251443275085
Cc1c(-c2ccc([C@H](C)[C@H](N)C(=O)N3CC[C@H](F)C3)cc2)ccc(=O)n1C.O=C(O)C(F)(F)F,CHEMBL206252,=,=,320.0,0.32,320.0,6.494850021680094
C[C@@H](c1ccc(-c2ccc(=O)n(C)c2F)cc1)[C@H](N)C(=O)N1CC[C@H](F)C1.O=C(O)C(F)(F)F,CHEMBL205872,=,=,29.0,0.029,29.0,7.537602002101044
C[C@@H](c1ccc(-c2ccc(=O)n(-c3ccc(F)cc3)c2)cc1)[C@H](N)C(=O)N1CC[C@H](F)C1.O=C(O)C(F)(F)F,CHEMBL206172,=,=,229.0,0.229,229.0,6.6401645176601125
CCOC(=O)C(F)(F)n1cc(-c2ccc([C@H](C)[C@H](N)C(=O)N3CC[C@H](F)C3)cc2)ccc1=O.O=C(O)C(F)(F)F,CHEMBL438258,=,=,92.0,0.092,92.0,7.036212172654444
CCOC(=O)Cn1cc(-c2ccc([C@H](C)[C@H](N)C(=O)N3CC[C@H](F)C3)cc2)ccc1=O.O=C(O)C(F)(F)F,CHEMBL382674,=,=,90.0,0.09,90.0,7.045757490560675
C[C@@H](c1ccc(-c2ccc(=O)n(CC3CC3)c2)cc1)[C@H](N)C(=O)N1CC[C@H](F)C1.O=C(O)C(F)(F)F,CHEMBL383323,=,=,117.0,0.117,117.0,6.931814138253838
CCn1cc(-c2ccc([C@H](C)[C@H](N)C(=O)N3CC[C@H](F)C3)cc2)ccc1=O.O=C(O)C(F)(F)F,CHEMBL206792,=,=,74.0,0.074,74.0,7.130768280269024
C[C@@H](c1ccc(-c2ccc(=O)n(C)c2)cc1)[C@H](N)C(=O)N1CC[C@H](F)C1.O=C(O)C(F)(F)F,CHEMBL206383,=,=,34.0,0.034,34.0,7.468521082957745
CC(C)[C@H](N)C(=O)N1CCCC1,CHEMBL383705,=,=,3000.0,3.0,3000.0,5.522878745280337
NCC1(c2ccccc2)CCCC1,CHEMBL382127,=,=,40000.0,40.0,40000.0,4.3979400086720375
NCC(c1ccccc1Cl)N1CCOCC1,CHEMBL382382,=,=,30000.0,30.0,30000.0,4.522878745280337
NCc1cccnc1-c1ccccc1Cl,CHEMBL378152,=,=,3300.0,3.3,3300.0,5.481486060122112
NCc1ccccc1-c1ccccc1Cl,CHEMBL206496,=,=,2300.0,2.3,2300.0,5.638272163982407
NCc1c(Cl)cccc1Oc1ccccc1,CHEMBL203105,=,=,37000.0,37.0,37000.0,4.431798275933005
N[C@H](c1ccccc1)[C@@H](N)c1ccccc1,CHEMBL206743,=,=,75000.0,75.0,75000.0,4.1249387366083
N[C@H](c1ccccc1)[C@H](N)c1ccccc1,CHEMBL381340,=,=,45000.0,45.0,45000.0,4.346787486224656
NCC1(c2ccccc2)CCCC1,CHEMBL382127,=,=,33000.0,33.0,33000.0,4.481486060122113
N[C@@H](CC(=O)N1CCC[C@H]1CNC(=O)c1ccccc1)Cc1ccccc1F,CHEMBL425584,=,=,90.0,90.0,90.0,7.045757490560675
NC(=O)[C@@H]1Cc2ccccc2CN1C(=O)C[C@H](N)Cc1ccccc1F,CHEMBL381806,=,=,23.0,23.0,23.0,7.638272163982407
NCC(c1ccccc1Cl)N1CCOCC1,CHEMBL382382,=,=,33000.0,33.0,33000.0,4.481486060122113
N#C[C@@H]1CC[C@H](C#N)N1C(=O)CNC12CC3CC(CC1C3)C2,CHEMBL383488,=,=,72.0,72.0,72.0,7.142667503568731
N#C[C@@H]1CC[C@H](C#N)N1C(=O)CNC1(CO)Cc2ccccc2C1,CHEMBL382045,=,=,875.0,875.0,875.0,6.057991946977687
CC1CCC(C)(NCC(=O)N2[C@H](C#N)CC[C@@H]2C#N)C1,CHEMBL207620,=,=,771.0,771.0,771.0,6.112945621949043
CC(C)(C)C(=O)CC1(NCC(=O)N2[C@H](C#N)CC[C@@H]2C#N)CCCC1,CHEMBL378750,=,=,1860.0,1860.0,1860.0,5.730487055782083
COCCC1(NCC(=O)N2[C@H](C#N)CC[C@@H]2C#N)CCCC1,CHEMBL208756,=,=,955.0,955.0,955.0,6.019996628416253
N#C[C@@H]1CC[C@H](C#N)N1C(=O)CNC1(COC2CCCCC2)CCCC1,CHEMBL377749,=,=,702.0,702.0,702.0,6.153662887870195
CC(C)COCC1(NCC(=O)N2[C@H](C#N)CC[C@@H]2C#N)CCCC1,CHEMBL378709,=,=,454.0,454.0,454.0,6.342944147142896
CC1(NCC(=O)N2[C@H](C#N)CC[C@@H]2C#N)CCCC1,CHEMBL381111,=,=,201.0,201.0,201.0,6.6968039425795105
CCCOCC1(NCC(=O)N2[C@H](C#N)CC[C@@H]2C#N)CCCC1,CHEMBL208657,=,=,123.0,123.0,123.0,6.910094888560602
CCCCOCC1(NCC(=O)N2[C@H](C#N)CC[C@@H]2C#N)CCCC1,CHEMBL209994,=,=,91.0,91.0,91.0,7.040958607678906
COCC1(NCC(=O)N2[C@H](C#N)CC[C@@H]2C#N)CCCC1,CHEMBL379086,=,=,84.0,84.0,84.0,7.075720713938118
CCOCC1(NCC(=O)N2[C@H](C#N)CC[C@@H]2C#N)CCCC1,CHEMBL209191,=,=,64.0,64.0,64.0,7.1938200260161125
N#C[C@@H]1CC[C@H](C#N)N1C(=O)CNC1(CO)CCOCC1,CHEMBL380681,=,=,1220.0,1220.0,1220.0,5.913640169325252
N#C[C@@H]1CC[C@H](C#N)N1C(=O)CNC1(Cc2ccccc2)CCC1,CHEMBL209127,=,=,1160.0,1160.0,1160.0,5.935542010773082
CC(C)(CO)NCC(=O)N1[C@H](C#N)CC[C@@H]1C#N,CHEMBL379260,=,=,1110.0,1110.0,1110.0,5.954677021213342
CC1(NCC(=O)N2[C@H](C#N)CC[C@@H]2C#N)CCCCC1,CHEMBL377058,=,=,689.0,689.0,689.0,6.161780778092375
N#C[C@@H]1CC[C@H](C#N)N1C(=O)CNC1(CO)CCCCC1,CHEMBL208952,=,=,687.0,687.0,687.0,6.16304326294045
CC(C)(C)NCC(=O)N1[C@H](C#N)CC[C@@H]1C#N,CHEMBL208902,=,=,663.0,663.0,663.0,6.178486471595226
CC(C)(Cc1ccc(F)cc1)NCC(=O)N1[C@H](C#N)CC[C@@H]1C#N,CHEMBL209058,=,=,651.0,651.0,651.0,6.186419011431807
CC(C)(NCC(=O)N1[C@H](C#N)CC[C@@H]1C#N)c1ccccc1,CHEMBL210259,=,=,261.0,261.0,261.0,6.583359492661719
N#C[C@@H]1CC[C@H](C#N)N1C(=O)CN[C@H]1C[C@@H]2CC[C@H]1C2,CHEMBL211024,=,=,237.0,237.0,237.0,6.625251653989896
CC(C)(C)CC(C)(C)NCC(=O)N1[C@H](C#N)CC[C@@H]1C#N,CHEMBL377320,=,=,208.0,208.0,208.0,6.681936665037238
N#C[C@@H]1CC[C@H](C#N)N1C(=O)CNC1(c2ccccc2)CCC1,CHEMBL208673,=,=,164.0,164.0,164.0,6.785156151952302
N#C[C@@H]1CC[C@H](C#N)N1C(=O)CNC12CC3CC(CC(C3)C1)C2,CHEMBL207980,=,=,106.0,106.0,106.0,6.97469413473523
N#C[C@@H]1CC[C@H](C#N)N1C(=O)CNC1(CO)CCCC1,CHEMBL379522,=,=,104.0,104.0,104.0,6.982966660701219
N#C[C@@H]1CC[C@H](C#N)N1C(=O)CNC12CC3CC(CC(O)(C3)C1)C2,CHEMBL207912,=,=,74.0,74.0,74.0,7.130768280269024
N#C[C@@H]1CC[C@H](C#N)N1C(=O)CNC1(CO)CCCC1,CHEMBL379522,=,=,109.0,109.0,109.0,6.962573502059376
N#C[C@@H]1CC[C@H](C#N)N1C(=O)CNC1(CO)CCCC1,CHEMBL379522,=,=,92.0,92.0,92.0,7.036212172654444
N#C[C@@H]1CC[C@H](C#N)N1C(=O)CNC1(CO)CCCC1,CHEMBL379522,=,=,69.0,69.0,69.0,7.161150909262744
CN(C)C(=O)[C@@H](c1ccc(-c2ccn3nccc3n2)cc1)[C@H](N)C(=O)N1CCC(F)(F)C1.O=C(O)C(F)(F)F,CHEMBL208957,=,=,7.5,7.5,7.5,8.1249387366083
CN(C)C(=O)[C@@H](c1ccc(-c2ccn3ncnc3c2)cc1)[C@H](N)C(=O)N1CCC(F)(F)C1.O=C(O)C(F)(F)F,CHEMBL210829,=,=,6.2,6.2,6.2,8.207608310501746
CN(C)C(=O)[C@@H](c1ccc(-c2ccc3ncnn3c2)cc1)[C@H](N)C(=O)N1CCC(F)(F)C1.Cl,CHEMBL537869,=,=,8.8,8.8,8.8,8.05551732784983
CN(C)C(=O)[C@@H](c1ccc(-c2ccc3ncnn3c2)cc1)[C@H](N)C(=O)N1CCC(F)(F)C1.O=C(O)C(F)(F)F,CHEMBL209064,=,=,6.3,6.3,6.3,8.200659450546418
CN(C)C(=O)[C@@H](c1ccc(-c2ccc3ncnn3c2)cc1)[C@H](N)C(=O)N1CCCC1.O=C(O)C(F)(F)F,CHEMBL378048,=,=,5.2,5.2,5.2,8.2839966563652
CN(C)C(=O)[C@@H](c1ccc(-c2ccc3ncnn3c2)cc1)[C@H](N)C(=O)N1CC(F)C1.O=C(O)C(F)(F)F,CHEMBL210974,=,=,2.7,2.7,2.7,8.568636235841012
Cc1cc(-c2ccc([C@H](C(=O)N(C)C)[C@H](N)C(=O)N3CC[C@H](F)C3)cc2)cn2ncnc12.O=C(O)C(F)(F)F,CHEMBL210621,=,=,150.0,150.0,150.0,6.823908740944319
Cc1c(-c2ccc([C@H](C(=O)N(C)C)[C@H](N)C(=O)N3CC[C@H](F)C3)cc2)ccc2ncnn12.O=C(O)C(F)(F)F,CHEMBL209111,=,=,8.6,8.6,8.6,8.065501548756432
Cc1nc2ccc(-c3ccc([C@H](C(=O)N(C)C)[C@H](N)C(=O)N4CC[C@H](F)C4)cc3)cn2n1.O=C(O)C(F)(F)F,CHEMBL209710,=,=,22.0,22.0,22.0,7.657577319177793
CN(C)C(=O)[C@@H](c1ccc(-c2ccc3nccn3n2)cc1)[C@H](N)C(=O)N1CC[C@H](F)C1.O=C(O)C(F)(F)F,CHEMBL379702,=,=,13.0,13.0,13.0,7.886056647693163
CN(C)C(=O)[C@@H](c1ccc(-c2ccn3nccc3n2)cc1)[C@H](N)C(=O)N1CC[C@H](F)C1.O=C(O)C(F)(F)F,CHEMBL210459,=,=,8.0,8.0,8.0,8.096910013008056
CN(C)C(=O)[C@@H](c1ccc(-c2ccn3ncnc3c2)cc1)[C@H](N)C(=O)N1CC[C@H](F)C1.O=C(O)C(F)(F)F,CHEMBL210999,=,=,5.3,5.3,5.3,8.275724130399212
CN(C)C(=O)[C@@H](c1ccc(-c2ccc3ncnn3c2)cc1)[C@H](N)C(=O)N1CC[C@H](F)C1.O=C(O)C(F)(F)F,CHEMBL377221,=,=,4.3,4.3,4.3,8.366531544420413
CN(C)C(=O)[C@@H](c1ccc(-c2ccc3nncn3c2)cc1)[C@H](N)C(=O)N1CC[C@H](F)C1.O=C(O)C(F)(F)F,CHEMBL207348,=,=,4.1,4.1,4.1,8.387216143280265
CN(C)C(=O)[C@@H](c1ccc(-c2ccc3nccn3c2)cc1)[C@H](N)C(=O)N1CC[C@H](F)C1.O=C(O)C(F)(F)F,CHEMBL378673,=,=,13.0,13.0,13.0,7.886056647693163
CN(C)C(=O)[C@@H](c1ccc(-c2ccc(=O)n(C)c2)cc1)[C@H](N)C(=O)N1CC[C@H](F)C1.O=C(O)C(F)(F)F,CHEMBL209162,=,=,8.0,8.0,8.0,8.096910013008056
CN(C)C(=O)[C@@H](c1ccc(-c2ccn3nccc3n2)cc1)[C@H](N)C(=O)N1CCC(F)(F)C1.O=C(O)C(F)(F)F,CHEMBL208957,=,=,57.0,57.0,57.0,7.2441251443275085
CN(C)C(=O)[C@@H](c1ccc(-c2ccn3ncnc3c2)cc1)[C@H](N)C(=O)N1CCC(F)(F)C1.O=C(O)C(F)(F)F,CHEMBL210829,=,=,34.0,34.0,34.0,7.468521082957745
CN(C)C(=O)[C@@H](c1ccc(-c2ccc3ncnn3c2)cc1)[C@H](N)C(=O)N1CCC(F)(F)C1.Cl,CHEMBL537869,=,=,55.0,55.0,55.0,7.259637310505756
CN(C)C(=O)[C@@H](c1ccc(-c2ccc3ncnn3c2)cc1)[C@H](N)C(=O)N1CCC(F)(F)C1.O=C(O)C(F)(F)F,CHEMBL209064,=,=,71.0,71.0,71.0,7.1487416512809245
CN(C)C(=O)[C@@H](c1ccc(-c2ccc3ncnn3c2)cc1)[C@H](N)C(=O)N1CCCC1.O=C(O)C(F)(F)F,CHEMBL378048,=,=,63.0,63.0,63.0,7.200659450546418
CN(C)C(=O)[C@@H](c1ccc(-c2ccc3ncnn3c2)cc1)[C@H](N)C(=O)N1CC(F)C1.O=C(O)C(F)(F)F,CHEMBL210974,=,=,41.0,41.0,41.0,7.3872161432802645
Cc1cc(-c2ccc([C@H](C(=O)N(C)C)[C@H](N)C(=O)N3CC[C@H](F)C3)cc2)cn2ncnc12.O=C(O)C(F)(F)F,CHEMBL210621,=,=,640.0,640.0,640.0,6.1938200260161125
Cc1c(-c2ccc([C@H](C(=O)N(C)C)[C@H](N)C(=O)N3CC[C@H](F)C3)cc2)ccc2ncnn12.O=C(O)C(F)(F)F,CHEMBL209111,=,=,61.0,61.0,61.0,7.214670164989233
Cc1nc2ccc(-c3ccc([C@H](C(=O)N(C)C)[C@H](N)C(=O)N4CC[C@H](F)C4)cc3)cn2n1.O=C(O)C(F)(F)F,CHEMBL209710,=,=,223.0,223.0,223.0,6.651695136951839
CN(C)C(=O)[C@@H](c1ccc(-c2ccc3nccn3n2)cc1)[C@H](N)C(=O)N1CC[C@H](F)C1.O=C(O)C(F)(F)F,CHEMBL379702,=,=,177.0,177.0,177.0,6.752026733638193
CN(C)C(=O)[C@@H](c1ccc(-c2ccn3nccc3n2)cc1)[C@H](N)C(=O)N1CC[C@H](F)C1.O=C(O)C(F)(F)F,CHEMBL210459,=,=,53.0,53.0,53.0,7.275724130399211
CN(C)C(=O)[C@@H](c1ccc(-c2ccn3ncnc3c2)cc1)[C@H](N)C(=O)N1CC[C@H](F)C1.O=C(O)C(F)(F)F,CHEMBL210999,=,=,35.0,35.0,35.0,7.455931955649724
CN(C)C(=O)[C@@H](c1ccc(-c2ccc3ncnn3c2)cc1)[C@H](N)C(=O)N1CC[C@H](F)C1.O=C(O)C(F)(F)F,CHEMBL377221,=,=,44.0,44.0,44.0,7.356547323513812
CN(C)C(=O)[C@@H](c1ccc(-c2ccc3nncn3c2)cc1)[C@H](N)C(=O)N1CC[C@H](F)C1.O=C(O)C(F)(F)F,CHEMBL207348,=,=,16.0,16.0,16.0,7.795880017344075
CN(C)C(=O)[C@@H](c1ccc(-c2ccc3nccn3c2)cc1)[C@H](N)C(=O)N1CC[C@H](F)C1.O=C(O)C(F)(F)F,CHEMBL378673,=,=,133.0,133.0,133.0,6.876148359032914
CN(C)C(=O)[C@@H](c1ccc(-c2ccc(=O)n(C)c2)cc1)[C@H](N)C(=O)N1CC[C@H](F)C1.O=C(O)C(F)(F)F,CHEMBL209162,=,=,79.0,79.0,79.0,7.102372908709558
O=C([C@@H]1CN[C@H](C(=O)N2CCCC2)C1)N1Cc2ccccc2C1,CHEMBL379261,=,=,109.0,0.109,109.0,6.962573502059376
CC1(C)N[C@H](C(=O)N2CCC[C@H]2C#N)C[C@@H]1C(=O)N1Cc2ccccc2C1,CHEMBL210522,=,=,984.0,0.984,984.0,6.007004901568658
N#C[C@@H]1CCCN1C(=O)[C@@H]1C[C@H](C(=O)N2Cc3ccccc3C2)CN1,CHEMBL210995,=,=,1.7,0.0017,1.7,8.769551078621726
O=C([C@@H]1CN[C@H](C(=O)N2CCC(F)(F)C2)C1)N1Cc2ccccc2C1,CHEMBL427219,=,=,129.0,0.129,129.0,6.889410289700751
O=C([C@@H]1CN[C@H](C(=O)N2CC[C@@H](F)C2)C1)N1Cc2ccccc2C1,CHEMBL378086,=,=,228.0,0.228,228.0,6.642065152999546
O=C([C@@H]1CN[C@H](C(=O)N2CC[C@H](F)C2)C1)N1Cc2ccccc2C1,CHEMBL210590,=,=,245.0,0.245,245.0,6.610833915635467
O=C([C@@H]1CN[C@H](C(=O)N2CCSC2)C1)N1Cc2ccccc2C1,CHEMBL210353,=,=,84.0,0.084,84.0,7.075720713938118
CC(C)(CC(=O)N1Cc2ccccc2C1)NCC(=O)N1CCC[C@H]1C#N,CHEMBL201644,=,=,15.0,0.015,15.0,7.823908740944319
O=C(NCCc1ccccc1)[C@@H]1CN[C@H](C(=O)N2CCCC2)C1,CHEMBL210941,=,=,2587.0,2.587,2587.0,5.587203571283457
O=C(NCc1ccccc1)[C@@H]1CN[C@H](C(=O)N2CCCC2)C1,CHEMBL210920,=,=,1957.0,1.957,1957.0,5.708409174341998
O=C(Nc1ccccc1)[C@@H]1CN[C@H](C(=O)N2CCCC2)C1,CHEMBL380240,=,=,4130.0,4.13,4130.0,5.384049948343598
O=C([C@@H]1CN[C@H](C(=O)N2CCCC2)C1)N1Cc2cc(Cl)c(Cl)cc2C1,CHEMBL377776,=,=,144.0,0.144,144.0,6.84163750790475
Cc1ccc2c(c1)CN(C(=O)[C@@H]1CN[C@H](C(=O)N3CCCC3)C1)C2,CHEMBL209981,=,=,72.0,0.072,72.0,7.142667503568731
O=C([C@@H]1CN[C@H](C(=O)N2CCCC2)C1)N1Cc2ccc(C(F)(F)F)cc2C1,CHEMBL210718,=,=,73.0,0.073,73.0,7.136677139879544
O=C([C@@H]1CN[C@H](C(=O)N2CCCC2)C1)N1Cc2ccc(Cl)cc2C1,CHEMBL208964,=,=,50.0,0.05,50.0,7.301029995663981
O=C([C@@H]1CN[C@H](C(=O)N2CCCC2)C1)N1Cc2ccc(F)cc2C1,CHEMBL210225,=,=,73.0,0.073,73.0,7.136677139879544
C[C@@H](C[C@H](N)C(=O)N1CCCCC1)NCc1ccc(Cl)cc1,CHEMBL215299,=,=,325000.0,325.0,325000.0,3.4881166390211256
CCC(C)[C@@H](C[C@H](N)C(=O)N1CCCCC1)NCc1ccc(Cl)cc1,CHEMBL214580,=,=,234000.0,234.0,234000.0,3.6307841425898575
N[C@@H](CCNCc1ccc(Cl)cc1)C(=O)N1CCCCC1,CHEMBL98869,=,=,196000.0,196.0,196000.0,3.7077439286435236
CN1C(=O)C=C(N2CCC[C@@H](N)C2)C(Cc2ccccc2C#N)C1=O,CHEMBL216253,=,=,4.0,4.0,4.0,8.397940008672037
N[C@@H](CC(=O)N1CCn2c(nnc2C(F)(F)F)C1)Cc1cc(F)c(F)cc1F,CHEMBL1422,=,=,18.0,18.0,18.0,7.7447274948966935
N[C@@H](CC(=O)N1CCn2c(nnc2C(F)(F)F)C1)Cc1cc(F)ccc1F,CHEMBL216186,=,=,27.0,27.0,27.0,7.568636235841012
C[C@@H]1c2nnc(C(F)(F)F)n2CCN1C(=O)C[C@H](N)Cc1cc(F)ccc1F,CHEMBL217051,=,=,7.2,7.2,7.2,8.142667503568731
C[C@@H]1C(=O)NCN1C(=O)C[C@H](N)Cc1cc(F)ccc1F,CHEMBL384816,=,=,160.0,160.0,160.0,6.795880017344075
C[C@@H]1C(=O)NCCN1C(=O)C[C@H](N)Cc1cc(F)ccc1F,CHEMBL217015,=,=,89.0,89.0,89.0,7.050609993355087
C[C@@H]1C(=O)NCCCN1C(=O)C[C@H](N)Cc1cc(F)ccc1F,CHEMBL217016,=,=,14.0,14.0,14.0,7.853871964321762
C[C@@H]1C(=O)NCCCN1C(=O)C[C@H](N)Cc1cc(F)c(F)cc1F,CHEMBL385711,=,=,6.6,6.6,6.6,8.18045606445813
C[C@H]1C(=O)NCCCN1C(=O)C[C@H](N)Cc1cc(F)c(F)cc1F,CHEMBL217005,=,=,150.0,150.0,150.0,6.823908740944319
C[C@H]1C(=O)NCCCN1C(=O)C[C@@H](N)Cc1cc(F)c(F)cc1F,CHEMBL216234,=,=,2300.0,2300.0,2300.0,5.638272163982407
C[C@@H]1C(=O)NCCCN1C(=O)C[C@@H](N)Cc1cc(F)c(F)cc1F,CHEMBL384382,=,=,67000.0,67000.0,67000.0,4.173925197299174
N[C@@H](CC(=O)N1CCCNC(=O)C1)Cc1cc(F)c(F)cc1F,CHEMBL216643,=,=,140.0,140.0,140.0,6.853871964321762
CC[C@@H]1C(=O)NCCCN1C(=O)C[C@H](N)Cc1cc(F)c(F)cc1F,CHEMBL218459,=,=,16.0,16.0,16.0,7.795880017344075
N[C@@H](CC(=O)N1CCCNC(=O)[C@H]1Cc1ccccc1)Cc1cc(F)c(F)cc1F,CHEMBL386380,=,=,0.91,0.91,0.91,9.040958607678906
N[C@@H](CC(=O)N1CCCNC(=O)[C@H]1Cc1ccccn1)Cc1cc(F)c(F)cc1F,CHEMBL216178,=,=,0.49,0.49,0.49,9.309803919971486
N[C@@H](CC(=O)N1CCCNC(=O)[C@H]1Cc1cnccn1)Cc1cc(F)c(F)cc1F,CHEMBL217702,=,=,0.29,0.29,0.29,9.537602002101044
N[C@@H](CC(=O)N1CCCNC(=O)[C@H]1CC(F)(F)F)Cc1cc(F)c(F)cc1F,CHEMBL217271,=,=,2.6,2.6,2.6,8.585026652029182
N#C[C@@H]1CCCN1C(=O)CNCCC(=O)Nc1ccccc1,CHEMBL371480,=,=,298.0,0.298,298.0,6.525783735923745
CC(C)(CC(=O)Nc1ccccc1)NCC(=O)N1CCC[C@H]1C#N,CHEMBL216383,=,=,207.0,0.207,207.0,6.684029654543082
CC(C)(CC(=O)Nc1ccc(F)cc1)NCC(=O)N1CCC[C@H]1C#N,CHEMBL385637,=,=,197.0,0.197,197.0,6.7055337738384075
COc1ccc(NC(=O)CC(C)(C)NCC(=O)N2CCC[C@H]2C#N)cc1,CHEMBL384985,=,=,253.0,0.253,253.0,6.596879478824182
CC(C)(CC(=O)Nc1ccc(F)c(F)c1)NCC(=O)N1CCC[C@H]1C#N,CHEMBL386326,=,=,225.0,0.225,225.0,6.647817481888637
Cc1ccc(NC(=O)CC(C)(C)NCC(=O)N2CCC[C@H]2C#N)cc1C,CHEMBL385394,=,=,174.0,0.174,174.0,6.7594507517174005
COc1ccc(NC(=O)CC(C)(C)NCC(=O)N2CCC[C@H]2C#N)cc1OC,CHEMBL217198,=,=,116.0,0.116,116.0,6.935542010773082
COc1ccc(NC(=O)CC(C)(C)NCC(=O)N2CCC[C@H]2C#N)c(OC)c1OC,CHEMBL217059,=,=,127.0,0.127,127.0,6.896196279044043
CC(C)(CC(=O)Nc1ccc(-c2ccccc2)cc1)NCC(=O)N1CCC[C@H]1C#N,CHEMBL217060,=,=,269.0,0.269,269.0,6.570247719997592
N#C[C@@H]1CCCN1C(=O)CNCCC(=O)NCc1ccccc1,CHEMBL382907,=,=,452.0,0.452,452.0,6.3448615651886175
CC(C)(CC(=O)NCc1ccccc1)NCC(=O)N1CCC[C@H]1C#N,CHEMBL216377,=,=,239.0,0.239,239.0,6.621602099051863
CC(C)(CC(=O)NCc1ccc(C(F)(F)F)cc1)NCC(=O)N1CCC[C@H]1C#N,CHEMBL216453,=,=,190.0,0.19,190.0,6.721246399047171
CC(C)(CC(=O)NCc1ccccn1)NCC(=O)N1CCC[C@H]1C#N,CHEMBL216296,=,=,433.0,0.433,433.0,6.363512103646634
CC(C)(NC(=O)CCNCC(=O)N1CCC[C@H]1C#N)c1ccccc1,CHEMBL201158,=,=,119.0,0.119,119.0,6.924453038607469
CC(C)(CC(=O)NC(C)(C)c1ccccc1)NCC(=O)N1CCC[C@H]1C#N,CHEMBL202711,=,=,1108.0,1.108,1108.0,5.955460239607589
C[C@H](CC(=O)NC(C)(C)c1ccccc1)NCC(=O)N1CCC[C@H]1C#N,CHEMBL216203,=,=,911.0,0.911,911.0,6.040481623027002
C[C@@H](CC(=O)NC(C)(C)c1ccccc1)NCC(=O)N1CCC[C@H]1C#N,CHEMBL217245,=,=,42.0,0.042,42.0,7.376750709602099
N#C[C@@H]1CCCN1C(=O)CNCCC(=O)NCCc1ccccc1,CHEMBL201544,=,=,564.0,0.564,564.0,6.248720896016658
CC(C)(CC(=O)NCCc1ccccc1)NCC(=O)N1CCC[C@H]1C#N,CHEMBL274770,=,=,144.0,0.144,144.0,6.84163750790475
CC(C)(CC(=O)NC(C)(C)Cc1ccccc1)NCC(=O)N1CCC[C@H]1C#N,CHEMBL217212,=,=,1300.0,1.3,1300.0,5.886056647693163
Cc1ccc(CCNC(=O)CC(C)(C)NCC(=O)N2CCC[C@H]2C#N)cc1,CHEMBL217339,=,=,252.0,0.252,252.0,6.598599459218455
CC(C)(CC(=O)NCCc1ccc(C(F)(F)F)cc1)NCC(=O)N1CCC[C@H]1C#N,CHEMBL274103,=,=,236.0,0.236,236.0,6.627087997029893
CC(C)(CC(=O)NCCc1cccc(C(F)(F)F)c1)NCC(=O)N1CCC[C@H]1C#N,CHEMBL384493,=,=,247.0,0.247,247.0,6.607303046740334
CC(C)(CC(=O)NCCc1ccccc1C(F)(F)F)NCC(=O)N1CCC[C@H]1C#N,CHEMBL216878,=,=,320.0,0.32,320.0,6.494850021680094
COc1ccc(CCNC(=O)CC(C)(C)NCC(=O)N2CCC[C@H]2C#N)cc1OC,CHEMBL217290,=,=,232.0,0.232,232.0,6.634512015109101
CC(C)(CC(=O)NCCc1ccc(Cl)c(Cl)c1)NCC(=O)N1CCC[C@H]1C#N,CHEMBL218393,=,=,181.0,0.181,181.0,6.7423214251308154
CC(C)(CC(=O)NCCc1ccccn1)NCC(=O)N1CCC[C@H]1C#N,CHEMBL218026,=,=,118.0,0.118,118.0,6.928117992693874
C[C@H](CCc1ccc(C(N)=O)cc1)NCC(=O)c1ccc(F)cc1,CHEMBL218289,=,=,84.0,84.0,84.0,7.075720713938118
C[C@H](CCc1ccc(C(N)=O)cc1)NCC(=O)c1ccccc1,CHEMBL217388,=,=,280.0,280.0,280.0,6.552841968657781
C[C@H](CCc1ccc(C(N)=O)cc1)NCC(=O)c1ccc(F)c(F)c1,CHEMBL217017,=,=,39.0,39.0,39.0,7.4089353929735005
C[C@H](CCc1ccc(C(N)=O)cc1)NCC(=O)c1ccccc1F,CHEMBL217532,=,=,3800.0,3800.0,3800.0,5.42021640338319
C[C@H](CCc1ccc(C(N)=O)cc1)NCC(=O)c1ccc(Cl)cc1,CHEMBL217801,=,=,820.0,820.0,820.0,6.086186147616283
Cc1ccc(C(=O)CN[C@H](C)CCc2ccc(C(N)=O)cc2)cc1,CHEMBL386895,=,=,21000.0,21000.0,21000.0,4.6777807052660805
C[C@H](CCc1ccc(C(N)=O)cc1)NCC(=O)c1ccsc1,CHEMBL554090,=,=,110.0,110.0,110.0,6.958607314841775
C[C@H](COc1ccc(C(N)=O)cc1)NCC(=O)c1ccsc1,CHEMBL553006,=,=,340.0,340.0,340.0,6.468521082957745
NC(=O)c1ccc(OCC2(NCC(=O)c3ccsc3)CCCC2)cc1,CHEMBL541664,=,=,5.0,5.0,5.0,8.301029995663981
C[C@H](c1nc(-c2ccccc2)no1)[C@H](N)C(=O)N1CCCC1,CHEMBL216854,=,=,19700.0,19.7,19700.0,4.705533773838407
C[C@H](c1nc(-c2ccc(S(C)(=O)=O)cc2)no1)[C@H](N)C(=O)N1CCCC1,CHEMBL374936,=,=,122.0,0.122,122.0,6.913640169325252
C[C@H](c1nc(-c2ccc(S(N)(=O)=O)cc2)no1)[C@H](N)C(=O)N1CCCC1,CHEMBL219602,=,=,190.0,0.19,190.0,6.721246399047171
C[C@H](c1nc(-c2ccc(S(=O)(=O)C(F)(F)F)cc2)no1)[C@H](N)C(=O)N1CCCC1,CHEMBL218882,=,=,330.0,0.33,330.0,6.481486060122112
C[C@H](c1nc(-c2ccc(C(F)(F)F)cc2)no1)[C@H](N)C(=O)N1CCCC1,CHEMBL220301,=,=,1610.0,1.61,1610.0,5.79317412396815
C[C@H](c1nc(-c2ccc(OC(F)(F)F)cc2)no1)[C@H](N)C(=O)N1CCCC1,CHEMBL220249,=,=,1790.0,1.79,1790.0,5.747146969020107
C[C@H](c1nc(-c2ccc(Cl)cc2)no1)[C@H](N)C(=O)N1CCCC1,CHEMBL220021,=,=,3820.0,3.82,3820.0,5.417936637088291
C[C@H](c1nc(-c2cccc(C(F)(F)F)c2)no1)[C@H](N)C(=O)N1CCCC1,CHEMBL375875,=,=,15600.0,15.6,15600.0,4.806875401645539
C[C@H](c1nc(-c2ccccc2Cl)no1)[C@H](N)C(=O)N1CCCC1,CHEMBL375414,=,=,990.0,0.99,990.0,6.004364805402449
C[C@H](c1nc(-c2ccccc2C(F)(F)F)no1)[C@H](N)C(=O)N1CCCC1,CHEMBL219370,=,=,4820.0,4.82,4820.0,5.31695296176115
C[C@H](c1nc(-c2ccccc2F)no1)[C@H](N)C(=O)N1CCCC1,CHEMBL219369,=,=,4790.0,4.79,4790.0,5.319664486585436
C[C@H](c1nc(-c2ccccc2OC(F)(F)F)no1)[C@H](N)C(=O)N1CCCC1,CHEMBL426335,=,=,12400.0,12.4,12400.0,4.906578314837765
C[C@H](c1nc(-c2ccccc2C(F)F)no1)[C@H](N)C(=O)N1CCCC1,CHEMBL216774,=,=,1820.0,1.82,1820.0,5.739928612014925
C[C@H](c1nc(-c2ccc(S(C)(=O)=O)cc2F)no1)[C@H](N)C(=O)N1CCCC1,CHEMBL219278,=,=,43.0,0.043,43.0,7.366531544420414
C[C@H](c1nc(-c2ccc(S(C)(=O)=O)cc2Cl)no1)[C@H](N)C(=O)N1CCCC1,CHEMBL216835,=,=,17.0,0.017,17.0,7.769551078621726
C[C@H](c1nc(-c2ccc(NS(C)(=O)=O)cc2Cl)no1)[C@H](N)C(=O)N1CCCC1.O=C(O)C(F)(F)F,CHEMBL386812,=,=,8.0,0.008,8.0,8.096910013008056
C[C@H](c1nc(-c2ccc(F)cc2Cl)no1)[C@H](N)C(=O)N1CCCC1,CHEMBL216855,=,=,830.0,0.83,830.0,6.080921907623926
C[C@H](c1nc(-c2ccc(Br)cc2Cl)no1)[C@H](N)C(=O)N1CCCC1,CHEMBL374703,=,=,160.0,0.16,160.0,6.795880017344075
C[C@H](c1nc(-c2ccc(Cl)cc2Cl)no1)[C@H](N)C(=O)N1CCCC1.O=C(O)C(F)(F)F,CHEMBL438992,=,=,200.0,0.2,200.0,6.698970004336019
C[C@H](c1nc(-c2ccc(F)cc2F)no1)[C@H](N)C(=O)N1CCCC1,CHEMBL374032,=,=,4590.0,4.59,4590.0,5.338187314462739
C[C@H](c1nc(-c2cc(Cl)cc(Cl)c2)no1)[C@H](N)C(=O)N1CCCC1,CHEMBL219382,=,=,7360.0,7.36,7360.0,5.133122185662501
C[C@H](c1nc(-c2ccc(NS(C)(=O)=O)cc2)no1)[C@H](N)C(=O)N1CCCC1,CHEMBL218911,=,=,520.0,0.52,520.0,6.2839966563652006
C[C@H](c1nc(-c2ccc(NS(C)(=O)=O)cc2Cl)no1)[C@H](N)C(=O)N1CCC(F)(F)C1.O=C(O)C(F)(F)F,CHEMBL375146,=,=,19.0,0.019,19.0,7.721246399047171
C[C@H](c1nc(-c2ccc(NS(C)(=O)=O)cc2Cl)no1)[C@H](N)C(=O)N1CC[C@@H](F)C1.O=C(O)C(F)(F)F,CHEMBL218776,=,=,19.0,0.019,19.0,7.721246399047171
C[C@H](c1nc(-c2ccc(NS(C)(=O)=O)cc2Cl)no1)[C@H](N)C(=O)N1CC[C@H](F)C1.O=C(O)C(F)(F)F,CHEMBL387333,=,=,19.0,0.019,19.0,7.721246399047171
C[C@H](c1n[nH]c(-c2ccc(Cl)cc2Cl)n1)[C@H](N)C(=O)N1CCCC1.O=C(O)C(F)(F)F,CHEMBL218306,=,=,3050.0,3.05,3050.0,5.515700160653214
C[C@H](c1nc(-c2ccc(Cl)cc2Cl)co1)[C@H](N)C(=O)N1CCCC1.O=C(O)C(F)(F)F,CHEMBL218254,=,=,1830.0,1.83,1830.0,5.73754891026957
C[C@H](c1noc(-c2ccc(Cl)cc2Cl)n1)[C@H](N)C(=O)N1CCCC1.O=C(O)C(F)(F)F,CHEMBL220404,=,=,1210.0,1.21,1210.0,5.917214629683549
C[C@H](c1nnc(-c2ccc(Cl)cc2Cl)o1)[C@H](N)C(=O)N1CCCC1.O=C(O)C(F)(F)F,CHEMBL220402,=,=,560.0,0.56,560.0,6.251811972993799
CS(=O)(=O)c1ccc(-c2noc([C@@H](CC3CC3)[C@H](N)C(=O)N3CC[C@H](F)C3)n2)c(F)c1.O=C(O)C(F)(F)F,CHEMBL375745,=,=,19.0,0.019,19.0,7.721246399047171
Cc1cc(S(C)(=O)=O)ccc1-c1noc([C@@H](CC2CC2)[C@H](N)C(=O)N2CC[C@H](F)C2)n1.O=C(O)C(F)(F)F,CHEMBL219434,=,=,31.0,0.031,31.0,7.508638306165727
CS(=O)(=O)c1ccc(-c2noc([C@@H](CC3CC3)[C@H](N)C(=O)N3CC[C@H](F)C3)n2)cc1.O=C(O)C(F)(F)F,CHEMBL375442,=,=,52.0,0.052,52.0,7.2839966563652006
CS(=O)(=O)c1ccc(-c2noc([C@@H](CCO)[C@H](N)C(=O)N3CC[C@H](F)C3)n2)c(Cl)c1.O=C(O)C(F)(F)F,CHEMBL220357,=,=,70.0,0.07,70.0,7.154901959985743
CC(C)C[C@H](c1nc(-c2ccc(S(C)(=O)=O)cc2Cl)no1)[C@H](N)C(=O)N1CC[C@H](F)C1.O=C(O)C(F)(F)F,CHEMBL219371,=,=,13.0,0.013,13.0,7.886056647693163
CS(=O)(=O)c1ccc(-c2noc([C@@H](CC3CC3)[C@H](N)C(=O)N3CC[C@H](F)C3)n2)c(Cl)c1.O=C(O)C(F)(F)F,CHEMBL376498,=,=,13.0,0.013,13.0,7.886056647693163
C[C@H](c1nc(-c2ccc(S(C)(=O)=O)cc2Cl)no1)[C@H](N)C(=O)N1CC[C@H](F)C1.O=C(O)C(F)(F)F,CHEMBL435320,=,=,40.0,0.04,40.0,7.3979400086720375
O=C([C@@H]1C[C@H](Nc2ccccc2)CN1)N1CCSC1,CHEMBL223114,=,=,147.0,147.0,147.0,6.8326826652518236
O=C([C@@H]1C[C@H](N2CCc3cc(Br)ccc32)CN1)N1CCSC1,CHEMBL223916,=,=,6.5,6.5,6.5,8.187086643357144
O=C([C@@H]1C[C@H](Nc2ccc(Cl)cc2)CN1)N1CCSC1,CHEMBL223915,=,=,45.4,45.4,45.4,7.342944147142896
O=C([C@@H]1C[C@H](N2CCc3cc(Cl)ccc32)CN1)N1CCSC1,CHEMBL390512,=,=,7.0,7.0,7.0,8.154901959985743
O=C([C@@H]1C[C@H](N2CCc3cc(F)ccc32)CN1)N1CCSC1,CHEMBL223914,=,=,5.8,5.8,5.8,8.236572006437063
COc1ccc(N[C@@H]2CN[C@H](C(=O)N3CCSC3)C2)cc1,CHEMBL411561,=,=,51.5,51.5,51.5,7.288192770958809
COc1ccc2c(c1)CCN2[C@@H]1CN[C@H](C(=O)N2CCSC2)C1,CHEMBL388111,=,=,4.8,4.8,4.8,8.318758762624412
O=C([C@@H]1C[C@H](Nc2ccc([N+](=O)[O-])cc2)CN1)N1CCSC1,CHEMBL224346,=,=,19.2,19.2,19.2,7.71669877129645
O=C([C@@H]1C[C@H](N2CCc3cc([N+](=O)[O-])ccc32)CN1)N1CCSC1,CHEMBL225493,=,=,7.9,7.9,7.9,8.102372908709558
O=C([C@@H]1C[C@H](N2CCc3ccccc32)CN1)N1CCSC1,CHEMBL389244,=,=,11.0,11.0,11.0,7.958607314841775
O=C([C@@H]1C[C@H](N2CCCc3ccccc32)CN1)N1CCSC1,CHEMBL223865,=,=,112.0,112.0,112.0,6.950781977329818
O=C([C@@H]1C[C@H](N2Cc3ccccc3C2)CN1)N1CCSC1,CHEMBL227615,=,=,26.4,26.4,26.4,7.578396073130169
N#Cc1ccc(CN(C(=O)c2ccc(C#N)cc2)[C@@H]2CN[C@H](C(=O)N3CCSC3)C2)cc1,CHEMBL228032,=,=,228.0,228.0,228.0,6.642065152999546
N#Cc1ccc(CN(CCO)[C@@H]2CN[C@H](C(=O)N3CCSC3)C2)cc1,CHEMBL226771,=,=,17.0,17.0,17.0,7.769551078621726
N#Cc1ccc(CN(CC(=O)O)[C@@H]2CN[C@H](C(=O)N3CCSC3)C2)cc1,CHEMBL227482,=,=,16.8,16.8,16.8,7.774690718274137
N#Cc1ccc(CN(CC(N)=O)[C@@H]2CN[C@H](C(=O)N3CCSC3)C2)cc1,CHEMBL228243,=,=,13.9,13.9,13.9,7.856985199745905
CCOC(=O)CN(Cc1ccc(C#N)cc1)[C@@H]1CN[C@H](C(=O)N2CCSC2)C1,CHEMBL389624,=,=,13.6,13.6,13.6,7.866461091629782
N#Cc1ccc(CN(Cc2ccc(C#N)cc2)[C@@H]2CN[C@H](C(=O)N3CCSC3)C2)cc1,CHEMBL228021,=,=,6.4,6.4,6.4,8.193820026016112
CCCCN(Cc1ccc(C#N)cc1)[C@@H]1CN[C@H](C(=O)N2CCSC2)C1,CHEMBL389848,=,=,9.1,9.1,9.1,8.040958607678906
CC(C)N(Cc1ccc(C#N)cc1)[C@@H]1CN[C@H](C(=O)N2CCSC2)C1,CHEMBL227800,=,=,7.1,7.1,7.1,8.148741651280925
CN(Cc1ccc(C#N)cc1)[C@@H]1CN[C@H](C(=O)N2CCSC2)C1,CHEMBL227737,=,=,9.6,9.6,9.6,8.017728766960431
N#Cc1ccc(NC(=O)N[C@@H]2CN[C@H](C(=O)N3CCSC3)C2)cc1,CHEMBL227418,=,=,85.9,85.9,85.9,7.066006836168757
O=C(Nc1ccccc1)N[C@@H]1CN[C@H](C(=O)N2CCSC2)C1,CHEMBL376562,=,=,154.0,154.0,154.0,6.8124792791635365
N#Cc1ccc(C(=O)N[C@@H]2CN[C@H](C(=O)N3CCSC3)C2)cc1,CHEMBL441559,=,=,37.2,37.2,37.2,7.429457060118103
N#Cc1ccc(CN[C@@H]2CN[C@H](C(=O)N3CCSC3)C2)cc1,CHEMBL223497,=,=,34.0,34.0,34.0,7.468521082957745
O=C([C@@H]1C[C@H](NCc2ccccc2)CN1)N1CCSC1,CHEMBL223060,=,=,181.0,181.0,181.0,6.7423214251308154
N#Cc1ccc(N[C@@H]2CN[C@H](C(=O)N3CCSC3)C2)cc1,CHEMBL374688,=,=,25.2,25.2,25.2,7.598599459218455
N#Cc1ccc(N[C@@H]2CN[C@H](C(=O)N3CCSC3)C2)nc1,CHEMBL390513,=,=,25.4,25.4,25.4,7.5951662833800615
O=C([C@@H]1CCCN1)N1CCSC1,CHEMBL224435,=,=,558.0,558.0,558.0,6.253365801062421
N#Cc1ccc(NCCNCC(=O)N2CCC[C@H]2C#N)nc1,CHEMBL77538,=,=,1.4,1.4,1.4,8.853871964321762
N#Cc1ccc(NCCNCC(=O)N2CCSC2)nc1,CHEMBL224419,=,=,270.0,270.0,270.0,6.568636235841012
N#Cc1ccc(N[C@@H]2CN[C@H](C(=O)N3CCC[C@H]3C#N)C2)nc1,CHEMBL195420,=,=,0.25,0.25,0.25,9.602059991327963
N#C[C@@H]1CCCN1C(=O)[C@@H]1CCCN1,CHEMBL381626,=,=,2.9,2.9,2.9,8.537602002101044
N#Cc1ccc(N[C@H]2CN[C@H](C(=O)N3CCC[C@H]3C#N)C2)nc1,CHEMBL192165,=,=,6.6,6.6,6.6,8.18045606445813
C[C@@H](B(O)O)N1CC[C@@H](N)C1=O,CHEMBL2068511,=,=,5.3,5.3,5.3,8.275724130399212
C[C@@H](B(O)O)N1CC[C@@H](N)C1=O,CHEMBL2068511,=,=,4.2,4.2,4.2,8.3767507096021
CC(C)[C@@H](N)C(=O)N1CCC[C@H]1B(O)O,CHEMBL305170,=,=,2300.0,2300.0,2300.0,5.638272163982407
CC(C)[C@H](N)C(=O)N1CCC[C@H]1B(O)O,CHEMBL67279,=,=,1.6,1.6,1.6,8.795880017344075
C[C@@H](N)C(=O)N1CCC[C@H]1B(O)O,CHEMBL196120,=,=,21000.0,21000.0,21000.0,4.6777807052660805
C[C@H](N)C(=O)N1CCC[C@H]1B(O)O,CHEMBL63860,=,=,0.54,0.54,0.54,9.267606240177031
C[C@@H](B(O)O)N1CC[C@H](N)C1=O,CHEMBL2068512,=,=,480.0,480.0,480.0,6.318758762624412
CC(C)[C@H](N)C(=O)N1CCC[C@H]1B(O)O,CHEMBL67279,=,=,1200.0,1200.0,1200.0,5.920818753952375
C[C@H](N)C(=O)N1CCC[C@H]1B(O)O,CHEMBL63860,=,=,1400.0,1400.0,1400.0,5.853871964321762
C[C@@H](B(O)O)N1CC[C@H](N)C1=O,CHEMBL2068512,=,=,460.0,460.0,460.0,6.337242168318426
N#Cc1ccccc1Cn1c(N2CCC[C@@H](N)C2)nc2ccccc2c1=O,CHEMBL227954,=,=,13.0,0.013,13.0,7.886056647693163
N#Cc1ccccc1Cn1c(N2CCC[C@@H](N)C2)nc2cc(N3CCOCC3)c(F)cc2c1=O,CHEMBL227356,=,=,18.0,0.018,18.0,7.7447274948966935
COc1cccc2c(=O)n(Cc3ccccc3C#N)c(N3CCCC(N)C3)nc12,CHEMBL390776,=,=,30.0,0.03,30.0,7.522878745280337
COc1cc2nc(N3CCC[C@@H](N)C3)n(Cc3ccccc3C#N)c(=O)c2cc1OC,CHEMBL227089,=,=,19.0,0.019,19.0,7.721246399047171
COc1cc2c(=O)n(Cc3ccccc3C#N)c(N3CCC[C@@H](N)C3)nc2cc1F,CHEMBL375508,=,=,4.0,0.004,4.0,8.397940008672037
COc1ccc2nc(N3CCC[C@@H](N)C3)n(Cc3ccccc3C#N)c(=O)c2c1,CHEMBL227670,=,=,8.0,0.008,8.0,8.096910013008056
N#Cc1ccccc1Cn1c(N2CCC[C@@H](N)C2)nc2ccc(Br)cc2c1=O,CHEMBL227676,=,=,5.0,0.005,5.0,8.301029995663981
N#Cc1ccccc1Cn1c(N2CCC[C@@H](N)C2)nc2c(Cl)cc(Cl)cc2c1=O,CHEMBL390529,=,=,13.0,0.013,13.0,7.886056647693163
N#Cc1ccccc1Cn1c(N2CCCC(N)C2)nc2c(Cl)cccc2c1=O,CHEMBL387552,=,=,29.0,0.029,29.0,7.537602002101044
N#Cc1ccccc1Cn1c(N2CCC[C@@H](N)C2)nc2cc(Cl)ccc2c1=O,CHEMBL228004,=,=,15.0,0.015,15.0,7.823908740944319
N#Cc1ccccc1Cn1c(N2CCC[C@@H](N)C2)nc2ccc(Cl)cc2c1=O,CHEMBL389074,=,=,5.0,0.005,5.0,8.301029995663981
N#Cc1ccccc1Cn1c(N2CCC[C@@H](N)C2)nc2ccc(F)cc2c1=O,CHEMBL425483,=,=,4.0,0.004,4.0,8.397940008672037
N#Cc1ccccc1Cn1c(N2CCC[C@@H](N)C2)nc2cccc(F)c2c1=O,CHEMBL227464,=,=,5.0,0.005,5.0,8.301029995663981
CC1C(=O)NCCCN1C(=O)C[C@H](N)Cc1cc(F)ccc1F,CHEMBL427257,=,=,11.5,11.5,11.5,7.939302159646388
C[C@@H]1C(=O)N[C@H](Cc2ccccc2F)CCN1C(=O)C[C@H](N)Cc1cc(F)c(F)cc1F,CHEMBL439394,=,=,126.0,126.0,126.0,6.899629454882437
CC[C@@H]1CCN(C(=O)C[C@H](N)Cc2cc(F)c(F)cc2F)[C@H](C)C(=O)N1,CHEMBL230601,=,=,29.6,29.6,29.6,7.528708288941061
C[C@@H]1C(=O)N[C@H](C(F)(F)F)CCN1C(=O)C[C@H](N)Cc1cc(F)c(F)cc1F,CHEMBL230603,=,=,139.0,139.0,139.0,6.856985199745905
C[C@@H]1CCN(C(=O)C[C@H](N)Cc2cc(F)c(F)cc2F)[C@H](Cc2ccccn2)C(=O)N1,CHEMBL230602,=,=,11.0,11.0,11.0,7.958607314841775
C[C@@H]1CCN(C(=O)C[C@H](N)Cc2cc(F)c(F)cc2F)[C@H](Cc2ccccc2F)C(=O)N1,CHEMBL395798,=,=,2.77,2.77,2.77,8.557520230935552
Cc1ccccc1C[C@@H]1C(=O)N[C@H](C)CCN1C(=O)C[C@H](N)Cc1cc(F)c(F)cc1F,CHEMBL394837,=,=,1.49,1.49,1.49,8.826813731587727
C[C@@H]1CCN(C(=O)C[C@H](N)Cc2cc(F)c(F)cc2F)[C@H](CC(F)(F)F)C(=O)N1,CHEMBL230497,=,=,34.3,34.3,34.3,7.464705879957229
C[C@@H]1C(=O)N[C@@H](C)CCN1C(=O)C[C@H](N)Cc1cc(F)c(F)cc1F,CHEMBL394836,=,=,397.0,397.0,397.0,6.401209493236885
C[C@@H]1CCN(C(=O)C[C@H](N)Cc2cc(F)c(F)cc2F)[C@H](C)C(=O)N1,CHEMBL230496,=,=,15.1,15.1,15.1,7.82102305270683
C[C@@H]1C(=O)NCC(C)(C)CN1C(=O)C[C@H](N)Cc1cc(F)c(F)cc1F,CHEMBL394594,=,=,142.0,142.0,142.0,6.847711655616944
C[C@@H]1CNC(=O)[C@@H](CC(F)(F)F)N(C(=O)C[C@H](N)Cc2cc(F)c(F)cc2F)C1,CHEMBL230495,=,=,143.0,143.0,143.0,6.844663962534938
C[C@H]1CNC(=O)[C@@H](CC(F)(F)F)N(C(=O)C[C@H](N)Cc2cc(F)c(F)cc2F)C1,CHEMBL230389,=,=,24.6,24.6,24.6,7.609064892896621
CC[C@@H]1C(=O)NC[C@@H](C)CN1C(=O)C[C@H](N)Cc1cc(F)c(F)cc1F,CHEMBL397242,=,=,60.3,60.3,60.3,7.219682687859849
CC[C@@H]1C(=O)NC[C@H](C)CN1C(=O)C[C@H](N)Cc1cc(F)c(F)cc1F,CHEMBL230388,=,=,37.3,37.3,37.3,7.428291168191312
C[C@@H]1CNC(=O)[C@@H](C)N(C(=O)C[C@H](N)Cc2cc(F)c(F)cc2F)C1,CHEMBL397241,=,=,33.0,33.0,33.0,7.481486060122112
C[C@H]1CNC(=O)[C@@H](C)N(C(=O)C[C@H](N)Cc2cc(F)c(F)cc2F)C1,CHEMBL230387,=,=,9.7,9.7,9.7,8.013228265733755
CC1CCNC(=O)CN1C(=O)C[C@H](N)Cc1cc(F)c(F)cc1F,CHEMBL397010,=,=,1050.0,1050.0,1050.0,5.978810700930062
CC1CCNC(=O)CN1C(=O)C[C@H](N)Cc1cc(F)c(F)cc1F,CHEMBL397010,=,=,765.0,765.0,765.0,6.116338564846382
C[C@@H]1C(=O)N(C(C)(C)C)CCCN1C(=O)C[C@H](N)Cc1cc(F)c(F)cc1F,CHEMBL230283,=,=,9.6,9.6,9.6,8.017728766960431
C[C@@H]1C(=O)N(C2CC2)CCCN1C(=O)C[C@H](N)Cc1cc(F)c(F)cc1F,CHEMBL230282,=,=,8.0,8.0,8.0,8.096910013008056
C[C@@H]1C(=O)N(CC(F)(F)F)CCCN1C(=O)C[C@H](N)Cc1cc(F)c(F)cc1F,CHEMBL390886,=,=,19.2,19.2,19.2,7.71669877129645
C[C@@H]1C(=O)N(CCOCc2ccccc2)CCCN1C(=O)C[C@H](N)Cc1cc(F)c(F)cc1F,CHEMBL395004,=,=,10.5,10.5,10.5,7.978810700930062
C[C@@H]1C(=O)N(CCO)CCCN1C(=O)C[C@H](N)Cc1cc(F)c(F)cc1F,CHEMBL231117,=,=,15.1,15.1,15.1,7.82102305270683
C[C@@H]1C(=O)N(C)CCCN1C(=O)C[C@H](N)Cc1cc(F)c(F)cc1F,CHEMBL231011,=,=,11.5,11.5,11.5,7.939302159646388
C[C@@H]1C(=O)N(C2CC2)CCCN1C(=O)C[C@H](N)Cc1cc(F)ccc1F,CHEMBL390885,=,=,9.0,9.0,9.0,8.045757490560675
C[C@@H]1C(=O)N(CC(=O)O)CCCN1C(=O)C[C@H](N)Cc1cc(F)ccc1F,CHEMBL231010,=,=,69.9,69.9,69.9,7.1555228242543185
COC(=O)CN1CCCN(C(=O)C[C@H](N)Cc2cc(F)ccc2F)[C@H](C)C1=O,CHEMBL390884,=,=,11.6,11.6,11.6,7.935542010773082
CCN1CCCN(C(=O)C[C@H](N)Cc2cc(F)ccc2F)[C@H](C)C1=O,CHEMBL231009,=,=,20.7,20.7,20.7,7.684029654543082
N[C@@H](CC(=O)N1CCCNC(=O)C1)Cc1cc(F)c(F)cc1F,CHEMBL216643,=,=,142.0,142.0,142.0,6.847711655616944
CC1C(=O)NCCCN1C(=O)C[C@H](N)Cc1cc(F)c(F)cc1F,CHEMBL390853,=,=,6.6,6.6,6.6,8.18045606445813
CN(C)C(=O)[C@H](c1ccc(-c2ccc(F)cc2)cc1)[C@@H](N)C(=O)N1CC[C@H](F)C1,CHEMBL231151,=,=,1460.0,1460.0,1460.0,5.835647144215563
C=CCC(C(=O)N1CCn2c(nnc2C(F)(F)F)C1)[C@H](N)Cc1cc(F)c(F)cc1F,CHEMBL396789,=,=,1995.0,1995.0,1995.0,5.700057099977233
C=COCC(=O)N1CCN(C(=O)C[C@H](N)Cc2ccccc2F)CC1,CHEMBL230095,=,=,2209.0,2209.0,2209.0,5.655804284128565
CC(C)[C@H](Oc1ccc(CNC(=O)[C@@H]2CCCN2C(=O)C[C@H](N)Cc2cc(F)c(F)cc2F)cc1)C(=O)O,CHEMBL395762,=,=,2.0,2.0,2.0,8.698970004336019
N[C@@H](CC(=O)N1CCn2cc(C(F)(F)F)nc2C1c1ccc(F)cc1)Cc1ccc(F)c(F)c1,CHEMBL231050,=,=,1397.0,1397.0,1397.0,5.854803593885818
N[C@@H](CC(=O)N1CCn2nccc21)Cc1cc(F)ccc1F,CHEMBL395546,=,=,1325.0,1325.0,1325.0,5.877784121727173
N[C@@H](CC(=O)N1CCN(c2ccc(Cl)cc2)CC1)Cc1ccccc1F,CHEMBL410187,=,=,1247.0,1247.0,1247.0,5.904133546521457
N[C@H](C(=O)N1CCC(F)(F)C1)[C@@H]1CCN(S(=O)(=O)c2ccc(OC(F)(F)F)cc2)C1,CHEMBL231654,=,=,995.0,995.0,995.0,6.002176919254275
COc1cc(CNC(=O)[C@@H]2CCCN2C(=O)C[C@H](N)Cc2ccccc2F)ccc1O,CHEMBL396195,=,=,864.0,864.0,864.0,6.063486257521107
CSc1cc(F)c(C[C@@H](N)CC(=O)N2CCn3c(nnc3C(F)(F)F)C2)cc1F,CHEMBL231653,=,=,780.0,780.0,780.0,6.107905397309519
N[C@@H](CC(=O)N1CCC[C@H]1C(=O)NCc1ccc(C(F)(F)F)cc1)Cc1ccccc1F,CHEMBL231552,=,=,731.0,731.0,731.0,6.13608262304214
N[C@@H](CC(=O)N1CCC[C@H]1C(=O)NCc1ccccc1)Cc1ccccc1F,CHEMBL231551,=,=,539.0,539.0,539.0,6.268411234813261
CN(C)C(=O)[C@@H](c1ccc(-c2ccc(F)cc2)cc1)[C@H](N)C(=O)N1CCOCC1,CHEMBL388900,=,=,520.0,520.0,520.0,6.2839966563652006
O=C([C@@H]1Cc2ccc(-c3cccc(-c4nnn[nH]4)c3)cc2CN1)N1CC[C@H](F)C1,CHEMBL230938,=,=,310.0,310.0,310.0,6.508638306165727
COC(=O)Cc1ccc(CNC(=O)[C@@H]2CSCN2C(=O)C[C@H](N)Cc2ccccc2F)cc1,CHEMBL230937,=,=,170.0,170.0,170.0,6.769551078621726
N[C@@H](CC(=O)N1CCSC1)Cc1cc(F)c(F)cc1F,CHEMBL363319,=,=,119.0,119.0,119.0,6.924453038607469
N[C@@H](CC(=O)N1CSC[C@H]1C(=O)NCc1ccc(CC(=O)O)cc1)Cc1ccccc1F,CHEMBL230840,=,=,37.0,37.0,37.0,7.431798275933005
Cc1ccc(F)cc1C[C@@H](N)CC(=O)N1CCC[C@H]1C(=O)NCc1ccc(O[C@H](C(=O)O)C(C)C)cc1,CHEMBL230839,=,=,33.0,33.0,33.0,7.481486060122112
N[C@@H](CC(=O)N1CCn2c(nnc2C(F)(F)F)C1)Cc1cc(Cl)ccc1F,CHEMBL427261,=,=,21.0,21.0,21.0,7.6777807052660805
CC(C)[C@H](Oc1ccc(CNC(=O)[C@@H]2CCCN2C(=O)C[C@H](N)Cc2cc(F)c(F)c(F)c2F)cc1)C(=O)O,CHEMBL397716,=,=,8.0,8.0,8.0,8.096910013008056
N[C@H]1CN(c2ccccc2)CC[C@@H]1c1cc(F)c(F)cc1F.O=C(O)C(F)(F)F,CHEMBL390193,=,=,210.0,0.21,210.0,6.6777807052660805
N[C@H]1CN(c2ccc3nnc(-c4ccc(F)cc4)n3n2)CC[C@@H]1c1cc(F)c(F)cc1F.O=C(O)C(F)(F)F,CHEMBL228312,=,=,16.0,0.016,16.0,7.795880017344075
N[C@H]1CN(c2ccc3nnc(C(F)(F)F)n3n2)CC[C@@H]1c1cc(F)c(F)cc1F.O=C(O)C(F)(F)F,CHEMBL228311,=,=,9.0,0.009,9.0,8.045757490560675
CCc1nnc2ccc(N3CC[C@H](c4cc(F)c(F)cc4F)[C@@H](N)C3)nn12.O=C(O)C(F)(F)F,CHEMBL390080,=,=,6.0,0.006,6.0,8.221848749616356
Cc1nnc2ccc(N3CC[C@H](c4cc(F)c(F)cc4F)[C@@H](N)C3)nn12.O=C(O)C(F)(F)F,CHEMBL231497,=,=,6.0,0.006,6.0,8.221848749616356
N[C@H]1CN(c2ccc3nncn3n2)CC[C@@H]1c1cc(F)c(F)cc1F.O=C(O)C(F)(F)F,CHEMBL231496,=,=,31.0,0.031,31.0,7.508638306165727
Cn1nc2ccc(N3CC[C@H](c4cc(F)c(F)cc4F)[C@@H](N)C3)nn2c1=O.O=C(O)C(F)(F)F,CHEMBL390241,=,=,5.0,0.005,5.0,8.301029995663981
Cc1cc(=O)n2nc(N3CC[C@H](c4cc(F)c(F)cc4F)[C@@H](N)C3)ccc2n1.O=C(O)C(F)(F)F,CHEMBL231397,=,=,8.0,0.008,8.0,8.096910013008056
N[C@H]1CN(c2ccc3nc(=O)ccn3n2)CC[C@@H]1c1cc(F)c(F)cc1F.O=C(O)C(F)(F)F,CHEMBL231396,=,=,1.2,0.0012,1.2,8.920818753952375
Cc1nc2ccc(N3CC[C@H](c4cc(F)c(F)cc4F)[C@@H](N)C3)nc2c(=O)[nH]1.O=C(O)C(F)(F)F,CHEMBL231395,=,=,7.0,0.007,7.0,8.154901959985743
N[C@H]1CN(c2ccc3ncnc(C4CC4)c3n2)CC[C@@H]1c1cc(F)c(F)cc1F.O=C(O)C(F)(F)F,CHEMBL231295,=,=,8.0,0.008,8.0,8.096910013008056
Cn1c(C2CC2)nc2ccc(N3CC[C@H](c4cc(F)c(F)cc4F)[C@@H](N)C3)nc21.O=C(O)C(F)(F)F,CHEMBL389804,=,=,2.0,0.002,2.0,8.698970004336019
N[C@H]1CN(c2ccn3cnnc3n2)CC[C@@H]1c1cc(F)c(F)cc1F.O=C(O)C(F)(F)F,CHEMBL231294,=,=,26.0,0.026,26.0,7.585026652029182
N[C@H]1CN(c2ccc3nc(C(F)(F)F)nn3n2)CC[C@@H]1c1cc(F)c(F)cc1F.O=C(O)C(F)(F)F,CHEMBL231293,=,=,5.0,0.005,5.0,8.301029995663981
N[C@H]1CN(c2ccc3nc(C(F)(F)F)cn3n2)CC[C@@H]1c1cc(F)c(F)cc1F.O=C(O)C(F)(F)F,CHEMBL389803,=,=,22.0,0.022,22.0,7.657577319177793
N[C@H]1CN(c2cnc3nccnc3n2)CC[C@@H]1c1cc(F)c(F)cc1F.O=C(O)C(F)(F)F,CHEMBL231196,=,=,13.0,0.013,13.0,7.886056647693163
N[C@H]1CN(c2cnc3cncnc3n2)CC[C@@H]1c1cc(F)c(F)cc1F.O=C(O)C(F)(F)F,CHEMBL231195,=,=,43.0,0.043,43.0,7.366531544420414
N[C@H]1CN(c2cnc3cccnc3n2)CC[C@@H]1c1cc(F)c(F)cc1F.O=C(O)C(F)(F)F,CHEMBL231194,=,=,130.0,0.13,130.0,6.886056647693163
N[C@H]1CN(c2cnc3ccccc3n2)CC[C@@H]1c1cc(F)c(F)cc1F.O=C(O)C(F)(F)F,CHEMBL389538,=,=,12.0,0.012,12.0,7.920818753952375
N[C@H]1CN(c2ccc3nccnc3n2)CC[C@@H]1c1cc(F)c(F)cc1F.O=C(O)C(F)(F)F,CHEMBL231092,=,=,7.0,0.007,7.0,8.154901959985743
N[C@H]1CN(c2nccc3ccccc23)CC[C@@H]1c1cc(F)c(F)cc1F.O=C(O)C(F)(F)F,CHEMBL231091,=,=,3700.0,3.7,3700.0,5.431798275933005
N[C@H]1CN(c2ccc3ccccc3n2)CC[C@@H]1c1cc(F)c(F)cc1F.O=C(O)C(F)(F)F,CHEMBL389537,=,=,54.0,0.054,54.0,7.267606240177031
N[C@H]1CN(c2cccnn2)CC[C@@H]1c1cc(F)c(F)cc1F.O=C(O)C(F)(F)F,CHEMBL231090,=,=,63.0,0.063,63.0,7.200659450546418
N[C@H]1CN(c2cnccn2)CC[C@@H]1c1cc(F)c(F)cc1F.O=C(O)C(F)(F)F,CHEMBL230985,=,=,82.0,0.082,82.0,7.086186147616283
N[C@H]1CN(c2ncccn2)CC[C@@H]1c1cc(F)c(F)cc1F.O=C(O)C(F)(F)F,CHEMBL427259,=,=,90.0,0.09,90.0,7.045757490560675
N[C@H]1CN(c2ccncn2)CC[C@@H]1c1cc(F)c(F)cc1F.O=C(O)C(F)(F)F,CHEMBL230984,=,=,37.0,0.037,37.0,7.431798275933005
N#Cc1ccc(N2CC[C@H](c3cc(F)c(F)cc3F)[C@@H](N)C2)nc1.O=C(O)C(F)(F)F,CHEMBL230883,=,=,14.0,0.014,14.0,7.853871964321762
N[C@H]1CN(c2ncccc2C(F)(F)F)CC[C@@H]1c1cc(F)c(F)cc1F.O=C(O)C(F)(F)F,CHEMBL230449,=,=,650.0,0.65,650.0,6.187086643357144
N[C@H]1CN(c2cc(C(F)(F)F)ccn2)CC[C@@H]1c1cc(F)c(F)cc1F.O=C(O)C(F)(F)F,CHEMBL389602,=,=,463.0,0.463,463.0,6.334419008982047
N[C@H]1CN(c2ccc(C(F)(F)F)cn2)CC[C@@H]1c1cc(F)c(F)cc1F.O=C(O)C(F)(F)F,CHEMBL274740,=,=,67.0,0.067,67.0,7.173925197299173
N[C@H]1CN(c2cccc(C(F)(F)F)n2)CC[C@@H]1c1cc(F)c(F)cc1F.O=C(O)C(F)(F)F,CHEMBL230342,=,=,111.0,0.111,111.0,6.954677021213342
N[C@H]1CN(c2ccncc2)CC[C@@H]1c1cc(F)c(F)cc1F.O=C(O)C(F)(F)F,CHEMBL390194,=,=,125.0,0.125,125.0,6.903089986991944
N[C@H]1CN(c2cccnc2)CC[C@@H]1c1cc(F)c(F)cc1F.O=C(O)C(F)(F)F,CHEMBL230341,=,=,144.0,0.144,144.0,6.84163750790475
N[C@H]1CN(c2ccccn2)CC[C@@H]1c1cc(F)c(F)cc1F.O=C(O)C(F)(F)F,CHEMBL230340,=,=,58.0,0.058,58.0,7.236572006437063
C[C@@H]1N[C@H](C(=O)N2CCC[C@H]2C#N)C[C@@H]1C(=O)N1Cc2ccccc2C1,CHEMBL233127,=,=,5.6,5.6,5.6,8.2518119729938
N#C[C@@H]1CCCN1C(=O)[C@@H]1CCCN1,CHEMBL381626,=,=,20.0,20.0,20.0,7.698970004336019
Cc1cc(C)c([C@@H]2CN[C@H](C(=O)N3CCC[C@H]3C#N)C2)c(C)c1O,CHEMBL389324,=,=,5.3,5.3,5.3,8.275724130399212
COc1c(O)ccc(C)c1[C@@H]1CN[C@H](C(=O)N2CCC[C@H]2C#N)C1,CHEMBL244010,=,=,7.1,7.1,7.1,8.148741651280925
Cc1ccc(O)c(C)c1[C@@H]1CN[C@H](C(=O)N2CCC[C@H]2C#N)C1,CHEMBL413797,=,=,4.9,4.9,4.9,8.309803919971486
CCOc1cc(O)cc(OCC)c1[C@@H]1CN[C@H](C(=O)N2CCC[C@H]2C#N)C1,CHEMBL244009,=,=,22.0,22.0,22.0,7.657577319177793
CCc1cc(O)cc(C)c1[C@@H]1CN[C@H](C(=O)N2CCC[C@H]2C#N)C1,CHEMBL390418,=,=,8.9,8.9,8.9,8.050609993355087
COc1cc(O)cc(OC)c1[C@@H]1CN[C@H](C(=O)N2CCC[C@H]2C#N)C1,CHEMBL244008,=,=,23.0,23.0,23.0,7.638272163982407
COc1cc(O)cc(C)c1[C@@H]1CN[C@H](C(=O)N2CCC[C@H]2C#N)C1,CHEMBL243800,=,=,8.3,8.3,8.3,8.080921907623926
Cc1cc(O)cc(C)c1[C@@H]1CN[C@H](C(=O)N2CCC[C@H]2C#N)C1,CHEMBL243799,=,=,3.3,3.3,3.3,8.481486060122112
N#C[C@@H]1CCCN1C(=O)[C@@H]1C[C@H](c2ccc(O)cc2)CN1,CHEMBL390221,=,=,2.5,2.5,2.5,8.602059991327963
N#C[C@@H]1CCCN1C(=O)[C@@H]1C[C@H](c2cccc(O)c2)CN1,CHEMBL243798,=,=,3.9,3.9,3.9,8.4089353929735
N#C[C@@H]1CCCN1C(=O)[C@@H]1C[C@H](c2ccccc2O)CN1,CHEMBL245059,=,=,9.1,9.1,9.1,8.040958607678906
Cc1cccc(C)c1[C@@H]1CN[C@H](C(=O)N2CCC[C@H]2C#N)C1,CHEMBL396513,=,=,6.1,6.1,6.1,8.214670164989233
N#C[C@@H]1CCCN1C(=O)[C@@H]1C[C@@H](c2ccccc2)CN1,CHEMBL244843,=,=,16.0,16.0,16.0,7.795880017344075
N#C[C@@H]1CCCN1C(=O)[C@@H]1C[C@H](c2ccccc2)CN1,CHEMBL396512,=,=,3.5,3.5,3.5,8.455931955649724
N#C[C@@H]1CCCN1C(=O)[C@@H]1CC(C2C3CC4CC(C3)CC2C4)CN1,CHEMBL389138,=,=,7.8,7.8,7.8,8.10790539730952
N#C[C@@H]1CCCN1C(=O)[C@@H]1C[C@H](C2CCCCC2)CN1,CHEMBL242492,=,=,2.4,2.4,2.4,8.619788758288394
CC(C)C[C@@H]1CN[C@H](C(=O)N2CCC[C@H]2C#N)C1,CHEMBL242987,=,=,2.9,2.9,2.9,8.537602002101044
C=C(C)C[C@@H]1CN[C@H](C(=O)N2CCC[C@H]2C#N)C1,CHEMBL437570,=,=,5.7,5.7,5.7,8.244125144327509
CCC[C@@H]1CN[C@H](C(=O)N2CCC[C@H]2C#N)C1,CHEMBL242985,=,=,3.4,3.4,3.4,8.468521082957745
C=CC[C@@H]1CN[C@H](C(=O)N2CCC[C@H]2C#N)C1,CHEMBL245069,=,=,3.5,3.5,3.5,8.455931955649724
C[C@@H]1N[C@H](C(=O)N2CCC[C@H]2C#N)C[C@@H]1C(=O)N1CCSCC1,CHEMBL394165,=,=,6.2,6.2,6.2,8.207608310501746
N#C[C@@H]1CCCN1C(=O)[C@@H]1CCCN1,CHEMBL381626,=,=,20.0,20.0,20.0,7.698970004336019
N#C[C@@H]1CCCN1C(=O)[C@@H]1C[C@H](C(N)=O)CN1,CHEMBL232315,=,=,7.7,7.7,7.7,8.113509274827518
CN(C)C(=O)CC[C@@H]1CN[C@H](C(=O)N2CCC[C@H]2C#N)C1,CHEMBL232311,=,=,2.4,2.4,2.4,8.619788758288394
CN(C)C(=O)C[C@@H]1CN[C@H](C(=O)N2CCC[C@H]2C#N)C1,CHEMBL391558,=,=,4.5,4.5,4.5,8.346787486224656
CN(C)C(=O)[C@@H]1CN[C@H](C(=O)N2CCC[C@H]2C#N)C1,CHEMBL232103,=,=,1.8,1.8,1.8,8.744727494896694
N#C[C@@H]1CCCN1C(=O)[C@@H]1C[C@H](CC(=O)O)CN1,CHEMBL234158,=,=,16.0,16.0,16.0,7.795880017344075
N#C[C@@H]1CCCN1C(=O)[C@@H]1C[C@H](CCO)CN1,CHEMBL395919,=,=,3.8,3.8,3.8,8.42021640338319
N#C[C@@H]1CCCN1C(=O)[C@@H]1C[C@H](CO)CN1,CHEMBL234356,=,=,6.3,6.3,6.3,8.200659450546418
CCC[C@@H]1CN[C@H](C(=O)N2CCC[C@H]2C#N)C1,CHEMBL242985,=,=,3.4,3.4,3.4,8.468521082957745
C=CC[C@@H]1CN[C@H](C(=O)N2CCC[C@H]2C#N)C1,CHEMBL245069,=,=,3.5,3.5,3.5,8.455931955649724
C[C@@H]1N[C@H](C(=O)N2CCC[C@H]2C#N)C[C@@H]1C(=O)N1CCOCC1,CHEMBL429258,=,=,20.0,20.0,20.0,7.698970004336019
C[C@@H]1N[C@H](C(=O)N2CCC[C@H]2C#N)C[C@@H]1C(=O)N1CCCCC1,CHEMBL232920,=,=,13.0,13.0,13.0,7.886056647693163
C[C@@H]1N[C@H](C(=O)N2CCC[C@H]2C#N)C[C@@H]1C(=O)N1CCCC1,CHEMBL393957,=,=,6.5,6.5,6.5,8.187086643357144
C[C@@H]1N[C@H](C(=O)N2CCC[C@H]2C#N)C[C@@H]1C(=O)N1CCC1,CHEMBL232919,=,=,13.0,13.0,13.0,7.886056647693163
CCN(C)C(=O)[C@H]1C[C@@H](C(=O)N2CCC[C@H]2C#N)N[C@H]1C,CHEMBL394932,=,=,15.0,15.0,15.0,7.823908740944319
C[C@@H]1N[C@H](C(=O)N2CCC[C@H]2C#N)C[C@@H]1C(=O)N(C)C,CHEMBL232914,=,=,10.0,10.0,10.0,8.0
N#C[C@@H]1CCCN1C(=O)[C@@H]1C[C@H](C(=O)N2CCSCC2)CN1,CHEMBL400615,=,=,4.8,4.8,4.8,8.318758762624412
N#C[C@@H]1CCCN1C(=O)[C@@H]1C[C@H](C(=O)N2CCOCC2)CN1,CHEMBL415647,=,=,4.3,4.3,4.3,8.366531544420413
N#C[C@@H]1CCCN1C(=O)[C@@H]1C[C@H](C(=O)N2CCCCCCC2)CN1,CHEMBL232716,=,=,11.0,11.0,11.0,7.958607314841775
N#C[C@@H]1CCCN1C(=O)[C@@H]1C[C@H](C(=O)N2CCCCCC2)CN1,CHEMBL400614,=,=,8.3,8.3,8.3,8.080921907623926
N#C[C@@H]1CCCN1C(=O)[C@@H]1C[C@H](C(=O)N2CCCCC2)CN1,CHEMBL400613,=,=,4.9,4.9,4.9,8.309803919971486
N#C[C@@H]1CCCN1C(=O)[C@@H]1C[C@H](C(=O)N2CCCC2)CN1,CHEMBL428369,=,=,5.6,5.6,5.6,8.2518119729938
N#C[C@@H]1CCCN1C(=O)[C@@H]1C[C@H](C(=O)N2CCC2)CN1,CHEMBL234373,=,=,4.0,4.0,4.0,8.397940008672037
CCN(CC)C(=O)[C@@H]1CN[C@H](C(=O)N2CCC[C@H]2C#N)C1,CHEMBL393498,=,=,6.0,6.0,6.0,8.221848749616356
CCN(C)C(=O)[C@@H]1CN[C@H](C(=O)N2CCC[C@H]2C#N)C1,CHEMBL234163,=,=,4.9,4.9,4.9,8.309803919971486
CCCNC(=O)[C@@H]1CN[C@H](C(=O)N2CCC[C@H]2C#N)C1,CHEMBL434960,=,=,5.7,5.7,5.7,8.244125144327509
CCNC(=O)[C@@H]1CN[C@H](C(=O)N2CCC[C@H]2C#N)C1,CHEMBL232316,=,=,4.4,4.4,4.4,8.356547323513812
CNC(=O)[C@@H]1CN[C@H](C(=O)N2CCC[C@H]2C#N)C1,CHEMBL391559,=,=,3.5,3.5,3.5,8.455931955649724
N[C@@H](CC(=O)N1CCn2c(nnc2C(F)(F)F)C1)Cc1ccccc1F,CHEMBL388475,=,=,98.0,98.0,98.0,7.008773924307505
CC(C)(C)NC(=O)c1nnc2n1CCN(C(=O)C[C@H](N)Cc1cc(F)c(F)cc1F)C2,CHEMBL233891,=,=,234.0,234.0,234.0,6.630784142589857
CCOC(=O)c1nnc2n1CCN(C(=O)C[C@H](N)Cc1cc(F)c(F)cc1F)C2,CHEMBL233686,=,=,219.0,219.0,219.0,6.6595558851598815
N[C@@H](CC(=O)N1CCn2c(nnc2C(F)F)C1)Cc1cc(F)c(F)cc1F,CHEMBL390240,=,=,29.0,29.0,29.0,7.537602002101044
N[C@@H](CC(=O)N1CCn2c(nnc2C2CC2)C1)Cc1cc(F)c(F)cc1F,CHEMBL390239,=,=,30.0,30.0,30.0,7.522878745280337
CCc1nnc2n1CCN(C(=O)C[C@H](N)Cc1cc(F)c(F)cc1F)C2,CHEMBL233685,=,=,37.0,37.0,37.0,7.431798275933005
N[C@@H](CC(=O)N1CCn2c(CO)nnc2C1)Cc1cc(F)ccc1F,CHEMBL233684,=,=,69.0,69.0,69.0,7.161150909262744
CCOC(=O)c1nnc2n1CCN(C(=O)C[C@H](N)Cc1cc(F)ccc1F)C2,CHEMBL389600,=,=,190.0,190.0,190.0,6.721246399047171
N[C@@H](CC(=O)N1CCn2c(nnc2-c2ccncc2)C1)Cc1cc(F)ccc1F,CHEMBL233474,=,=,65.0,65.0,65.0,7.187086643357144
N[C@@H](CC(=O)N1CCn2c(nnc2-c2ccc(F)cc2F)C1)Cc1cc(F)ccc1F,CHEMBL389599,=,=,30.0,30.0,30.0,7.522878745280337
N[C@@H](CC(=O)N1CCn2c(nnc2-c2ccc(F)cc2)C1)Cc1cc(F)ccc1F,CHEMBL233472,=,=,60.0,60.0,60.0,7.221848749616356
N[C@@H](CC(=O)N1CCn2c(nnc2C(F)(F)F)C1)Cc1cc(F)c(F)cc1Cl,CHEMBL233058,=,=,84.0,84.0,84.0,7.075720713938118
N[C@@H](CC(=O)N1CCn2c(nnc2C(F)(F)F)C1)Cc1cc(F)c(Cl)cc1F,CHEMBL232845,=,=,76.0,76.0,76.0,7.119186407719209
N[C@@H](CC(=O)N1CCn2c(nnc2C(F)(F)F)C1)Cc1cc(Cl)ccc1F,CHEMBL427261,=,=,21.0,21.0,21.0,7.6777807052660805
N[C@@H](CC(=O)N1CCn2c(nnc2C(F)(F)F)C1)Cc1cc(Cl)ccc1Cl,CHEMBL232648,=,=,180.0,180.0,180.0,6.7447274948966935
N[C@@H](CC(=O)N1CCn2c(nnc2C(F)(F)F)C1)Cc1ccc(Cl)cc1Cl,CHEMBL235120,=,=,23.0,23.0,23.0,7.638272163982407
N[C@@H](CC(=O)N1CCn2c(nnc2C(F)(F)F)C1)Cc1ccc(Cl)c(Cl)c1,CHEMBL388433,=,=,1580.0,1580.0,1580.0,5.801342913045577
N[C@@H](CC(=O)N1CCn2c(nnc2C(F)(F)F)C1)Cc1ccc(Cl)cc1,CHEMBL243231,=,=,264.0,264.0,264.0,6.578396073130168
N[C@@H](CC(=O)N1CCn2c(nnc2C(F)(F)F)C1)Cc1cccc(Cl)c1,CHEMBL243230,=,=,59.0,59.0,59.0,7.229147988357855
N[C@@H](CC(=O)N1CCn2c(nnc2C(F)(F)F)C1)Cc1ccccc1Cl,CHEMBL388431,=,=,145.0,145.0,145.0,6.838631997765026
N[C@@H](CC(=O)N1CCn2c(nnc2C(F)(F)F)C1)Cc1ccc(C(F)(F)F)cc1,CHEMBL245181,=,=,511.0,511.0,511.0,6.291579099865287
N[C@@H](CC(=O)N1CCn2c(nnc2C(F)(F)F)C1)Cc1cccc(C(F)(F)F)c1,CHEMBL243227,=,=,366.0,366.0,366.0,6.436518914605589
N[C@@H](CC(=O)N1CCn2c(nnc2C(F)(F)F)C1)Cc1ccccc1C(F)(F)F,CHEMBL397744,=,=,486.0,486.0,486.0,6.313363730737707
N[C@@H](CC(=O)N1CCn2c(nnc2C(F)(F)F)C1)Cc1c(F)c(F)c(F)c(F)c1F,CHEMBL397743,=,=,1018.0,1018.0,1018.0,5.99225222199926
N[C@@H](CC(=O)N1CCn2c(nnc2C(F)(F)F)C1)Cc1cc(F)c(F)cc1F,CHEMBL1422,=,=,18.0,18.0,18.0,7.7447274948966935
N[C@@H](CC(=O)N1CCn2c(nnc2C(F)(F)F)C1)Cc1c(F)cc(F)cc1F,CHEMBL394834,=,=,87.0,87.0,87.0,7.060480747381382
N[C@@H](CC(=O)N1CCn2c(nnc2C(F)(F)F)C1)Cc1c(F)ccc(F)c1F,CHEMBL394833,=,=,151.0,151.0,151.0,6.821023052706831
N[C@@H](CC(=O)N1CCn2c(nnc2C(F)(F)F)C1)Cc1cc(F)cc(F)c1F,CHEMBL243872,=,=,805.0,805.0,805.0,6.094204119632131
N[C@@H](CC(=O)N1CCn2c(nnc2C(F)(F)F)C1)Cc1cc(F)ccc1F,CHEMBL216186,=,=,27.0,27.0,27.0,7.568636235841012
N[C@@H](CC(=O)N1CCn2c(nnc2C(F)(F)F)C1)Cc1ccc(F)cc1F,CHEMBL389151,=,=,82.0,82.0,82.0,7.086186147616283
N[C@@H](CC(=O)N1CCn2c(nnc2C(F)(F)F)C1)Cc1ccc(F)c(F)c1,CHEMBL242813,=,=,128.0,128.0,128.0,6.892790030352131
N[C@@H](CC(=O)N1CCn2c(nnc2C(F)(F)F)C1)Cc1ccc(F)cc1,CHEMBL242811,=,=,272.0,272.0,272.0,6.565431095965801
N[C@@H](CC(=O)N1CCn2c(nnc2C(F)(F)F)C1)Cc1cccc(F)c1,CHEMBL232262,=,=,135.0,135.0,135.0,6.8696662315049934
N[C@@H](CC(=O)N1CCn2c(nnc2C(F)(F)F)C1)Cc1cc(F)c(F)cc1F,CHEMBL1422,=,=,18.0,18.0,18.0,7.7447274948966935
N[C@H]1C[C@H](N2CCn3c(nnc3C(F)(F)F)C2)CCC1c1cc(F)c(F)cc1F,CHEMBL232191,=,=,140.0,140.0,140.0,6.853871964321762
N[C@H]1C[C@@H](N2CCn3c(C(F)(F)F)cnc3C2)CCC1c1cc(F)c(F)cc1F,CHEMBL234635,=,=,21.0,21.0,21.0,7.6777807052660805
COc1cc2c(cc1OC)[C@@H]1CC(N)[C@@H](c3cccc(C)c3)CN1CC2,CHEMBL400624,=,=,13.0,13.0,13.0,7.886056647693163
CCCC[C@H]1CN2CCc3cc(OC)c(OC)cc3[C@@H]2C[C@@H]1N,CHEMBL234412,=,=,520.0,520.0,520.0,6.2839966563652006
COc1cc2c(cc1OC)[C@@H]1C[C@H](N)[C@@H](c3cccc(Cl)c3)CN1CC2,CHEMBL232595,=,=,4.0,4.0,4.0,8.397940008672037
COc1cc2c(cc1OC)[C@@H]1C[C@@H](N)[C@@H](c3cccc(Cl)c3)CN1CC2,CHEMBL429982,=,=,50.0,50.0,50.0,7.301029995663981
COc1cc2c(cc1OC)[C@@H]1C[C@H](N)[C@@H](c3cccc(C)c3)CN1CC2,CHEMBL391070,=,=,4.0,4.0,4.0,8.397940008672037
COc1cc2c(cc1OC)[C@@H]1C[C@@H](N)[C@@H](c3cccc(C)c3)CN1CC2,CHEMBL234431,=,=,32.0,32.0,32.0,7.494850021680094
COc1cccc([C@H]2CN3CCc4cc(OC)c(OC)cc4[C@@H]3C[C@H]2N)c1,CHEMBL234430,=,=,650.0,650.0,650.0,6.187086643357144
COc1cccc([C@H]2CN3CCc4cc(OC)c(OC)cc4[C@@H]3C[C@@H]2N)c1,CHEMBL540711,=,=,5130.0,5130.0,5130.0,5.289882634888183
COc1cc2c(cc1OC)[C@@H]1C[C@H](N)[C@@H](c3ccc(C)c(C)c3)CN1CC2,CHEMBL392085,=,=,3730.0,3730.0,3730.0,5.428291168191312
COc1cc2c(cc1OC)[C@@H]1C[C@@H](N)[C@@H](c3ccc(C)c(C)c3)CN1CC2,CHEMBL234238,=,=,9380.0,9380.0,9380.0,5.027797161620935
COc1cc2c(cc1OC)[C@@H]1C[C@H](N)[C@@H](c3ccc(C)cc3)CN1CC2,CHEMBL234048,=,=,370.0,370.0,370.0,6.431798275933005
COc1cc2c(cc1OC)[C@@H]1C[C@@H](N)[C@@H](c3ccc(C)cc3)CN1CC2,CHEMBL392084,=,=,10590.0,10590.0,10590.0,4.975104039892515
COc1cc2c(cc1OC)[C@@H]1C[C@H](N)[C@@H](c3ccccn3)CN1CC2,CHEMBL234047,=,=,1520.0,1520.0,1520.0,5.818156412055227
COc1cc2c(cc1OC)[C@@H]1C[C@@H](N)[C@@H](c3ccccn3)CN1CC2,CHEMBL392083,=,=,990.0,990.0,990.0,6.004364805402449
COc1cc2c(cc1OC)[C@@H]1CC(N)[C@@H](c3ccccc3)CN1CC2,CHEMBL234046,=,=,220.0,220.0,220.0,6.657577319177793
COc1cc2c(cc1OC)[C@@H]1C[C@H](N)[C@@H](c3ccccc3)CN1CC2,CHEMBL428894,=,=,200.0,200.0,200.0,6.698970004336019
COc1cc2c(cc1OC)[C@@H]1C[C@@H](N)[C@@H](c3ccccc3)CN1CC2,CHEMBL391037,=,=,270.0,270.0,270.0,6.568636235841012
COc1ccc(N2CCC(N)C(c3ccccn3)C2)cc1OC,CHEMBL231996,=,=,8900.0,8.9,8900.0,5.050609993355087
COc1cccc(C2CN(c3ccc(OC)c(OC)c3)CCC2N)c1,CHEMBL231995,=,=,25600.0,25.6,25600.0,4.591760034688151
COc1ccc(N2CCC(N)C(c3cccc(C)c3)C2)cc1OC,CHEMBL231994,=,=,600.0,0.6,600.0,6.221848749616356
COc1ccc(N2CCC(N)C(c3ccc(C)c(C)c3)C2)cc1OC,CHEMBL397353,=,=,31300.0,31.3,31300.0,4.504455662453552
COc1ccc(N2CCC(N)C(c3ccc(C)cc3)C2)cc1OC,CHEMBL234616,=,=,14800.0,14.8,14800.0,4.8297382846050425
CCCCC1CN(c2cccc3ccccc23)CCC1N,CHEMBL234615,=,=,5300.0,5.3,5300.0,5.275724130399211
CCCCC1CN(c2cccc3c2CCCC3)CCC1N,CHEMBL397144,=,=,13600.0,13.6,13600.0,4.866461091629782
CCCC[C@@H]1CN(c2ccc3ccccc3c2)CC[C@H]1N,CHEMBL234614,=,=,9400.0,9.4,9400.0,5.026872146400301
CCCC[C@H]1CN(c2ccc3ccccc3c2)CC[C@H]1N,CHEMBL394507,=,=,1500.0,1.5,1500.0,5.823908740944319
CCCC[C@H]1CN(c2ccc(Cl)c(Cl)c2)CC[C@H]1N,CHEMBL234613,=,=,3300.0,3.3,3300.0,5.481486060122112
CCCC[C@@H]1CN(c2cc(OC)c(OC)c(OC)c2)CC[C@H]1N,CHEMBL234429,=,=,18400.0,18.4,18400.0,4.735182176990463
CCCC[C@H]1CN(c2cc(OC)c(OC)c(OC)c2)CC[C@H]1N,CHEMBL396136,=,=,2300.0,2.3,2300.0,5.638272163982407
CCCC[C@@H]1CN(c2ccc(OC)c(OC)c2)CC[C@H]1N,CHEMBL234428,=,=,26000.0,26.0,26000.0,4.585026652029182
CCCC[C@H]1CN(c2ccc(OC)c(OC)c2)CCC1N,CHEMBL234427,=,=,4900.0,4.9,4900.0,5.309803919971486
CCCCC1CN(c2ccc(Cl)c(C(F)(F)F)c2)CCC1N,CHEMBL234426,=,=,2600.0,2.6,2600.0,5.585026652029182
CCCC[C@H]1CN(c2ccc(Cl)c(C(F)(F)F)c2)CC[C@H]1N,CHEMBL443316,=,=,2800.0,2.8,2800.0,5.552841968657781
CCCC[C@@H]1CN(c2ccc(OC)c(-c3ccccc3)c2)CC[C@H]1N,CHEMBL234236,=,=,142000.0,142.0,142000.0,3.8477116556169433
CCCC[C@H]1CN(c2ccc(OC)c(-c3ccccc3)c2)CC[C@H]1N,CHEMBL234235,=,=,5800.0,5.8,5800.0,5.236572006437063
CCCCC1CN(c2cc(OC)cc(C(F)(F)F)c2)CCC1N,CHEMBL234233,=,=,8400.0,8.4,8400.0,5.075720713938118
CCCC[C@H]1CN(c2cc(OC)cc(C(F)(F)F)c2)CC[C@H]1N,CHEMBL234045,=,=,2100.0,2.1,2100.0,5.6777807052660805
CCCCC1CN(c2cc(C(F)(F)F)cc(C(F)(F)F)c2)CCC1N,CHEMBL234043,=,=,13400.0,13.4,13400.0,4.872895201635193
CCCC[C@@H]1CN(c2ccc(Oc3ccccc3)cc2)CC[C@H]1N,CHEMBL396857,=,=,15000.0,15.0,15000.0,4.823908740944319
CCCC[C@H]1CN(c2ccc(Oc3ccccc3)cc2)CC[C@H]1N,CHEMBL234611,=,=,6300.0,6.3,6300.0,5.200659450546418
CCCC[C@@H]1CN(c2ccccc2)CC[C@H]1N,CHEMBL234610,=,=,35700.0,35.7,35700.0,4.447331783887806
CCCC[C@H]1CN(c2ccccc2)CC[C@H]1N,CHEMBL394662,=,=,3500.0,3.5,3500.0,5.455931955649724
CCCCC1CN(C(c2ccccc2)c2ccccc2)CCC1N,CHEMBL234414,=,=,18600.0,18.6,18600.0,4.730487055782084
CCCCC1CN(C2CCCCC2)CCC1N,CHEMBL234413,=,=,45200.0,45.2,45200.0,4.3448615651886175
N[C@@H](CC(=O)N1CCn2c(nnc2C(F)(F)F)C1)Cc1cc(F)c(F)cc1F,CHEMBL1422,=,=,18.0,18.0,18.0,7.7447274948966935
N[C@H]1C[C@@H](N2Cc3cncnc3C2)CC[C@@H]1c1cc(F)c(F)cc1F,CHEMBL233564,=,=,0.67,0.67,0.67,9.173925197299173
N[C@H]1C[C@@H](N2Cc3cnc(C4CC4)nc3C2)CC[C@@H]1c1cc(F)c(F)cc1F,CHEMBL233563,=,=,5.3,5.3,5.3,8.275724130399212
N[C@H]1C[C@@H](N2Cc3ccccc3C2)CC[C@@H]1c1cc(F)c(F)cc1F,CHEMBL392924,=,=,6.6,6.6,6.6,8.18045606445813
N[C@H]1C[C@@H](N2CCn3c(nnc3C(F)(F)F)C2)CC[C@@H]1c1cc(F)c(F)cc1F,CHEMBL233360,=,=,21.0,21.0,21.0,7.6777807052660805
Cc1nc(C(=O)[C@@H]2CCCN2C(=O)CNC(C)(C)CO)no1,CHEMBL234911,=,=,77.0,0.077,77.0,7.113509274827518
CC(C)(Cc1ccc(F)cc1)NCC(=O)N1C[C@@H](F)C[C@H]1C(=O)c1nnc(C(C)(C)C)o1,CHEMBL393947,=,=,25.0,0.025,25.0,7.6020599913279625
CC(C)(CO)NCC(=O)N1C[C@@H](F)C[C@H]1C(=O)c1nnc(C(C)(C)C)o1,CHEMBL232185,=,=,22.0,0.022,22.0,7.657577319177793
CC(C)(CO)NCC(=O)N1CCC[C@H]1C(=O)c1nnc(C(C)(C)C)o1,CHEMBL232759,=,=,47.0,0.047,47.0,7.327902142064282
Cc1nnc(C(=O)[C@@H]2CCCN2C(=O)CNC(C)(C)CO)o1,CHEMBL232572,=,=,255.0,0.255,255.0,6.5934598195660445
CC(C)(C)NCC(=O)N1CCC[C@H]1C(=O)c1nnc(C2(C)CCCCC2)o1,CHEMBL232571,=,=,10.0,0.01,10.0,8.0
CC(C)(C)NCC(=O)N1C[C@@H](F)C[C@H]1C(=O)c1nnc(C2CCCCC2)o1,CHEMBL391645,=,=,30.0,0.03,30.0,7.522878745280337
Cc1cc(C)c(-c2nnc(C(=O)[C@@H]3CCCN3C(=O)CNC(C)(C)C)o2)c(C)c1,CHEMBL232570,=,=,17.0,0.017,17.0,7.769551078621726
CC(C)(C)NCC(=O)N1CCC[C@H]1C(=O)c1nnc(C(C)(C)C)o1,CHEMBL395166,=,=,56.0,0.056,56.0,7.251811972993799
CCC(C)(C)c1nnc(C(=O)[C@@H]2C[C@H](F)CN2C(=O)CNC(C)(C)C)o1,CHEMBL399408,=,=,20.0,0.02,20.0,7.698970004336019
Cc1nnc(C(=O)[C@@H]2CCCN2C(=O)CNC23CC4CC(CC(O)(C4)C2)C3)o1,CHEMBL391269,=,=,339.0,0.339,339.0,6.4698003017969175
Cc1nnc(C(=O)[C@@H]2CC(F)(F)CN2C(=O)CNC23CC4CC(CC(C4)C2)C3)o1,CHEMBL233337,=,=,680.0,0.68,680.0,6.167491087293763
Cc1nnc(C(=O)[C@@H]2C[C@H](F)CN2C(=O)CNC23CC4CC(CC(C4)C2)C3)o1,CHEMBL233136,=,=,53.0,0.053,53.0,7.275724130399211
Cc1nnc(C(=O)[C@@H]2CCCN2C(=O)CNC23CC4CC(CC(C4)C2)C3)o1,CHEMBL232725,=,=,84.0,0.084,84.0,7.075720713938118
Cc1nnc(C(=O)[C@@H]2CSCN2C(=O)CNC23CC4CC(CC(C4)C2)C3)o1,CHEMBL232111,=,=,224.0,0.224,224.0,6.649751981665837
Cc1nc(C(=O)[C@@H]2CCCN2C(=O)CNC23CC4CC(CC(C4)C2)C3)no1,CHEMBL233996,=,=,210.0,0.21,210.0,6.6777807052660805
CC(C)(C)NCC(=O)N1CCC[C@H]1C(=O)c1noc(C2(C)CCCCC2)n1,CHEMBL232586,=,=,95.0,0.095,95.0,7.022276394711152
CC(C)(C)NCC(=O)N1CCC[C@H]1C(=O)c1noc(-c2ccc(F)cc2)n1,CHEMBL399615,=,=,15.0,0.015,15.0,7.823908740944319
CC(C)(C)NCC(=O)N1C[C@@H](F)C[C@H]1C(=O)c1noc(C(C)(C)C)n1,CHEMBL392552,=,=,63.0,0.063,63.0,7.200659450546418
CC(C)(Cc1ccc(F)cc1)NCC(=O)N1CCC[C@H]1C(=O)c1ncon1,CHEMBL232153,=,=,35.0,0.035,35.0,7.455931955649724
Cc1nc(C(=O)[C@@H]2CCCN2C(=O)CNC(C)(C)C(=O)O)no1,CHEMBL231698,=,=,7939.0,7.939,7939.0,5.100234198055614
CC(C)(CO)NCC(=O)N1CCC[C@H]1C(=O)c1noc(C(C)(C)C)n1,CHEMBL231697,=,=,223.0,0.223,223.0,6.651695136951839
CC(C)(CO)NCC(=O)N1C[C@@H](F)C[C@H]1C(=O)c1noc(C(C)(C)C)n1,CHEMBL391929,=,=,67.0,0.067,67.0,7.173925197299173
COc1ccccc1[C@@H]1CN(c2nc3c(cc2F)c(=O)c(C(=O)O)cn3C2CC2)C[C@@H]1N,CHEMBL438309,=,=,200.0,200.0,200.0,6.698970004336019
N[C@H]1CN(c2nc3c(cc2F)c(=O)c(C(=O)O)cn3C2CC2)C[C@H]1c1ccc(F)cc1,CHEMBL236507,=,=,140.0,140.0,140.0,6.853871964321762
N[C@H]1CN(c2nc3c(cc2F)c(=O)c(C(=O)O)cn3C2CC2)C[C@H]1c1ccccc1,CHEMBL237568,=,=,150.0,150.0,150.0,6.823908740944319
COc1ccccc1[C@H]1CN(c2nc3c(cc2F)c(=O)c(C(=O)O)cn3C2CC2)C[C@@H]1N,CHEMBL237567,=,=,2000.0,2000.0,2000.0,5.698970004336019
N[C@H]1CN(c2nc3c(cc2F)c(=O)c(C(=O)O)cn3C2CC2)C[C@H]1c1ccc(Cl)c(Cl)c1,CHEMBL399409,=,=,1000.0,1000.0,1000.0,6.0
N[C@H]1CN(c2cc(-c3ccccc3)ncn2)C[C@@H]1c1ccccc1,CHEMBL237758,=,=,790.0,790.0,790.0,6.102372908709558
N[C@H]1CN(c2cc(-c3cccc(Cl)c3)ncn2)C[C@@H]1c1ccccc1,CHEMBL392697,=,=,2900.0,2900.0,2900.0,5.537602002101044
COc1ccc(-c2cc(N3C[C@H](c4ccccc4)[C@@H](N)C3)ncn2)cc1,CHEMBL235201,=,=,2300.0,2300.0,2300.0,5.638272163982407
N#Cc1cccc(-c2cc(N3C[C@H](c4ccccc4)[C@@H](N)C3)ncn2)c1,CHEMBL392696,=,=,1400.0,1400.0,1400.0,5.853871964321762
N[C@H]1CN(c2cc(-c3ccccc3)ncn2)C[C@@H]1c1cc(F)c(F)cc1F,CHEMBL236705,=,=,21.0,21.0,21.0,7.6777807052660805
COc1ccc(-c2cc(N3C[C@H](c4cc(F)c(F)cc4F)[C@@H](N)C3)ncn2)cn1,CHEMBL237786,=,=,37.0,37.0,37.0,7.431798275933005
N[C@H]1CN(c2cc(-c3cccnc3)ncn2)C[C@@H]1c1cc(F)c(F)cc1F,CHEMBL237785,=,=,31.0,31.0,31.0,7.508638306165727
N[C@H]1CN(c2cc(-c3cccc(O)c3)ncn2)C[C@@H]1c1cc(F)c(F)cc1F,CHEMBL237569,=,=,70.0,70.0,70.0,7.154901959985743
N[C@H]1CN(c2cc(-c3cccc([N+](=O)[O-])c3)ncn2)C[C@@H]1c1cc(F)c(F)cc1F,CHEMBL399207,=,=,120.0,120.0,120.0,6.920818753952375
CC(=O)Nc1cccc(-c2cc(N3C[C@H](c4cc(F)c(F)cc4F)[C@@H](N)C3)ncn2)c1,CHEMBL236719,=,=,14.0,14.0,14.0,7.853871964321762
N[C@H]1CN(c2cc(-c3cccc(C(=O)O)c3)ncn2)C[C@@H]1c1cc(F)c(F)cc1F,CHEMBL236508,=,=,5.0,5.0,5.0,8.301029995663981
N[C@H]1CN(c2cc(-c3cccc(CO)c3)ncn2)C[C@@H]1c1cc(F)c(F)cc1F,CHEMBL391252,=,=,32.0,32.0,32.0,7.494850021680094
N[C@H]1CN(c2cc(-c3cccc(OC(F)(F)F)c3)ncn2)C[C@@H]1c1cc(F)c(F)cc1F,CHEMBL236085,=,=,1300.0,1300.0,1300.0,5.886056647693163
N[C@H]1CN(c2cc(-c3cccc(C(F)(F)F)c3)ncn2)C[C@@H]1c1cc(F)c(F)cc1F,CHEMBL236084,=,=,71.0,71.0,71.0,7.1487416512809245
COc1ccc(-c2cc(N3C[C@H](c4cc(F)c(F)cc4F)[C@@H](N)C3)ncn2)cc1,CHEMBL391251,=,=,120.0,120.0,120.0,6.920818753952375
N[C@H]1CN(c2cc(-c3ccc(F)cc3)ncn2)C[C@@H]1c1cc(F)c(F)cc1F,CHEMBL236923,=,=,51.0,51.0,51.0,7.292429823902063
CC(=O)c1ccc(-c2cc(N3C[C@H](c4cc(F)c(F)cc4F)[C@@H](N)C3)ncn2)cc1,CHEMBL391837,=,=,160.0,160.0,160.0,6.795880017344075
N#Cc1ccc(-c2cc(N3C[C@H](c4cc(F)c(F)cc4F)[C@@H](N)C3)ncn2)cc1,CHEMBL236922,=,=,130.0,130.0,130.0,6.886056647693163
N[C@H]1CN(c2cc(-c3ccc(Cl)cc3)ncn2)C[C@@H]1c1cc(F)c(F)cc1F,CHEMBL412585,=,=,470.0,470.0,470.0,6.327902142064282
COc1cccc(-c2cc(N3C[C@H](c4cc(F)c(F)cc4F)[C@@H](N)C3)ncn2)c1,CHEMBL236714,=,=,47.0,47.0,47.0,7.327902142064282
N[C@H]1CN(c2cc(-c3cccc(F)c3)ncn2)C[C@@H]1c1cc(F)c(F)cc1F,CHEMBL237343,=,=,51.0,51.0,51.0,7.292429823902063
CC(=O)c1cccc(-c2cc(N3C[C@H](c4cc(F)c(F)cc4F)[C@@H](N)C3)ncn2)c1,CHEMBL393612,=,=,19.0,19.0,19.0,7.721246399047171
N#Cc1cccc(-c2cc(N3C[C@H](c4cc(F)c(F)cc4F)[C@@H](N)C3)ncn2)c1,CHEMBL237342,=,=,37.0,37.0,37.0,7.431798275933005
N[C@H]1CN(c2cc(-c3cccc(Cl)c3)ncn2)C[C@@H]1c1cc(F)c(F)cc1F,CHEMBL237341,=,=,190.0,190.0,190.0,6.721246399047171
COc1ccccc1-c1cc(N2C[C@H](c3cc(F)c(F)cc3F)[C@@H](N)C2)ncn1,CHEMBL393611,=,=,180.0,180.0,180.0,6.7447274948966935
N[C@H]1CN(c2cc(-c3ccccc3F)ncn2)C[C@@H]1c1cc(F)c(F)cc1F,CHEMBL391048,=,=,57.0,57.0,57.0,7.2441251443275085
CC(=O)c1ccccc1-c1cc(N2C[C@H](c3cc(F)c(F)cc3F)[C@@H](N)C2)ncn1,CHEMBL236707,=,=,230.0,230.0,230.0,6.638272163982407
N#Cc1ccccc1-c1cc(N2C[C@H](c3cc(F)c(F)cc3F)[C@@H](N)C2)ncn1,CHEMBL391047,=,=,93.0,93.0,93.0,7.031517051446065
N[C@H]1CN(c2cc(-c3ccccc3Cl)ncn2)C[C@@H]1c1cc(F)c(F)cc1F,CHEMBL236706,=,=,260.0,260.0,260.0,6.585026652029182
N[C@H]1CN(c2cc(-c3ccccc3)ncn2)C[C@@H]1c1cc(F)c(F)cc1F,CHEMBL236705,=,=,13.0,13.0,13.0,7.886056647693163
COc1ccc(-c2cc(N3C[C@H](c4cc(F)c(F)cc4F)[C@@H](N)C3)ncn2)cn1,CHEMBL237786,=,=,6.4,6.4,6.4,8.193820026016112
N[C@H]1CN(c2cc(-c3cccc(F)c3)ncn2)C[C@@H]1c1cc(F)c(F)cc1F,CHEMBL237343,=,=,14.0,14.0,14.0,7.853871964321762
CN(C)C(=O)[C@@H](c1ccc(-c2ccc(F)cc2)cc1)[C@H](N)C(=O)N1CC[C@H](F)C1,CHEMBL237119,=,=,12.0,0.012,12.0,7.920818753952375
CC(=O)N[C@H]1CC[C@H]([C@H](C)[C@H](N)C(=O)N2CC[C@H](F)C2)CC1,CHEMBL237547,=,=,16.0,0.016,16.0,7.795880017344075
CN(C)C(=O)[C@@H](c1ccc(-c2ccc3ncnn3c2)cc1)[C@H](N)C(=O)N1CC[C@H](F)C1,CHEMBL237337,=,=,4.0,0.004,4.0,8.397940008672037
C[C@@H](c1ccc(-c2ccc(F)cc2)cc1)[C@H](N)C(=O)N1CC[C@H](F)C1,CHEMBL237336,=,=,64.0,0.064,64.0,7.1938200260161125
C[C@@H](C1CCC(c2cccc3ncnn23)CC1)[C@H](N)C(=O)N1CCC(F)(F)C1,CHEMBL237152,=,=,1.5,0.0015,1.5,8.823908740944319
C[C@@H](C1CCC(c2cccnc2)CC1)[C@H](N)C(=O)N1CCC(F)(F)C1,CHEMBL237151,=,=,4.6,0.0046,4.6,8.337242168318426
C[C@@H](C1CCC(c2ccc(F)cc2)CC1)[C@H](N)C(=O)N1CC[C@](C)(F)C1,CHEMBL392524,=,=,12.0,0.012,12.0,7.920818753952375
C[C@@H](C1CCC(c2cccc3ncnn23)CC1)[C@H](N)C(=O)N1CCC(F)(F)C1,CHEMBL237152,=,=,28.0,0.028,28.0,7.552841968657781
C[C@@H](C1CCC(c2cccnc2)CC1)[C@H](N)C(=O)N1CCC(F)(F)C1,CHEMBL237151,=,=,150.0,0.15,150.0,6.823908740944319
C[C@@H](C1CCC(c2ccc(F)cc2)CC1)[C@H](N)C(=O)N1CC[C@](C)(F)C1,CHEMBL392524,=,=,390.0,0.39,390.0,6.4089353929735005
CN(C)C(=O)[C@@H]([C@H]1CC[C@H](c2cccc3ncnn32)CC1)[C@H](N)C(=O)N1CCC(F)(F)C1,CHEMBL237997,=,=,2.5,0.0025,2.5,8.602059991327963
CN(C)C(=O)[C@@H]([C@H]1CC[C@@H](c2cccc3ncnn32)CC1)[C@H](N)C(=O)N1CCC(F)(F)C1,CHEMBL237783,=,=,260.0,0.26,260.0,6.585026652029182
CN(C)C(=O)[C@@H]([C@H]1CC[C@H](c2cccc3ncnn32)CC1)[C@H](N)C(=O)N1CC[C@H](F)C1,CHEMBL400841,=,=,2.3,0.0023,2.3,8.638272163982407
CN(C)C(=O)[C@@H]([C@H]1CC[C@@H](c2cccc3ncnn32)CC1)[C@H](N)C(=O)N1CC[C@H](F)C1,CHEMBL237566,=,=,310.0,0.31,310.0,6.508638306165727
CN(C)C(=O)[C@@H]([C@H]1CC[C@H](c2cccc3ncnn32)CC1)[C@H](N)C(=O)N1CCC(F)(F)C1,CHEMBL237997,=,=,23.0,0.023,23.0,7.638272163982407
CN(C)C(=O)[C@@H]([C@H]1CC[C@@H](c2cccc3ncnn32)CC1)[C@H](N)C(=O)N1CCC(F)(F)C1,CHEMBL237783,=,=,670.0,0.67,670.0,6.173925197299173
CN(C)C(=O)[C@@H]([C@H]1CC[C@H](c2cccc3ncnn32)CC1)[C@H](N)C(=O)N1CC[C@H](F)C1,CHEMBL400841,=,=,26.0,0.026,26.0,7.585026652029182
CN(C)C(=O)[C@@H]([C@H]1CC[C@@H](c2cccc3ncnn32)CC1)[C@H](N)C(=O)N1CC[C@H](F)C1,CHEMBL237566,=,=,820.0,0.82,820.0,6.086186147616283
CN(C)C(=O)[C@@H]([C@H]1CC[C@H](C2CCc3ncnn3C2)CC1)[C@H](N)C(=O)N1CCC(F)(F)C1,CHEMBL235199,=,=,38.0,0.038,38.0,7.42021640338319
CN(C)C(=O)[C@@H]([C@H]1CC[C@@H](C2CCc3ncnn3C2)CC1)[C@H](N)C(=O)N1CCC(F)(F)C1,CHEMBL235198,=,=,220.0,0.22,220.0,6.657577319177793
CN(C)C(=O)[C@@H]([C@H]1CC[C@H](c2ccc3ncnn3c2)CC1)[C@H](N)C(=O)N1CCC(F)(F)C1,CHEMBL437557,=,=,4.8,0.0048,4.8,8.318758762624412
CN(C)C(=O)[C@@H]([C@H]1CC[C@@H](c2ccc3ncnn3c2)CC1)[C@H](N)C(=O)N1CCC(F)(F)C1,CHEMBL238191,=,=,32.0,0.032,32.0,7.494850021680094
CN(C)C(=O)[C@@H]([C@H]1CC[C@H](c2ccc(F)cc2)CC1)[C@H](N)C(=O)N1CCC(F)(F)C1,CHEMBL238190,=,=,11.0,0.011,11.0,7.958607314841775
CN(C)C(=O)[C@@H]([C@H]1CC[C@@H](c2ccc(F)cc2)CC1)[C@H](N)C(=O)N1CCC(F)(F)C1,CHEMBL237972,=,=,150.0,0.15,150.0,6.823908740944319
COc1cc([C@H]2CC[C@H]([C@H](C(=O)N(C)C)[C@H](N)C(=O)N3CCC(F)(F)C3)CC2)nc(OC)n1,CHEMBL235223,=,=,260.0,0.26,260.0,6.585026652029182
COc1cc([C@H]2CC[C@@H]([C@H](C(=O)N(C)C)[C@H](N)C(=O)N3CCC(F)(F)C3)CC2)nc(OC)n1,CHEMBL235004,=,=,100.0,0.1,100.0,7.0
CN(C)C(=O)[C@@H]([C@H]1CC[C@H](C2CCc3ncnn3C2)CC1)[C@H](N)C(=O)N1CCC(F)(F)C1,CHEMBL235199,=,=,120.0,0.12,120.0,6.920818753952375
CN(C)C(=O)[C@@H]([C@H]1CC[C@@H](C2CCc3ncnn3C2)CC1)[C@H](N)C(=O)N1CCC(F)(F)C1,CHEMBL235198,=,=,450.0,0.45,450.0,6.346787486224656
CN(C)C(=O)[C@@H]([C@H]1CC[C@H](c2ccc3ncnn3c2)CC1)[C@H](N)C(=O)N1CCC(F)(F)C1,CHEMBL437557,=,=,130.0,0.13,130.0,6.886056647693163
CN(C)C(=O)[C@@H]([C@H]1CC[C@@H](c2ccc3ncnn3c2)CC1)[C@H](N)C(=O)N1CCC(F)(F)C1,CHEMBL238191,=,=,130.0,0.13,130.0,6.886056647693163
CN(C)C(=O)[C@@H]([C@H]1CC[C@H](c2ccc(F)cc2)CC1)[C@H](N)C(=O)N1CCC(F)(F)C1,CHEMBL238190,=,=,290.0,0.29,290.0,6.537602002101044
CN(C)C(=O)[C@@H]([C@H]1CC[C@@H](c2ccc(F)cc2)CC1)[C@H](N)C(=O)N1CCC(F)(F)C1,CHEMBL237972,=,=,1500.0,1.5,1500.0,5.823908740944319
COc1cc([C@H]2CC[C@H]([C@H](C(=O)N(C)C)[C@H](N)C(=O)N3CCC(F)(F)C3)CC2)nc(OC)n1,CHEMBL235223,=,=,1900.0,1.9,1900.0,5.721246399047171
COc1cc([C@H]2CC[C@@H]([C@H](C(=O)N(C)C)[C@H](N)C(=O)N3CCC(F)(F)C3)CC2)nc(OC)n1,CHEMBL235004,=,=,2700.0,2.7,2700.0,5.568636235841012
CC[C@@H](C)[C@H](N)C(=O)N1Cc2ccccc2C1,CHEMBL397070,=,=,90000.0,90.0,90000.0,4.045757490560675
CC(=O)Nc1ccc(OP(=O)(Oc2ccc(NC(C)=O)cc2)C2CCCN2C(=O)[C@H](CCCCN)NC(=O)OCc2ccccc2)cc1,CHEMBL238114,=,=,4200.0,4.2,4200.0,5.376750709602099
CC(=O)Nc1ccc(OP(=O)(Oc2ccc(NC(C)=O)cc2)C2CCCN2C(=O)[C@@H](N)CCCCN)cc1,CHEMBL236781,=,=,8000.0,8.0,8000.0,5.096910013008056
NCC[C@H](N)C(=O)N1CCCC1P(=O)(Oc1ccccc1)Oc1ccccc1,CHEMBL392139,=,=,261000.0,261.0,261000.0,3.583359492661719
N[C@@H](Cc1cnc[nH]1)C(=O)N1CCCC1P(=O)(Oc1ccccc1)Oc1ccccc1,CHEMBL236602,=,=,326000.0,326.0,326000.0,3.4867823999320606
NCCCC[C@H](NC(=O)OCc1ccccc1)C(=O)N1CCCC1P(=O)(Oc1ccccc1)Oc1ccccc1,CHEMBL439205,=,=,4800.0,4.8,4800.0,5.318758762624412
NCCCC[C@H](N)C(=O)N1CCCC1P(=O)(Oc1ccccc1)Oc1ccccc1,CHEMBL391721,=,=,117000.0,117.0,117000.0,3.9318141382538387
N[C@@H](CO)C(=O)N1CCCC1P(=O)(Oc1ccccc1)Oc1ccccc1,CHEMBL237673,=,=,503000.0,503.0,503000.0,3.2984320149440727
N[C@@H](Cc1ccccc1)C(=O)N1CCCC1P(=O)(Oc1ccccc1)Oc1ccccc1,CHEMBL237658,=,=,142000.0,142.0,142000.0,3.8477116556169433
CC(C)[C@H](N)C(=O)N1CCCC1P(=O)(Oc1ccccc1)Oc1ccccc1,CHEMBL236586,=,=,89000.0,89.0,89000.0,4.050609993355088
NCC(=O)N1CCCC1P(=O)(Oc1ccccc1)Oc1ccccc1,CHEMBL399189,=,=,16000.0,16.0,16000.0,4.795880017344075
CCOC(=O)CNC(=O)c1ccc(OP(=O)(Oc2ccc(C(=O)NCC(=O)OCC)cc2)C2CCCN2C(=O)C2CCCN2)cc1,CHEMBL235766,=,=,14.0,0.014,14.0,7.853871964321762
CC(=O)Nc1ccc(OP(=O)(Oc2ccc(NC(C)=O)cc2)C2CCCN2C(=O)C2CCCN2)cc1,CHEMBL439382,=,=,5600.0,5.6,5600.0,5.251811972993799
O=C([C@@H]1CCCN1)N1CCCC1P(=O)(Oc1ccccc1)Oc1ccccc1,CHEMBL1182947,=,=,55000.0,55.0,55000.0,4.259637310505756
CC#CCn1c(N2CCC[C@@H](N)C2)nc2c1c(=O)n(Cc1nc(C)c3ccccc3n1)c(=O)n2C,CHEMBL237500,=,=,1.0,1.0,1.0,9.0
Cn1c(=O)[nH]c(=O)c2c1nc(N1CCNCC1)n2Cc1ccccc1,CHEMBL235133,=,=,3900.0,3900.0,3900.0,5.4089353929735005
CC#CCn1c(N2CCC[C@@H](N)C2)nc2c1c(=O)n(Cc1nc(C)cc3ccccc13)c(=O)n2C,CHEMBL237499,=,=,3.0,3.0,3.0,8.522878745280337
CC#CCn1c(N2CCC[C@@H](N)C2)nc2c1c(=O)n(CC(=O)c1ccccc1OCC(=O)NC)c(=O)n2C,CHEMBL237289,=,=,1.0,1.0,1.0,9.0
CC#CCn1c(N2CCC[C@@H](N)C2)nc2c1c(=O)n(Cc1ccc(OC)cc1)c(=O)n2C,CHEMBL391307,=,=,8.0,8.0,8.0,8.096910013008056
CC#CCn1c(N2CCC[C@H](N)C2)nc2c1c(=O)n(CC(=O)c1ccccc1)c(=O)n2C,CHEMBL237288,=,=,9.0,9.0,9.0,8.045757490560675
CC#CCn1c(N2CCC[C@@H](N)C2)nc2c1c(=O)n(CC(=O)c1ccccc1)c(=O)n2C,CHEMBL237287,=,=,4.0,4.0,4.0,8.397940008672037
CC(C)=CCn1c(N2CCC[C@H](N)C2)nc2c1c(=O)n(Cc1nccc3ccccc13)c(=O)n2C,CHEMBL391089,=,=,2.0,2.0,2.0,8.698970004336019
CC(C)=CCn1c(N2CCC[C@@H](N)C2)nc2c1c(=O)n(Cc1nccc3ccccc13)c(=O)n2C,CHEMBL429450,=,=,4.0,4.0,4.0,8.397940008672037
CC(C)=CCn1c(N2CCC[C@H](N)C2)nc2c1c(=O)n(CC(=O)c1ccccc1)c(=O)n2C,CHEMBL237067,=,=,3.0,3.0,3.0,8.522878745280337
CC(C)=CCn1c(N2CCC[C@@H](N)C2)nc2c1c(=O)n(CC(=O)c1ccccc1)c(=O)n2C,CHEMBL237488,=,=,6.0,6.0,6.0,8.221848749616356
CC(C)=CCn1c(N2CCCC(N)C2)nc2c1c(=O)n(CC(=O)c1ccccc1)c(=O)n2C,CHEMBL365000,=,=,5.0,5.0,5.0,8.301029995663981
CC(C)=CCn1c(N2CCCC(N)C2)nc2c1c(=O)n(CCc1ccccc1)c(=O)n2C,CHEMBL237281,=,=,56.0,56.0,56.0,7.251811972993799
CC(C)=CCn1c(N2CCCC(N)C2)nc2c1c(=O)n(Cc1ccccc1)c(=O)n2C,CHEMBL391634,=,=,284.0,284.0,284.0,6.546681659952963
CC#CCn1c(N2CCCC(N)C2)nc2c1c(=O)n(C)c(=O)n2C,CHEMBL237280,=,=,88.0,88.0,88.0,7.055517327849831
CC(C)=CCn1c(N2CCCC(N)C2)nc2c1c(=O)n(C)c(=O)n2C,CHEMBL237279,=,=,35.0,35.0,35.0,7.455931955649724
Cn1c(=O)c2c(nc(N3CCCC(N)C3)n2Cc2ccccc2)n(C)c1=O,CHEMBL399216,=,=,82.0,82.0,82.0,7.086186147616283
CC#CCn1c(N2CCNCC2)nc2c1c(=O)n(C)c(=O)n2C,CHEMBL235792,=,=,200.0,200.0,200.0,6.698970004336019
CC(C)=CCn1c(N2CCNCC2)nc2c1c(=O)n(C)c(=O)n2C,CHEMBL235352,=,=,580.0,580.0,580.0,6.236572006437063
Cn1c(=O)c2c(nc(N3CCNCC3)n2Cc2ccccc2)n(C)c1=O,CHEMBL235134,=,=,2800.0,2800.0,2800.0,5.552841968657781
CC(C)[C@H](N)C(=O)N1CCC[C@H]1B(O)O,CHEMBL67279,=,=,0.1,0.1,0.1,10.0
O=C([C@@H]1CCCN1)N1CCSC1,CHEMBL224435,=,=,538.0,538.0,538.0,6.269217724333611
N#Cc1cccnc1N1CCN([C@@H]2CN[C@H](C(=O)N3CCSC3)C2)CC1,CHEMBL241464,=,=,1.2,1.2,1.2,8.920818753952375
N#Cc1ccc(N2CCN([C@@H]3CN[C@H](C(=O)N4CCSC4)C3)CC2)nc1,CHEMBL241253,=,=,1.0,1.0,1.0,9.0
O=C([C@@H]1C[C@H](N2CCN(c3ccc(C(F)(F)F)cn3)CC2)CN1)N1CCSC1,CHEMBL241252,=,=,1.5,1.5,1.5,8.823908740944319
O=C([C@@H]1C[C@H](N2CCN(c3ccc([N+](=O)[O-])cn3)CC2)CN1)N1CCSC1,CHEMBL399610,=,=,0.92,0.92,0.92,9.036212172654444
N#Cc1ccnc(N2CCN([C@@H]3CN[C@H](C(=O)N4CCSC4)C3)CC2)c1,CHEMBL399405,=,=,1.6,1.6,1.6,8.795880017344075
O=C([C@@H]1C[C@H](N2CCN(c3ccc(Cl)cn3)CC2)CN1)N1CCSC1,CHEMBL239565,=,=,2.5,2.5,2.5,8.602059991327963
O=C([C@@H]1C[C@H](N2CCN(c3ccncc3)CC2)CN1)N1CCSC1,CHEMBL239564,=,=,3.1,3.1,3.1,8.508638306165727
O=C([C@@H]1C[C@H](N2CCN(c3ccccn3)CC2)CN1)N1CCSC1,CHEMBL395854,=,=,2.7,2.7,2.7,8.568636235841012
O=C([C@@H]1C[C@H](N2CCCN(c3ccc([N+](=O)[O-])cc3)CC2)CN1)N1CCSC1,CHEMBL239356,=,=,2.4,2.4,2.4,8.619788758288394
O=C([C@@H]1C[C@H](N2CCC(c3ccc([N+](=O)[O-])cc3)CC2)CN1)N1CCSC1,CHEMBL238516,=,=,2.3,2.3,2.3,8.638272163982407
O=C([C@@H]1C[C@H](N2CCC(c3ccccc3)CC2)CN1)N1CCSC1,CHEMBL395606,=,=,5.6,5.6,5.6,8.2518119729938
N#Cc1ccc(N2CCN([C@@H]3CN[C@H](C(=O)N4CCSC4)C3)CC2)cc1C#N,CHEMBL238515,=,=,1.3,1.3,1.3,8.886056647693163
O=C([C@@H]1C[C@H](N2CCN(c3ccc(Cl)c(Cl)c3)CC2)CN1)N1CCSC1,CHEMBL241246,=,=,3.0,3.0,3.0,8.522878745280337
O=C([C@@H]1C[C@H](N2CCN(c3ccc(C(F)(F)F)cc3)CC2)CN1)N1CCSC1,CHEMBL241245,=,=,6.8,6.8,6.8,8.167491087293763
N#Cc1ccc(N2CCN([C@@H]3CN[C@H](C(=O)N4CCSC4)C3)CC2)cc1,CHEMBL391578,=,=,4.3,4.3,4.3,8.366531544420413
O=C([C@@H]1C[C@H](N2CCN(c3ccc([N+](=O)[O-])cc3)CC2)CN1)N1CCSC1,CHEMBL391466,=,=,1.6,1.6,1.6,8.795880017344075
O=C([C@@H]1C[C@H](N2CCN(c3ccc(Br)cc3)CC2)CN1)N1CCSC1,CHEMBL239984,=,=,8.2,8.2,8.2,8.086186147616283
O=C([C@@H]1C[C@H](N2CCN(c3ccccc3Cl)CC2)CN1)N1CCSC1,CHEMBL239983,=,=,10.8,10.8,10.8,7.966576244513051
O=C([C@@H]1C[C@H](N2CCN(c3cccc(Cl)c3)CC2)CN1)N1CCSC1,CHEMBL391577,=,=,4.1,4.1,4.1,8.387216143280265
O=C([C@@H]1C[C@H](N2CCN(c3ccc(Cl)cc3)CC2)CN1)N1CCSC1,CHEMBL238507,=,=,8.7,8.7,8.7,8.060480747381382
O=C([C@@H]1C[C@H](N2CCN(c3ccc(F)cc3)CC2)CN1)N1CCSC1,CHEMBL397893,=,=,12.2,12.2,12.2,7.913640169325252
COc1ccc(N2CCN([C@@H]3CN[C@H](C(=O)N4CCSC4)C3)CC2)cc1,CHEMBL238506,=,=,13.5,13.5,13.5,7.8696662315049934
O=C([C@@H]1C[C@H](N2CCN(C(c3ccccc3)c3ccccc3)CC2)CN1)N1CCSC1,CHEMBL240602,=,=,21.0,21.0,21.0,7.6777807052660805
O=C([C@@H]1C[C@H](N2CCN(Cc3ccccc3)CC2)CN1)N1CCSC1,CHEMBL391433,=,=,30.5,30.5,30.5,7.515700160653214
O=C([C@@H]1C[C@H](N2CCN(c3ccccc3)CC2)CN1)N1CCSC1,CHEMBL240601,=,=,10.9,10.9,10.9,7.962573502059376
CN1CCN([C@@H]2CN[C@H](C(=O)N3CCSC3)C2)CC1,CHEMBL391332,=,=,57.5,57.5,57.5,7.2403321553103694
O=C([C@@H]1C[C@H](N2CCOCC2)CN1)N1CCSC1,CHEMBL241674,=,=,13.9,13.9,13.9,7.856985199745905
O=C([C@@H]1C[C@H](N2CCCCC2)CN1)N1CCSC1,CHEMBL391331,=,=,47.6,47.6,47.6,7.3223930472795065
O=C([C@@H]1C[C@H](N2CCCC2)CN1)N1CCSC1,CHEMBL241673,=,=,127.0,127.0,127.0,6.896196279044043
Cl.N[C@@H](CC(=O)N1CCCN1)Cc1cc(F)c(F)cc1F,CHEMBL534959,=,=,3850.0,3850.0,3850.0,5.414539270491499
Cl.N[C@@H](CC(=O)N1CCCCCN1C(=O)c1ccccc1)Cc1cc(F)c(F)cc1F,CHEMBL539611,=,=,70.0,70.0,70.0,7.154901959985743
Cl.N[C@@H](CC(=O)N1CCCCN1C(=O)c1ccccc1)Cc1cc(F)c(F)cc1F,CHEMBL535180,=,=,50.0,50.0,50.0,7.301029995663981
Cl.N[C@@H](CC(=O)N1CCCN1C(=O)c1ccccc1)Cc1cc(F)c(F)cc1F,CHEMBL539610,=,=,350.0,350.0,350.0,6.455931955649724
Cc1ccc(S(=O)(=O)N2CCCN2C(=O)C[C@H](N)Cc2cc(F)c(F)cc2F)cc1.Cl,CHEMBL534960,=,=,500.0,500.0,500.0,6.301029995663981
Cl.N[C@@H](CC(=O)N1CCCN1C(=O)Nc1ccccc1)Cc1cc(F)c(F)cc1F,CHEMBL557776,=,=,990.0,990.0,990.0,6.004364805402449
N[C@@H](CC(=O)N1CCn2c(nnc2C(F)(F)F)C1)Cc1cc(F)c(F)cc1F.O=P(O)(O)O,CHEMBL393336,=,=,50.0,50.0,50.0,7.301029995663981
CN(C)C(=O)[C@@H](c1ccc(-c2ccc(F)cc2)cc1)[C@H](N)C(=O)N1CC[C@H](F)C1.O=C(O)C(F)(F)F,CHEMBL191067,=,=,12.0,0.012,12.0,7.920818753952375
C[C@@H](C1CCC(N(C)C(=O)C2CC2)CC1)[C@H](N)C(=O)N1CC[C@H](F)C1.Cl,CHEMBL392825,=,=,21.0,0.021,21.0,7.6777807052660805
CC(=O)N(C)C1CCC([C@H](C)[C@H](N)C(=O)N2CC[C@H](F)C2)CC1.Cl,CHEMBL245545,=,=,16.0,0.016,16.0,7.795880017344075
CC(=O)N(C)C1CCC([C@H](C(=O)N(C)C)[C@H](N)C(=O)N2CC[C@H](F)C2)CC1.Cl,CHEMBL428747,=,=,29.0,0.029,29.0,7.537602002101044
COc1ccc(C(=O)N(C)C2CCC([C@H](C)[C@H](N)C(=O)N3CC[C@H](F)C3)CC2)cc1.Cl,CHEMBL395696,=,=,27.0,0.027,27.0,7.568636235841012
COc1ccc(C(=O)NC2CCC([C@H](C)[C@H](N)C(=O)N3CC[C@H](F)C3)CC2)cc1.Cl,CHEMBL245380,=,=,74.0,0.074,74.0,7.130768280269024
C[C@@H](C1CCC(N(C)C(=O)c2cccc(F)c2)CC1)[C@H](N)C(=O)N1CC[C@H](F)C1.Cl,CHEMBL245379,=,=,22.0,0.022,22.0,7.657577319177793
CN(C)C(=O)[C@@H](C1CCC(N(C)C(=O)c2cccc(F)c2)CC1)[C@H](N)C(=O)N1CC[C@H](F)C1.Cl,CHEMBL246374,=,=,24.0,0.024,24.0,7.619788758288394
C[C@@H](C1CCC(NS(=O)(=O)c2ccc(OC(F)(F)F)cc2)CC1)[C@H](N)C(=O)N1CC[C@H](F)C1.Cl,CHEMBL246373,=,=,440.0,0.44,440.0,6.356547323513812
CN(C)C(=O)[C@@H](C1CCC(NS(=O)(=O)c2ccc(OC(F)(F)F)cc2)CC1)[C@H](N)C(=O)N1CC[C@H](F)C1.Cl,CHEMBL397854,=,=,360.0,0.36,360.0,6.443697499232712
C[C@@H](C1CCC(NS(=O)(=O)c2ccc(F)cc2F)CC1)[C@H](N)C(=O)N1CC[C@H](F)C1.Cl,CHEMBL246372,=,=,460.0,0.46,460.0,6.337242168318426
CN(C)C(=O)[C@@H](C1CCC(NS(=O)(=O)c2ccc(F)cc2F)CC1)[C@H](N)C(=O)N1CC[C@H](F)C1.Cl,CHEMBL246170,=,=,330.0,0.33,330.0,6.481486060122112
Cl.N[C@H](C(=O)N1CC[C@H](F)C1)C1CCC(NS(=O)(=O)c2ccc(F)cc2F)CC1,CHEMBL395213,=,=,48.0,0.048,48.0,7.318758762624412
CC(=O)N(C)c1ccc([C@H](C)[C@H](N)C(=O)N2CC[C@H](F)C2)cc1.O=C(O)C(F)(F)F,CHEMBL246169,=,=,210.0,0.21,210.0,6.6777807052660805
CC(=O)N(C)c1ccc([C@H](C(=O)N(C)C)[C@H](N)C(=O)N2CC[C@H](F)C2)cc1.O=C(O)C(F)(F)F,CHEMBL246168,=,=,150.0,0.15,150.0,6.823908740944319
CC(=O)Nc1ccc([C@H](C)[C@H](N)C(=O)N2CC[C@H](F)C2)cc1.O=C(O)C(F)(F)F,CHEMBL245971,=,=,600.0,0.6,600.0,6.221848749616356
CC(=O)Nc1ccc([C@H](C(=O)N(C)C)[C@H](N)C(=O)N2CC[C@H](F)C2)cc1.O=C(O)C(F)(F)F,CHEMBL245970,=,=,160.0,0.16,160.0,6.795880017344075
C[C@@H](c1ccc(N(C)C(=O)c2ccc(F)cc2)cc1)[C@H](N)C(=O)N1CC[C@H](F)C1.O=C(O)C(F)(F)F,CHEMBL437379,=,=,300.0,0.3,300.0,6.522878745280337
CN(C)C(=O)[C@@H](c1ccc(N(C)C(=O)c2ccc(F)cc2)cc1)[C@H](N)C(=O)N1CC[C@H](F)C1.O=C(O)C(F)(F)F,CHEMBL245969,=,=,28.0,0.028,28.0,7.552841968657781
Cc1ccc(C(=O)N(C)c2ccc([C@H](C(=O)N(C)C)[C@H](N)C(=O)N3CC[C@H](F)C3)cc2)cc1.O=C(O)C(F)(F)F,CHEMBL396168,=,=,25.0,0.025,25.0,7.6020599913279625
Cc1ccc(S(=O)(=O)N(C)c2ccc([C@H](C(=O)N(C)C)[C@H](N)C(=O)N3CC[C@H](F)C3)cc2)cc1.O=C(O)C(F)(F)F,CHEMBL429653,=,=,430.0,0.43,430.0,6.366531544420413
CN(C)C(=O)[C@@H](c1ccc(NS(=O)(=O)c2ccccc2)cc1)[C@H](N)C(=O)N1CC[C@H](F)C1.O=C(O)C(F)(F)F,CHEMBL245772,=,=,870.0,0.87,870.0,6.060480747381382
CN(C)C(=O)[C@@H](c1ccc(-c2ccc3ncnn3c2)cc1)[C@H](N)C(=O)N1CC[C@H](F)C1.O=C(O)C(F)(F)F,CHEMBL377221,=,=,4.0,0.004,4.0,8.397940008672037
C[C@@H](c1ccc(-c2ccc(F)cc2)cc1)[C@H](N)C(=O)N1CC[C@H](F)C1.O=C(O)C(F)(F)F,CHEMBL189881,=,=,64.0,0.064,64.0,7.1938200260161125
CN(C)C(=O)[C@@H](c1ccc(-c2ccc(F)cc2)cc1)[C@H](N)C(=O)N1CC[C@H](F)C1.O=C(O)C(F)(F)F,CHEMBL191067,=,=,390.0,0.39,390.0,6.4089353929735005
C[C@@H](C1CCC(N(C)C(=O)C2CC2)CC1)[C@H](N)C(=O)N1CC[C@H](F)C1.Cl,CHEMBL392825,=,=,47.0,0.047,47.0,7.327902142064282
CC(=O)N(C)C1CCC([C@H](C)[C@H](N)C(=O)N2CC[C@H](F)C2)CC1.Cl,CHEMBL245545,=,=,40.0,0.04,40.0,7.3979400086720375
CC(=O)N(C)C1CCC([C@H](C(=O)N(C)C)[C@H](N)C(=O)N2CC[C@H](F)C2)CC1.Cl,CHEMBL428747,=,=,190.0,0.19,190.0,6.721246399047171
C[C@@H](C1CCC(N(C)C(=O)c2cccc(F)c2)CC1)[C@H](N)C(=O)N1CC[C@H](F)C1.Cl,CHEMBL245379,=,=,92.0,0.092,92.0,7.036212172654444
CN(C)C(=O)[C@@H](C1CCC(N(C)C(=O)c2cccc(F)c2)CC1)[C@H](N)C(=O)N1CC[C@H](F)C1.Cl,CHEMBL246374,=,=,200.0,0.2,200.0,6.698970004336019
CN(C)C(=O)[C@@H](c1ccc(N(C)C(=O)c2ccc(F)cc2)cc1)[C@H](N)C(=O)N1CC[C@H](F)C1.O=C(O)C(F)(F)F,CHEMBL245969,=,=,160.0,0.16,160.0,6.795880017344075
COc1ccc(C(=O)N(C)C2CCC([C@H](C)[C@H](N)C(=O)N3CC[C@H](F)C3)CC2)cc1.Cl,CHEMBL395696,=,=,97.0,0.097,97.0,7.013228265733755
COc1ccc(C(=O)NC2CCC([C@H](C)[C@H](N)C(=O)N3CC[C@H](F)C3)CC2)cc1.Cl,CHEMBL245380,=,=,210.0,0.21,210.0,6.6777807052660805
C[C@@H](C1CCC(NS(=O)(=O)c2ccc(OC(F)(F)F)cc2)CC1)[C@H](N)C(=O)N1CC[C@H](F)C1.Cl,CHEMBL246373,=,=,3470.0,3.47,3470.0,5.459670525209127
CN(C)C(=O)[C@@H](C1CCC(NS(=O)(=O)c2ccc(OC(F)(F)F)cc2)CC1)[C@H](N)C(=O)N1CC[C@H](F)C1.Cl,CHEMBL397854,=,=,1280.0,1.28,1280.0,5.892790030352131
C[C@@H](C1CCC(NS(=O)(=O)c2ccc(F)cc2F)CC1)[C@H](N)C(=O)N1CC[C@H](F)C1.Cl,CHEMBL246372,=,=,1490.0,1.49,1490.0,5.826813731587726
CN(C)C(=O)[C@@H](C1CCC(NS(=O)(=O)c2ccc(F)cc2F)CC1)[C@H](N)C(=O)N1CC[C@H](F)C1.Cl,CHEMBL246170,=,=,510.0,0.51,510.0,6.292429823902063
Cl.N[C@@H](CC(=O)N1CCCCN1C(=O)c1ccccc1)Cc1cc(F)c(F)cc1F,CHEMBL535180,=,=,501.19,-6.3,501.19,6.299997602857746
Cl.N[C@@H](CC(=O)N1CCCCCN1C(=O)c1ccccc1)Cc1cc(F)c(F)cc1F,CHEMBL539611,=,=,707.95,-6.15,707.95,6.149997413907538
N[C@@H](CC(=O)N1CCn2nc(C(F)(F)F)nc2C1)Cc1cc(F)c(F)cc1F,CHEMBL399499,=,=,59.0,59.0,59.0,7.229147988357855
N[C@@H](CC(=O)N1CCn2nc(C(F)(F)F)nc2[C@H]1Cn1cncn1)Cc1cc(F)c(F)cc1F,CHEMBL400068,=,=,2.0,2.0,2.0,8.698970004336019
N[C@@H](CC(=O)N1CCn2nc(C(F)(F)F)nc2C1Cn1cncn1)Cc1cc(F)c(F)cc1F,CHEMBL250353,=,=,5.0,5.0,5.0,8.301029995663981
N[C@@H](CC(=O)N1CCn2nc(C(F)(F)F)nc2C1Cn1cccn1)Cc1cc(F)c(F)cc1F,CHEMBL250351,=,=,4.0,4.0,4.0,8.397940008672037
N[C@@H](CC(=O)N1CCn2nc(C(F)(F)F)nc2C1Cn1ccnc1)Cc1cc(F)c(F)cc1F,CHEMBL250147,=,=,2.0,2.0,2.0,8.698970004336019
N[C@@H](CC(=O)N1CCn2nc(C(F)(F)F)nc2[C@@H]1C(F)C1CC1)Cc1cc(F)c(F)cc1F,CHEMBL249945,=,=,11.0,11.0,11.0,7.958607314841775
N[C@@H](CC(=O)N1CCn2nc(C(F)(F)F)nc2[C@@H]1C(F)C1CC1)Cc1cc(F)c(F)cc1F,CHEMBL249945,=,=,18.0,18.0,18.0,7.7447274948966935
N[C@@H](CC(=O)N1CCn2nc(C(F)(F)F)nc2[C@@H]1C(O)C1CC1)Cc1cc(F)c(F)cc1F,CHEMBL404210,=,=,14.0,14.0,14.0,7.853871964321762
NC(CC(=O)N1CCn2nc(C(F)(F)F)nc2[C@@H]1C(O)C1CC1)Cc1cc(F)c(F)cc1F,CHEMBL400722,=,=,12.0,12.0,12.0,7.920818753952375
N[C@@H](CC(=O)N1CCn2nc(C(F)(F)F)nc2[C@H]1CC1CC1)Cc1cc(F)c(F)cc1F,CHEMBL400752,=,=,7.0,7.0,7.0,8.154901959985743
N[C@@H](CC(=O)N1CCn2nc(C(F)(F)F)nc2[C@H]1Cc1ccc(C(F)(F)F)cc1)Cc1cc(F)c(F)cc1F,CHEMBL250999,=,=,4.0,4.0,4.0,8.397940008672037
N[C@@H](CC(=O)N1CCn2nc(C(F)(F)F)nc2[C@H]1Cc1ccc(F)cc1)Cc1cc(F)c(F)cc1F,CHEMBL401304,=,=,4.0,4.0,4.0,8.397940008672037
C[C@@H]1c2nc(C(F)(F)F)nn2CCN1C(=O)C[C@H](N)Cc1cc(F)c(F)cc1F,CHEMBL250787,=,=,25.0,25.0,25.0,7.6020599913279625
C[C@H]1c2nc(C(F)(F)F)nn2CCN1C(=O)C[C@H](N)Cc1cc(F)c(F)cc1F,CHEMBL251376,=,=,274.0,274.0,274.0,6.562249437179612
N[C@@H](CC(=O)N1CCn2nc(-c3ccccc3)nc2C1)Cc1cc(F)c(F)cc1F,CHEMBL401057,=,=,68.0,68.0,68.0,7.167491087293763
N[C@@H](CC(=O)N1CCn2nc(C3CC3)nc2C1)Cc1cc(F)c(F)cc1F,CHEMBL248936,=,=,71.0,71.0,71.0,7.1487416512809245
N[C@@H](CC(=O)N1CCn2ncnc2C1)Cc1cc(F)c(F)cc1F,CHEMBL248743,=,=,100.0,100.0,100.0,7.0
N[C@@H](CC(=O)N1CCn2c(nnc2C(F)(F)F)C1)Cc1cc(F)c(F)cc1F,CHEMBL1422,=,=,18.0,18.0,18.0,7.7447274948966935
N[C@@H](CC(=O)N1CCc2[nH]c(C(F)(F)F)nc2C1)Cc1cc(F)ccc1F,CHEMBL402496,=,=,140.0,0.14,140.0,6.853871964321762
Cn1c(C(F)(F)F)nc2c1CCN(C(=O)C[C@H](N)Cc1cc(F)c(F)cc1F)C2Cc1ccc(F)cc1,CHEMBL250285,=,=,5.8,0.0058,5.8,8.236572006437063
Cn1c(C(F)(F)F)nc2c1CCN(C(=O)C[C@H](N)Cc1cc(F)c(F)cc1F)C2Cc1ccc(F)cc1,CHEMBL250285,=,=,780.0,0.78,780.0,6.107905397309519
Cn1c(C(F)(F)F)nc2c1CCN(C(=O)C[C@H](N)Cc1cc(F)c(F)cc1F)C2Cc1ccccc1,CHEMBL250284,=,=,8.4,0.0084,8.4,8.075720713938118
Cn1c(C(F)(F)F)nc2c1CCN(C(=O)C[C@H](N)Cc1cc(F)c(F)cc1F)C2Cc1ccccc1,CHEMBL250284,=,=,570.0,0.57,570.0,6.2441251443275085
CC1c2nc(C(C)(C)C)n(C)c2CCN1C(=O)C[C@H](N)Cc1cc(F)c(F)cc1F,CHEMBL250283,=,=,370.0,0.37,370.0,6.431798275933005
CC1c2nc(C(C)(C)C)n(C)c2CCN1C(=O)C[C@H](N)Cc1cc(F)c(F)cc1F,CHEMBL250283,=,=,630.0,0.63,630.0,6.200659450546418
CC1c2nc(C3CC3)n(C)c2CCN1C(=O)C[C@H](N)Cc1cc(F)c(F)cc1F.Cl,CHEMBL1204389,=,=,250.0,0.25,250.0,6.6020599913279625
CC1c2nc(C3CC3)n(C)c2CCN1C(=O)C[C@H](N)Cc1cc(F)c(F)cc1F,CHEMBL400911,=,=,490.0,0.49,490.0,6.309803919971486
Cn1c(C(F)(F)F)nc2c1CCN(C(=O)C[C@H](N)Cc1cc(F)c(F)cc1F)C2C1CC1,CHEMBL248810,=,=,110.0,0.11,110.0,6.958607314841775
Cn1c(C(F)(F)F)nc2c1CCN(C(=O)C[C@H](N)Cc1cc(F)c(F)cc1F)C2C1CC1,CHEMBL248810,=,=,340.0,0.34,340.0,6.468521082957745
Cn1cnc2c1CCN(C(=O)C[C@H](N)Cc1cc(F)c(F)cc1F)C2C(F)(F)F,CHEMBL400954,=,=,50.0,0.05,50.0,7.301029995663981
Cn1cnc2c1CCN(C(=O)C[C@H](N)Cc1cc(F)c(F)cc1F)C2C(F)(F)F,CHEMBL400954,=,=,380.0,0.38,380.0,6.42021640338319
Cn1c(C(F)(F)F)nc2c1CCN(C(=O)C[C@H](N)Cc1cc(F)c(F)cc1F)C2(C)C,CHEMBL248615,=,=,570.0,0.57,570.0,6.2441251443275085
CCC1c2nc(C(F)(F)F)n(C)c2CCN1C(=O)C[C@H](N)Cc1cc(F)c(F)cc1F,CHEMBL250204,=,=,60.0,0.06,60.0,7.221848749616356
CCC1c2nc(C(F)(F)F)n(C)c2CCN1C(=O)C[C@H](N)Cc1cc(F)c(F)cc1F,CHEMBL250204,=,=,610.0,0.61,610.0,6.214670164989233
CC1c2nc(C(F)(F)F)n(C)c2CCN1C(=O)C[C@H](N)Cc1cc(F)c(F)cc1F,CHEMBL250202,=,=,45.0,0.045,45.0,7.346787486224656
CC1c2nc(C(F)(F)F)n(C)c2CCN1C(=O)C[C@H](N)Cc1cc(F)ccc1F,CHEMBL250006,=,=,65.0,0.065,65.0,7.187086643357144
CC1c2nc(C(F)(F)F)n(C)c2CCN1C(=O)C[C@H](N)Cc1cc(F)ccc1F,CHEMBL250006,=,=,190.0,0.19,190.0,6.721246399047171
Cn1c(-c2ccc(F)cc2)nc2c1CCN(C(=O)C[C@H](N)Cc1cc(F)ccc1F)C2,CHEMBL398661,=,=,280.0,0.28,280.0,6.552841968657781
N[C@@H](CC(=O)N1CCc2[nH]c(-c3ccccc3)nc2C1)Cc1cc(F)ccc1F,CHEMBL248997,=,=,130.0,0.13,130.0,6.886056647693163
N[C@@H](CC(=O)N1CCc2nc(C(F)(F)F)n(Cc3ccc(F)cc3)c2C1)Cc1cc(F)ccc1F,CHEMBL400761,=,=,250.0,0.25,250.0,6.6020599913279625
N[C@@H](CC(=O)N1CCc2c(nc(C(F)(F)F)n2Cc2ccc(F)cc2)C1)Cc1cc(F)ccc1F,CHEMBL248788,=,=,250.0,0.25,250.0,6.6020599913279625
CC(C)Cn1c(C(F)(F)F)nc2c1CN(C(=O)C[C@H](N)Cc1cc(F)ccc1F)CC2,CHEMBL429829,=,=,260.0,0.26,260.0,6.585026652029182
CC(C)Cn1c(C(F)(F)F)nc2c1CCN(C(=O)C[C@H](N)Cc1cc(F)ccc1F)C2,CHEMBL400278,=,=,220.0,0.22,220.0,6.657577319177793
CCn1c(C(F)(F)F)nc2c1CN(C(=O)C[C@H](N)Cc1cc(F)ccc1F)CC2,CHEMBL398492,=,=,230.0,0.23,230.0,6.638272163982407
CCn1c(C(F)(F)F)nc2c1CCN(C(=O)C[C@H](N)Cc1cc(F)ccc1F)C2,CHEMBL251405,=,=,180.0,0.18,180.0,6.7447274948966935
Cn1c(C(F)(F)F)nc2c1CN(C(=O)C[C@H](N)Cc1cc(F)ccc1F)CC2,CHEMBL251404,=,=,130.0,0.13,130.0,6.886056647693163
Cn1c(C(F)(F)F)nc2c1CCN(C(=O)C[C@H](N)Cc1cc(F)ccc1F)C2,CHEMBL251205,=,=,150.0,0.15,150.0,6.823908740944319
N[C@H]1CN(C(=O)c2ccc(-n3cnnn3)cc2)C[C@H]1C(=O)N1CCCC1,CHEMBL249427,=,=,30.0,30.0,30.0,7.522878745280337
N[C@H]1CN(C(=O)c2cc3cc(Cl)ccc3o2)C[C@H]1C(=O)N1CCCC1,CHEMBL401269,=,=,86.0,86.0,86.0,7.0655015487564325
Cc1cc(CN2C[C@H](N)[C@H](C(=O)C3CCC[C@H]3C#N)C2)ccc1-n1cncn1,CHEMBL401378,=,=,46.0,46.0,46.0,7.337242168318426
N[C@H]1CN(C(=O)c2cnc3ccccc3n2)C(=O)[C@H]1C(=O)N1CCCC1,CHEMBL428936,=,=,65.0,65.0,65.0,7.187086643357144
Cc1cc(-n2cncn2)ccc1CN1C[C@H](N)[C@H](C(=O)C2CCC[C@H]2C#N)C1,CHEMBL250620,=,=,3.8,3.8,3.8,8.42021640338319
N[C@H]1CN(C(=O)c2ccc3ccccc3c2)C[C@H]1C(=O)N1CCCC1,CHEMBL248838,=,=,79.0,79.0,79.0,7.102372908709558
N[C@H]1CN(C(=O)c2cc3ccccc3s2)C[C@H]1C(=O)N1CCCC1,CHEMBL248837,=,=,62.0,62.0,62.0,7.207608310501746
N[C@H]1CN(C(=O)c2cnc3ccccc3c2)C[C@H]1C(=O)N1CCCC1,CHEMBL249826,=,=,49.0,49.0,49.0,7.309803919971486
N[C@H]1CN(C(=O)c2cc3ccccc3cn2)C[C@H]1C(=O)N1CCCC1,CHEMBL249825,=,=,47.0,47.0,47.0,7.327902142064282
N[C@H]1CN(C(=O)c2ccc3ncsc3c2)C[C@H]1C(=O)N1CCCC1,CHEMBL399247,=,=,42.0,42.0,42.0,7.376750709602099
N[C@H]1CN(C(=O)c2ccc(-n3cncn3)cc2)C[C@H]1C(=O)N1CCCC1,CHEMBL401268,=,=,40.0,40.0,40.0,7.3979400086720375
N[C@H]1CN(C(=O)c2ccc3ncccc3c2)C[C@H]1C(=O)N1CCCC1,CHEMBL249620,=,=,38.0,38.0,38.0,7.42021640338319
N[C@H]1CN(Cc2ccc(-c3csnn3)cc2)C[C@H]1C(=O)N1CCCC1,CHEMBL250611,=,=,91.0,91.0,91.0,7.040958607678906
CC(c1ccc([N+](=O)[O-])cc1)N1C[C@H](N)[C@H](C(=O)N2CCCC2)C1,CHEMBL399693,=,=,83.0,83.0,83.0,7.080921907623926
N#Cc1ccc(CN2C[C@H](N)[C@H](C(=O)N3CCCC3)C2)cc1,CHEMBL250400,=,=,81.0,81.0,81.0,7.0915149811213505
N[C@H]1CN(Cc2ccc(F)c(F)c2)C[C@H]1C(=O)N1CCCC1,CHEMBL428937,=,=,80.0,80.0,80.0,7.096910013008056
N#Cc1cc(CN2C[C@H](N)[C@H](C(=O)N3CCCC3)C2)ccc1F,CHEMBL250399,=,=,78.0,78.0,78.0,7.107905397309519
N[C@H]1CN(Cc2ccc(-n3cncn3)cc2)C[C@H]1C(=O)N1CCCC1,CHEMBL249174,=,=,69.0,69.0,69.0,7.161150909262744
N[C@H]1CN(Cc2ccc(-n3cnnn3)cc2)C[C@H]1C(=O)N1CCCC1,CHEMBL250393,=,=,50.0,50.0,50.0,7.301029995663981
N[C@H]1CN(Cc2cnc3ccccc3c2)C[C@H]1C(=O)N1CCCC1,CHEMBL250852,=,=,27.0,27.0,27.0,7.568636235841012
N#C[C@@H]1CCCN1C(=O)[C@@H]1CN(Cc2cnc3ccccc3c2)C[C@@H]1N,CHEMBL248795,=,=,6.2,6.2,6.2,8.207608310501746
N#C[C@@H]1CCCN1C(=O)[C@@H]1CN(Cc2ccc(-n3nccn3)cc2)C[C@@H]1N,CHEMBL400338,=,=,5.4,5.4,5.4,8.267606240177031
Cc1ncn(-c2ccc(CN3C[C@H](N)[C@H](C(=O)N4CCC[C@H]4C#N)C3)cc2)n1,CHEMBL248794,=,=,5.3,5.3,5.3,8.275724130399212
N#Cc1cc(CN2C[C@H](N)[C@H](C(=O)N3CCC[C@H]3C#N)C2)ccc1F,CHEMBL438520,=,=,3.6,3.6,3.6,8.443697499232712
Cn1nccc1-c1ccc(CN2C[C@H](N)[C@H](C(=O)N3CCC[C@H]3C#N)C2)cc1,CHEMBL248793,=,=,3.3,3.3,3.3,8.481486060122112
N#C[C@@H]1CCCN1C(=O)[C@@H]1CN(Cc2ccc(-n3cncn3)cc2)C[C@@H]1N,CHEMBL399525,=,=,3.2,3.2,3.2,8.494850021680094
N#Cc1ccc(CN2C[C@H](N)[C@H](C(=O)N3CCC[C@H]3C#N)C2)cc1,CHEMBL248599,=,=,2.4,2.4,2.4,8.619788758288394
N#C[C@@H]1CCCN1C(=O)[C@@H]1CN(Cc2ccc(-c3csnn3)cc2)C[C@@H]1N,CHEMBL249407,=,=,10.0,10.0,10.0,8.0
Cn1cc(-c2ccc(CN3C[C@H](N)[C@H](C(=O)N4CCC[C@H]4C#N)C3)cc2)cn1,CHEMBL249406,=,=,10.0,10.0,10.0,8.0
Cc1nnc(-c2ccc(CN3C[C@H](N)[C@H](C(=O)N4CCC[C@H]4C#N)C3)cc2)o1,CHEMBL399726,=,=,8.5,8.5,8.5,8.070581074285707
N#C[C@@H]1CCCN1C(=O)[C@@H]1CN(Cc2ccc(-c3ccn[nH]3)cc2)C[C@@H]1N,CHEMBL249203,=,=,6.7,6.7,6.7,8.173925197299173
Cc1nnc(-c2ccc(CN3C[C@H](N)[C@H](C(=O)C4[C@H](C#N)CC[C@@H]4F)C3)cc2)o1,CHEMBL249602,=,=,5.3,5.3,5.3,8.275724130399212
CC(c1ccc(C#N)cc1)N1C[C@H](N)[C@H](C(=O)N2CCC[C@H]2C#N)C1,CHEMBL249601,=,=,5.5,5.5,5.5,8.259637310505756
N#C[C@@H]1CCCC1C(=O)[C@@H]1CN(C2CCOc3ccccc32)C[C@@H]1N,CHEMBL400533,=,=,3.5,3.5,3.5,8.455931955649724
N#Cc1ccc2c(c1)CCC2N1C[C@H](N)[C@H](C(=O)C2CCC[C@H]2C#N)C1,CHEMBL249408,=,=,3.4,3.4,3.4,8.468521082957745
CC(c1ccc(-n2cncn2)cc1)N1C[C@H](N)[C@H](C(=O)C2CCC[C@H]2C#N)C1,CHEMBL400532,=,=,3.0,3.0,3.0,8.522878745280337
CCc1cc(CN2C[C@H](N)[C@H](C(=O)C3CCC[C@H]3C#N)C2)cc(CC)c1C#N,CHEMBL429482,=,=,4.7,4.7,4.7,8.327902142064282
Cc1cc(CN2C[C@H](N)[C@H](C(=O)C3CCC[C@H]3C#N)C2)cc(C)c1C#N,CHEMBL399791,=,=,1.1,1.1,1.1,8.958607314841775
Cc1cc(CN2C[C@H](N)[C@H](C(=O)C3CCC[C@H]3C#N)C2)ccc1C#N,CHEMBL429115,=,=,1.3,1.3,1.3,8.886056647693163
Cl.N[C@@H](CC(=O)N1CCn2c(nnc2C(F)(F)F)C1Cc1ccccn1)Cc1cc(F)c(F)cc1F,CHEMBL557176,=,=,0.4,0.4,0.4,9.397940008672037
Cl.N[C@@H](CC(=O)N1CCn2c(nnc2C(F)(F)F)C1Cc1ccccn1)Cc1cc(F)c(F)cc1F,CHEMBL557176,=,=,132.0,132.0,132.0,6.8794260687941495
Cl.N[C@@H](CC(=O)N1CCn2c(nnc2C(F)(F)F)C1Cc1cc(C(F)(F)F)cc(C(F)(F)F)c1)Cc1cc(F)c(F)cc1F,CHEMBL536312,=,=,6.3,6.3,6.3,8.200659450546418
Cl.N[C@@H](CC(=O)N1CCn2c(nnc2C(F)(F)F)C1Cc1cc(C(F)(F)F)cc(C(F)(F)F)c1)Cc1cc(F)c(F)cc1F,CHEMBL536312,=,=,587.0,587.0,587.0,6.231361898752386
Cl.N[C@@H](CC(=O)N1CCn2c(nnc2C(F)(F)F)C1C(O)c1ccc(F)cc1)Cc1cc(F)c(F)cc1F,CHEMBL536536,=,=,0.5,0.5,0.5,9.301029995663981
Cl.N[C@@H](CC(=O)N1CCn2c(nnc2C(F)(F)F)C1C(O)c1ccc(F)cc1)Cc1cc(F)c(F)cc1F,CHEMBL536536,=,=,90.0,90.0,90.0,7.045757490560675
Cl.N[C@@H](CC(=O)N1CCn2c(nnc2C(F)(F)F)C1C(O)c1ccc(F)cc1)Cc1cc(F)c(F)cc1F,CHEMBL536536,=,=,0.32,0.32,0.32,9.494850021680094
Cl.N[C@@H](CC(=O)N1CCn2c(nnc2C(F)(F)F)C1C(O)c1ccc(F)cc1)Cc1cc(F)c(F)cc1F,CHEMBL536536,=,=,430.0,430.0,430.0,6.366531544420413
Cl.N[C@@H](CC(=O)N1CCn2c(nnc2C(F)(F)F)[C@H]1Cc1ccc(F)cc1)Cc1cc(F)c(F)cc1F,CHEMBL1203953,=,=,0.18,0.18,0.18,9.744727494896694
Cl.N[C@@H](CC(=O)N1CCn2c(nnc2C(F)(F)F)[C@@H]1Cc1ccc(F)cc1)Cc1cc(F)c(F)cc1F,CHEMBL559371,=,=,116.0,116.0,116.0,6.935542010773082
Cl.N[C@@H](CC(=O)N1CCn2c(nnc2C(F)(F)F)C1Cc1ccccc1F)Cc1cc(F)c(F)cc1F,CHEMBL540888,=,=,0.46,0.46,0.46,9.337242168318426
Cl.N[C@@H](CC(=O)N1CCn2c(nnc2C(F)(F)F)C1Cc1ccccc1F)Cc1cc(F)c(F)cc1F,CHEMBL540888,=,=,131.0,131.0,131.0,6.882728704344236
Cl.N[C@@H](CC(=O)N1CCn2c(nnc2C(F)(F)F)C1Cc1ccccc1C(F)(F)F)Cc1cc(F)c(F)cc1F,CHEMBL536090,=,=,0.31,0.31,0.31,9.508638306165727
Cl.N[C@@H](CC(=O)N1CCn2c(nnc2C(F)(F)F)C1Cc1ccccc1C(F)(F)F)Cc1cc(F)c(F)cc1F,CHEMBL536090,=,=,438.0,438.0,438.0,6.3585258894959
COc1ccc(CC2c3nnc(C(F)(F)F)n3CCN2C(=O)C[C@H](N)Cc2cc(F)c(F)cc2F)cc1.Cl,CHEMBL539352,=,=,0.43,0.43,0.43,9.366531544420413
COc1ccc(CC2c3nnc(C(F)(F)F)n3CCN2C(=O)C[C@H](N)Cc2cc(F)c(F)cc2F)cc1.Cl,CHEMBL539352,=,=,320.0,320.0,320.0,6.494850021680094
Cl.N[C@@H](CC(=O)N1CCn2c(nnc2C(F)(F)F)C1Cc1ccccc1)Cc1cc(F)c(F)cc1F,CHEMBL539350,=,=,0.66,0.66,0.66,9.18045606445813
Cl.N[C@@H](CC(=O)N1CCn2c(nnc2C(F)(F)F)C1Cc1ccccc1)Cc1cc(F)c(F)cc1F,CHEMBL539350,=,=,140.0,140.0,140.0,6.853871964321762
CN(C)C(=O)CC1c2nnc(C(F)(F)F)n2CCN1C(=O)C[C@H](N)Cc1cc(F)c(F)cc1F.Cl,CHEMBL556979,=,=,2.8,2.8,2.8,8.55284196865778
CN(C)C(=O)CC1c2nnc(C(F)(F)F)n2CCN1C(=O)C[C@H](N)Cc1cc(F)c(F)cc1F.Cl,CHEMBL556979,=,=,377.0,377.0,377.0,6.423658649794207
C=CCC1c2nnc(C(F)(F)F)n2CCN1C(=O)C[C@H](N)Cc1cc(F)c(F)cc1F.Cl,CHEMBL537000,=,=,32.0,32.0,32.0,7.494850021680094
C=CCC1c2nnc(C(F)(F)F)n2CCN1C(=O)C[C@H](N)Cc1cc(F)c(F)cc1F.Cl,CHEMBL537000,=,=,1.5,1.5,1.5,8.823908740944319
Cl.N[C@@H](CC(=O)N1CCn2c(nnc2C(F)(F)F)C1CC(F)(F)F)Cc1cc(F)c(F)cc1F,CHEMBL536999,=,=,5.7,5.7,5.7,8.244125144327509
Cl.N[C@@H](CC(=O)N1CCn2c(nnc2C(F)(F)F)C1CC(F)(F)F)Cc1cc(F)c(F)cc1F,CHEMBL536999,=,=,123.0,123.0,123.0,6.910094888560602
CCC1c2nnc(C(F)(F)F)n2CCN1C(=O)C[C@H](N)Cc1cc(F)c(F)cc1F.Cl,CHEMBL556606,=,=,5.0,5.0,5.0,8.301029995663981
CCC1c2nnc(C(F)(F)F)n2CCN1C(=O)C[C@H](N)Cc1cc(F)c(F)cc1F.Cl,CHEMBL556606,=,=,113.0,113.0,113.0,6.94692155651658
CC1c2nnc(C(F)(F)F)n2C(C)CN1C(=O)C[C@H](N)Cc1cc(F)c(F)cc1F.Cl,CHEMBL536089,=,=,11.0,11.0,11.0,7.958607314841775
C[C@@H]1c2nnc(C(F)(F)F)n2[C@H](C)CN1C(=O)C[C@H](N)Cc1cc(F)c(F)cc1F.Cl,CHEMBL536311,=,=,12.0,12.0,12.0,7.920818753952375
C[C@H]1c2nnc(C(F)(F)F)n2[C@@H](C)CN1C(=O)C[C@H](N)Cc1cc(F)c(F)cc1F.Cl,CHEMBL557219,=,=,209.0,209.0,209.0,6.679853713888946
CC1c2nnc(C(F)(F)F)n2C(C)CN1C(=O)C[C@H](N)Cc1cc(F)c(F)cc1F.Cl,CHEMBL536089,=,=,100.0,100.0,100.0,7.0
CC1(C)c2nnc(C(F)(F)F)n2CCN1C(=O)C[C@H](N)Cc1cc(F)c(F)cc1F.Cl,CHEMBL536088,=,=,175.0,175.0,175.0,6.756961951313706
CC1(C)CN(C(=O)C[C@H](N)Cc2cc(F)c(F)cc2F)Cc2nnc(C(F)(F)F)n21.Cl,CHEMBL536765,=,=,92.0,92.0,92.0,7.036212172654444
C[C@@H]1c2nnc(C(F)(F)F)n2CCN1C(=O)C[C@H](N)Cc1cc(F)c(F)cc1F.Cl,CHEMBL558779,=,=,4.3,4.3,4.3,8.366531544420413
C[C@H]1c2nnc(C(F)(F)F)n2CCN1C(=O)C[C@H](N)Cc1cc(F)c(F)cc1F.Cl,CHEMBL557542,=,=,88.0,88.0,88.0,7.055517327849831
C[C@@H]1Cn2c(nnc2C(F)(F)F)CN1C(=O)C[C@H](N)Cc1cc(F)c(F)cc1F.Cl,CHEMBL553787,=,=,42.0,42.0,42.0,7.376750709602099
C[C@H]1Cn2c(nnc2C(F)(F)F)CN1C(=O)C[C@H](N)Cc1cc(F)c(F)cc1F.Cl,CHEMBL557990,=,=,91.0,91.0,91.0,7.040958607678906
C[C@@H]1CN(C(=O)C[C@H](N)Cc2cc(F)c(F)cc2F)Cc2ccc(C(F)(F)F)n21.Cl,CHEMBL2021529,=,=,14.0,14.0,14.0,7.853871964321762
C[C@H]1CN(C(=O)C[C@H](N)Cc2cc(F)c(F)cc2F)Cc2ccc(C(F)(F)F)n21.Cl,CHEMBL2021541,=,=,23.0,23.0,23.0,7.638272163982407
N[C@@H](CC(=O)N1CCNC[C@H]1Cc1ccccc1)Cc1ccccc1F,CHEMBL175872,=,=,139.0,139.0,139.0,6.856985199745905
N[C@@H](CC(=O)N1CCNCC1)Cc1ccccc1F,CHEMBL184624,=,=,3700.0,3700.0,3700.0,5.431798275933005
Cl.N[C@@H](CC(=O)N1CCn2c(nnc2C(F)(F)F)C1)Cc1cc(F)c(F)cc1F,CHEMBL539077,=,=,18.0,18.0,18.0,7.7447274948966935
CN(C)C(=N)NC(=N)N,CHEMBL1431,=,=,29000.0,29.0,29000.0,4.5376020021010435
O=C([C@@H]1CCCN1)N1CCCC1,CHEMBL403882,=,=,9700.0,9700.0,9700.0,5.013228265733755
Cc1nsc(N2CCN(C(=O)[C@H]3C[C@@H](C(=O)N4CCSC4)N[C@H]3C)CC2)n1,CHEMBL269952,=,=,14.0,14.0,14.0,7.853871964321762
Cc1nsc(N2CCN(C(=O)[C@H]3C[C@@H](C(=O)N4CCCC4)N[C@H]3C)CC2)n1,CHEMBL269953,=,=,29.0,29.0,29.0,7.537602002101044
Cc1nsc(N2CCN(C(=O)[C@@H]3CN[C@H](C(=O)N4CCSC4)C3)CC2)n1,CHEMBL403449,=,=,18.0,18.0,18.0,7.7447274948966935
O=C([C@@H]1CN[C@H](C(=O)N2CCCC2)C1)N1CCN(c2nc(C(F)(F)F)ns2)CC1,CHEMBL270163,=,=,23.0,23.0,23.0,7.638272163982407
COCc1nsc(N2CCN(C(=O)[C@@H]3CN[C@H](C(=O)N4CCCC4)C3)CC2)n1,CHEMBL269965,=,=,17.0,17.0,17.0,7.769551078621726
CC(C)c1nsc(N2CCN(C(=O)[C@@H]3CN[C@H](C(=O)N4CCCC4)C3)CC2)n1,CHEMBL402645,=,=,52.0,52.0,52.0,7.2839966563652006
CCCc1nsc(N2CCN(C(=O)[C@@H]3CN[C@H](C(=O)N4CCCC4)C3)CC2)n1,CHEMBL437592,=,=,21.0,21.0,21.0,7.6777807052660805
CCc1nsc(N2CCN(C(=O)[C@@H]3CN[C@H](C(=O)N4CCCC4)C3)CC2)n1,CHEMBL271444,=,=,37.0,37.0,37.0,7.431798275933005
O=C([C@@H]1CN[C@H](C(=O)N2CCCC2)C1)N1CCN(c2ncns2)CC1,CHEMBL403969,=,=,19.0,19.0,19.0,7.721246399047171
Cc1nc(N2CCN(C(=O)[C@@H]3CN[C@H](C(=O)N4CCCC4)C3)CC2)no1,CHEMBL270395,=,=,604.0,604.0,604.0,6.218963061378869
Cc1ncc(N2CCN(C(=O)[C@@H]3CN[C@H](C(=O)N4CCCC4)C3)CC2)s1,CHEMBL403970,=,=,130.0,130.0,130.0,6.886056647693163
Cc1nc(N2CCN(C(=O)[C@@H]3CN[C@H](C(=O)N4CCCC4)C3)CC2)sc1C,CHEMBL271870,=,=,410.0,410.0,410.0,6.3872161432802645
Cc1cnc(N2CCN(C(=O)[C@@H]3CN[C@H](C(=O)N4CCCC4)C3)CC2)s1,CHEMBL439067,=,=,340.0,340.0,340.0,6.468521082957745
Cc1cc(N2CCN(C(=O)[C@@H]3CN[C@H](C(=O)N4CCCC4)C3)CC2)sn1,CHEMBL272079,=,=,69.0,69.0,69.0,7.161150909262744
Cc1csc(N2CCN(C(=O)[C@@H]3CN[C@H](C(=O)N4CCCC4)C3)CC2)n1,CHEMBL273206,=,=,52.0,52.0,52.0,7.2839966563652006
Cc1nsc(C2CCN(C(=O)[C@@H]3CN[C@H](C(=O)N4CCCC4)C3)CC2)n1,CHEMBL404159,=,=,350.0,350.0,350.0,6.455931955649724
Cc1nsc(N2CCCN(C(=O)[C@@H]3CN[C@H](C(=O)N4CCCC4)C3)CC2)n1,CHEMBL257742,=,=,310.0,310.0,310.0,6.508638306165727
Cc1nsc(N2CCN(C(=O)[C@@H]3CN[C@H](C(=O)N4CCCC4)C3)CC2)n1,CHEMBL256691,=,=,20.0,20.0,20.0,7.698970004336019
O=C([C@@H]1CN[C@H](C(=O)N2CCCC2)C1)N1CCN(c2nc(-c3ccccc3)ns2)CC1,CHEMBL258101,=,=,20.0,20.0,20.0,7.698970004336019
CN(C)C(=O)[C@@H]1CN[C@H](C(=O)N2CCCC2)C1,CHEMBL271062,=,=,670.0,670.0,670.0,6.173925197299173
O=C([C@@H]1CN[C@H](C(=O)N2CCCC2)C1)N1CCN(c2nc(-c3ccccc3)ns2)CC1,CHEMBL258101,=,=,420.0,420.0,420.0,6.376750709602099
Cc1nsc(N2CCN(C(=O)[C@H]3C[C@@H](C(=O)N4CCSC4)N[C@H]3C)CC2)n1,CHEMBL269952,=,=,41.0,41.0,41.0,7.3872161432802645
Cc1nsc(N2CCN(C(=O)[C@H]3C[C@@H](C(=O)N4CCCC4)N[C@H]3C)CC2)n1,CHEMBL269953,=,=,35.0,35.0,35.0,7.455931955649724
Cc1nsc(N2CCN(C(=O)[C@@H]3CN[C@H](C(=O)N4CCSC4)C3)CC2)n1,CHEMBL403449,=,=,44.0,44.0,44.0,7.356547323513812
O=C([C@@H]1CN[C@H](C(=O)N2CCCC2)C1)N1CCN(c2nc(C(F)(F)F)ns2)CC1,CHEMBL270163,=,=,77.0,77.0,77.0,7.113509274827518
COCc1nsc(N2CCN(C(=O)[C@@H]3CN[C@H](C(=O)N4CCCC4)C3)CC2)n1,CHEMBL269965,=,=,40.0,40.0,40.0,7.3979400086720375
CC(C)c1nsc(N2CCN(C(=O)[C@@H]3CN[C@H](C(=O)N4CCCC4)C3)CC2)n1,CHEMBL402645,=,=,150.0,150.0,150.0,6.823908740944319
CCCc1nsc(N2CCN(C(=O)[C@@H]3CN[C@H](C(=O)N4CCCC4)C3)CC2)n1,CHEMBL437592,=,=,86.0,86.0,86.0,7.0655015487564325
CCc1nsc(N2CCN(C(=O)[C@@H]3CN[C@H](C(=O)N4CCCC4)C3)CC2)n1,CHEMBL271444,=,=,92.0,92.0,92.0,7.036212172654444
O=C([C@@H]1CN[C@H](C(=O)N2CCCC2)C1)N1CCN(c2ncns2)CC1,CHEMBL403969,=,=,58.0,58.0,58.0,7.236572006437063
Cc1nc(N2CCN(C(=O)[C@@H]3CN[C@H](C(=O)N4CCCC4)C3)CC2)no1,CHEMBL270395,=,=,1300.0,1300.0,1300.0,5.886056647693163
Cc1ncc(N2CCN(C(=O)[C@@H]3CN[C@H](C(=O)N4CCCC4)C3)CC2)s1,CHEMBL403970,=,=,620.0,620.0,620.0,6.207608310501746
Cc1nc(N2CCN(C(=O)[C@@H]3CN[C@H](C(=O)N4CCCC4)C3)CC2)sc1C,CHEMBL271870,=,=,1900.0,1900.0,1900.0,5.721246399047171
Cc1cnc(N2CCN(C(=O)[C@@H]3CN[C@H](C(=O)N4CCCC4)C3)CC2)s1,CHEMBL439067,=,=,1100.0,1100.0,1100.0,5.958607314841775
Cc1cc(N2CCN(C(=O)[C@@H]3CN[C@H](C(=O)N4CCCC4)C3)CC2)sn1,CHEMBL272079,=,=,210.0,210.0,210.0,6.6777807052660805
Cc1csc(N2CCN(C(=O)[C@@H]3CN[C@H](C(=O)N4CCCC4)C3)CC2)n1,CHEMBL273206,=,=,150.0,150.0,150.0,6.823908740944319
Cc1nsc(C2CCN(C(=O)[C@@H]3CN[C@H](C(=O)N4CCCC4)C3)CC2)n1,CHEMBL404159,=,=,970.0,970.0,970.0,6.013228265733755
Cc1nsc(N2CCCN(C(=O)[C@@H]3CN[C@H](C(=O)N4CCCC4)C3)CC2)n1,CHEMBL257742,=,=,970.0,970.0,970.0,6.013228265733755
Cc1nsc(N2CCN(C(=O)[C@@H]3CN[C@H](C(=O)N4CCCC4)C3)CC2)n1,CHEMBL256691,=,=,80.0,80.0,80.0,7.096910013008056
O=C(c1nccs1)[C@@H]1CCCN1C(=O)[C@@H]1C[C@@H]2CCCC[C@@H]2N1,CHEMBL258288,=,=,44.0,44.0,44.0,7.356547323513812
N[C@H](C(=O)N1CC[C@H]1C(=O)c1nccs1)C1CCCCC1,CHEMBL402236,=,=,30.0,30.0,30.0,7.522878745280337
N[C@H](C(=O)N1CCC[C@H]1C(=O)c1nccs1)C1CCCCC1,CHEMBL256871,=,=,42.0,42.0,42.0,7.376750709602099
N[C@H](C(=O)N1CC[C@H]1C(=O)c1nc2ccccc2s1)C1CCCCC1,CHEMBL402151,=,=,42.0,42.0,42.0,7.376750709602099
N[C@H](C(=O)N1CCC[C@H]1C(=O)c1nc2ccccc2s1)C1CCCCC1,CHEMBL271694,=,=,50.0,50.0,50.0,7.301029995663981
O=C(c1cccs1)[C@@H]1CCCN1C(=O)[C@@H]1C[C@@H]2CCCC[C@@H]2N1,CHEMBL269926,=,=,50000.0,50000.0,50000.0,4.301029995663981
O=C(c1ccccn1)[C@@H]1CCCN1C(=O)[C@@H]1C[C@@H]2CCCC[C@@H]2N1,CHEMBL403160,=,=,2000.0,2000.0,2000.0,5.698970004336019
O=C(c1nc2ccccc2s1)[C@@H]1CCN1C(=O)[C@@H]1C[C@@H]2CCCC[C@@H]2N1,CHEMBL365441,=,=,80.0,80.0,80.0,7.096910013008056
O=C(c1nc2ccccc2s1)[C@@H]1CCCN1C(=O)[C@@H]1C[C@@H]2CCCC[C@@H]2N1,CHEMBL404030,=,=,30.0,30.0,30.0,7.522878745280337
CS(=O)(=O)c1ccc(-c2noc([C@@H](CC3CC3)[C@H](N)C(=O)N3CC[C@H](F)C3)n2)c(F)c1.O=C(O)C(F)(F)F,CHEMBL375745,=,=,19.0,0.019,19.0,7.721246399047171
CS(=O)(=O)c1ccc(-c2noc([C@H](CC3CC3)[C@H](N)C(F)=C3CCCC3)n2)c(Cl)c1.O=C(O)C(F)(F)F,CHEMBL404079,=,=,12.0,0.012,12.0,7.920818753952375
CS(=O)(=O)c1ccc(-c2noc([C@@H](CC3CC3)[C@H](N)C(F)=C3CCCC3)n2)c(Cl)c1.O=C(O)C(F)(F)F,CHEMBL402163,=,=,0.21,0.00021,0.21,9.67778070526608
CS(=O)(=O)c1ccc(-c2noc([C@H](CCO)[C@H](N)C(F)=C3CCCC3)n2)c(Cl)c1.O=C(O)C(F)(F)F,CHEMBL255591,=,=,93.0,0.093,93.0,7.031517051446065
CS(=O)(=O)c1ccc(-c2noc([C@@H](CCO)[C@H](N)C(F)=C3CCCC3)n2)c(Cl)c1.O=C(O)C(F)(F)F,CHEMBL445674,=,=,3.2,0.0032,3.2,8.494850021680094
CC(Cc1nc(-c2ccc(S(C)(=O)=O)cc2Cl)no1)C(F)=C1CCCC1.O=C(O)C(F)(F)F,CHEMBL1162974,=,=,21.0,0.021,21.0,7.6777807052660805
CCS(=O)(=O)c1ccc(-c2noc(C(C)[C@H](N)C(F)=C3CCCC3)n2)c(Cl)c1.O=C(O)C(F)(F)F,CHEMBL429757,=,=,50.0,0.05,50.0,7.301029995663981
CC(c1nc(-c2ccc(S(C)(=O)=O)cc2Cl)no1)[C@H](N)C(F)=C1CCCC1.O=C(O)C(F)(F)F,CHEMBL257023,=,=,7.5,0.0075,7.5,8.1249387366083
CC(c1nc(-c2ccc(NS(C)(=O)=O)cc2Cl)no1)[C@H](N)C(F)=C1CCCC1.O=C(O)C(F)(F)F,CHEMBL256172,=,=,57.0,0.057,57.0,7.2441251443275085
CC(c1nc(-c2ccc(S(=O)(=O)C(F)(F)F)cc2)no1)[C@H](N)C(F)=C1CCCC1.O=C(O)C(F)(F)F,CHEMBL401932,=,=,1490.0,1.49,1490.0,5.826813731587726
CC(c1nc(-c2ccc(S(C)(=O)=O)cc2)no1)[C@H](N)C(F)=C1CCCC1.O=C(O)C(F)(F)F,CHEMBL257709,=,=,90.0,0.09,90.0,7.045757490560675
CC(c1nc(-c2ccc(Br)cc2Cl)no1)[C@H](N)C(F)=C1CCCC1.O=C(O)C(F)(F)F,CHEMBL256603,=,=,645.0,0.645,645.0,6.1904402853647325
CC(c1nc(-c2ccc(C(F)(F)F)cc2Cl)no1)[C@H](N)C(F)=C1CCCC1.O=C(O)C(F)(F)F,CHEMBL255351,=,=,525.0,0.525,525.0,6.279840696594043
CC(c1nc(-c2ccc(Cl)cc2Cl)no1)[C@H](N)C(F)=C1CCCC1.O=C(O)C(F)(F)F,CHEMBL437026,=,=,1165.0,1.165,1165.0,5.933674074637962
CS(=O)(=O)c1ccc(-c2noc([C@@H](CC3CC3)[C@H](N)C(=O)N3CC[C@H](F)C3)n2)c(Cl)c1.O=C(O)C(F)(F)F,CHEMBL376498,=,=,13.0,0.013,13.0,7.886056647693163
CS(=O)(=O)c1ccc(-c2noc([C@@H](CCO)[C@H](N)C(=O)N3CC[C@H](F)C3)n2)c(Cl)c1.O=C(O)C(F)(F)F,CHEMBL220357,=,=,70.0,0.07,70.0,7.154901959985743
C[C@H](c1nc(-c2ccc(S(C)(=O)=O)cc2Cl)no1)[C@H](N)C(=O)N1CC[C@H](F)C1.O=C(O)C(F)(F)F,CHEMBL435320,=,=,40.0,0.04,40.0,7.3979400086720375
C[C@H](c1nc(-c2ccc(S(C)(=O)=O)cc2Cl)no1)[C@H](N)C(=O)N1CCCC1.O=C(O)C(F)(F)F,CHEMBL437206,=,=,17.0,0.017,17.0,7.769551078621726
C[C@H](c1nc(-c2ccc(S(C)(=O)=O)cc2)no1)[C@H](N)C(=O)N1CCCC1.O=C(O)C(F)(F)F,CHEMBL403415,=,=,122.0,0.122,122.0,6.913640169325252
C[C@H](c1nc(-c2ccc(Cl)cc2Cl)no1)[C@H](N)C(=O)N1CCCC1.O=C(O)C(F)(F)F,CHEMBL438992,=,=,203.0,0.203,203.0,6.692503962086787
NCc1ccccc1-c1ccccc1,CHEMBL257036,=,=,30000.0,30.0,30000.0,4.522878745280337
Cn1cnc2cc(C(N)=O)c(-c3ccccc3Cl)c(CN)c21,CHEMBL273209,=,=,32.0,0.032,32.0,7.494850021680094
Cn1cnc2cc(C#N)c(-c3ccccc3Cl)c(CN)c21,CHEMBL272114,=,=,8.0,0.008,8.0,8.096910013008056
Cn1cnc2cc(Br)c(-c3ccccc3Cl)c(CN)c21,CHEMBL257653,=,=,50.0,0.05,50.0,7.301029995663981
Cn1c(=O)[nH]c2ccc(-c3ccccc3Cl)c(CN)c21,CHEMBL257852,=,=,52.0,0.052,52.0,7.2839966563652006
Cn1nnc2ccc(-c3ccccc3Cl)c(CN)c21,CHEMBL256266,=,=,61.0,0.061,61.0,7.214670164989233
Cn1c(-c2cccnc2)nc2ccc(-c3ccccc3Cl)c(CN)c21,CHEMBL261246,=,=,11.0,0.011,11.0,7.958607314841775
COCc1nc2ccc(-c3ccccc3Cl)c(CN)c2n1C,CHEMBL263137,=,=,66.0,0.066,66.0,7.180456064458131
CCc1nc2ccc(-c3ccccc3Cl)c(CN)c2n1C,CHEMBL263139,=,=,97.0,0.097,97.0,7.013228265733755
Cc1nc2ccc(-c3ccccc3Cl)c(CN)c2n1C,CHEMBL257636,=,=,160.0,0.16,160.0,6.795880017344075
NCc1c(-c2ccccc2Cl)ccc2ncn(Cc3ccccc3)c12,CHEMBL403156,=,=,102.0,0.102,102.0,6.991399828238082
NCc1c(-c2ccccc2Cl)ccc2ncn(CCO)c12,CHEMBL401542,=,=,96.0,0.096,96.0,7.017728766960431
CCn1cnc2ccc(-c3ccc(Cl)cc3Cl)c(CN)c21,CHEMBL257308,=,=,66.0,0.066,66.0,7.180456064458131
NCc1c(-c2ccc(Cl)cc2Cl)ccc2nc[nH]c12,CHEMBL404544,=,=,630.0,0.63,630.0,6.200659450546418
Cn1cnc2ccc(-c3ccc(F)cc3F)c(CN)c21,CHEMBL406201,=,=,790.0,0.79,790.0,6.102372908709558
Cn1cnc2ccc(-c3cc(F)ccc3Cl)c(CN)c21,CHEMBL272771,=,=,320.0,0.32,320.0,6.494850021680094
Cn1cnc2ccc(-c3ccc(Cl)cc3Cl)c(CN)c21,CHEMBL255552,=,=,62.0,0.062,62.0,7.207608310501746
Cc1ccccc1-c1ccc2ncn(C)c2c1CN,CHEMBL256625,=,=,98.0,0.098,98.0,7.008773924307505
Cn1cnc2ccc(-c3ccccc3O)c(CN)c21,CHEMBL256624,=,=,1600.0,1.6,1600.0,5.795880017344075
COc1ccccc1-c1ccc2ncn(C)c2c1CN,CHEMBL428065,=,=,2000.0,2.0,2000.0,5.698970004336019
Cn1cnc2ccc(-c3ccccc3C(N)=O)c(CN)c21,CHEMBL256826,=,=,4000.0,4.0,4000.0,5.3979400086720375
Cn1cnc2ccc(-c3ccccc3Cl)c(CN)c21,CHEMBL270365,=,=,63.0,0.063,63.0,7.200659450546418
Cn1cnc2ccc(-c3ccccc3CO)c(CN)c21,CHEMBL256252,=,=,400.0,0.4,400.0,6.3979400086720375
Cn1cnc2c(CN)c(-c3ccccc3)ccc21,CHEMBL403862,=,=,40000.0,40.0,40000.0,4.3979400086720375
Cn1cnc2ccc(-c3ccccc3)c(CN)c21,CHEMBL255769,=,=,1000.0,1.0,1000.0,6.0
NCc1c(-c2ccccc2)ccc2nc[nH]c12,CHEMBL255554,=,=,12000.0,12.0,12000.0,4.920818753952375
C[C@@H]1N[C@H](C(=O)N2CCC[C@H]2C#N)C[C@@H]1C(=O)N(C)C,CHEMBL232914,=,=,10.0,10.0,10.0,8.0
CCN(CC#N)C(=O)[C@@H]1C[C@H](C(=O)NCc2ccccc2)[C@H](C)N1,CHEMBL406219,=,=,51.0,51.0,51.0,7.292429823902063
CCN(CC#N)C(=O)[C@@H]1C[C@H](C(=O)N2Cc3ccccc3C2)[C@H](C)N1,CHEMBL438547,=,=,11.0,11.0,11.0,7.958607314841775
CCN(CC#N)C(=O)[C@@H]1C[C@H](C(=O)N2CCOCC2)[C@H](C)N1,CHEMBL402466,=,=,24.0,24.0,24.0,7.619788758288394
CCN(CC#N)C(=O)[C@@H]1C[C@H](C(=O)N2CCCCC2)[C@H](C)N1,CHEMBL260509,=,=,17.0,17.0,17.0,7.769551078621726
CCN(CC#N)C(=O)[C@@H]1C[C@H](C(=O)N2CCCC2)[C@H](C)N1,CHEMBL260702,=,=,16.0,16.0,16.0,7.795880017344075
C#CCN(CC#N)C(=O)[C@@H]1C[C@H](C(=O)N(C)C)[C@H](C)N1,CHEMBL260701,=,=,60.0,60.0,60.0,7.221848749616356
C[C@@H]1N[C@H](C(=O)N(CC#N)C2CC2)C[C@@H]1C(=O)N(C)C,CHEMBL261460,=,=,56.0,56.0,56.0,7.251811972993799
C=CCN(CC#N)C(=O)[C@@H]1C[C@H](C(=O)N(C)C)[C@H](C)N1,CHEMBL261462,=,=,41.0,41.0,41.0,7.3872161432802645
CCCN(CC#N)C(=O)[C@@H]1C[C@H](C(=O)N(C)C)[C@H](C)N1,CHEMBL261463,=,=,600.0,600.0,600.0,6.221848749616356
CCN(CC#N)C(=O)[C@@H]1C[C@H](C(=O)N(C)C)[C@H](C)N1,CHEMBL407296,=,=,24.0,24.0,24.0,7.619788758288394
C[C@@H]1N[C@H](C(=O)N(C)CC#N)C[C@@H]1C(=O)N(C)C,CHEMBL259198,=,=,25.0,25.0,25.0,7.6020599913279625
C[C@@H]1N[C@H](C(=O)NCC#N)C[C@@H]1C(=O)N(C)C,CHEMBL407293,=,=,13000.0,13000.0,13000.0,4.886056647693163
C[C@@H]1N[C@H](C(=O)N2CCC[C@H]2C#N)C[C@@H]1CC(=O)N(C)C,CHEMBL430057,=,=,5.6,5.6,5.6,8.2518119729938
C[C@H]1N[C@H](C(=O)N2CCC[C@H]2C#N)C[C@H]1C(=O)N(C)C,CHEMBL409010,=,=,110.0,110.0,110.0,6.958607314841775
C[C@H]1N[C@H](C(=O)N2CCC[C@H]2C#N)C[C@@H]1C(=O)N(C)C,CHEMBL260543,=,=,70.0,70.0,70.0,7.154901959985743
C[C@@H]1N[C@H](C(=O)N2CCC[C@H]2C#N)C[C@H]1C(=O)N(C)C,CHEMBL260198,=,=,1100.0,1100.0,1100.0,5.958607314841775
CC[C@@H]1N[C@H](C(=O)N2CCC[C@H]2C#N)C[C@@H]1C(=O)N(C)C,CHEMBL260197,=,=,16.0,16.0,16.0,7.795880017344075
CC#CCn1c(N2CCC[C@@H](N)C2)nc2cnn(Cc3nc(C)c4ccccc4n3)c(=O)c21,CHEMBL403553,=,=,1.0,1.0,1.0,9.0
CC#CCn1c(NC[C@H](C)N)nc2cnn(Cc3nc(C)c4ccccc4n3)c(=O)c21,CHEMBL403408,=,=,2.0,2.0,2.0,8.698970004336019
CC#CCn1c(NCCN)nc2cnn(Cc3nc(C)c4ccccc4n3)c(=O)c21,CHEMBL257376,=,=,1.0,1.0,1.0,9.0
CC#CCn1c(N2CCCNCC2)nc2cnn(Cc3nc(C)c4ccccc4n3)c(=O)c21,CHEMBL257999,=,=,3.0,3.0,3.0,8.522878745280337
CC#CCn1c(N2CCNCC2)nc2cnn(Cc3nc(C)c4ccccc4n3)c(=O)c21,CHEMBL401971,=,=,5.0,5.0,5.0,8.301029995663981
CC#CCn1c(N2CCCC(N)C2)nc2cnn(Cc3nc4ccccc4o3)c(=O)c21,CHEMBL256969,=,=,4.0,4.0,4.0,8.397940008672037
CC#CCn1c(N2CCCC(N)C2)nc2cnn(Cc3ccc(C#N)c4ccccc34)c(=O)c21,CHEMBL404220,=,=,4.0,4.0,4.0,8.397940008672037
CC#CCn1c(N2CCCC(N)C2)nc2cnn(CC(=O)c3ccccc3)c(=O)c21,CHEMBL256928,=,=,26.0,26.0,26.0,7.585026652029182
CC#CCn1c(N2CCC[C@@H](N)C2)nc2cnn(CC3=Nc4ccccc4Oc4ccccc43)c(=O)c21,CHEMBL401502,=,=,3.0,3.0,3.0,8.522878745280337
CC#CCn1c(N2CCC[C@H](N)C2)nc2cnn(CC3=Nc4ccccc4Oc4ccccc43)c(=O)c21,CHEMBL256929,=,=,25.0,25.0,25.0,7.6020599913279625
CC#CCn1c(N2CCCC(N)C2)nc2cnn(CC3=Nc4ccccc4Oc4ccccc43)c(=O)c21,CHEMBL256729,=,=,14.0,14.0,14.0,7.853871964321762
CC#CCn1c(N2CCC[C@@H](N)C2)nc2c(C)nn(Cc3nc(C)c4ccccc4n3)c(=O)c21,CHEMBL256121,=,=,1.0,1.0,1.0,9.0
CC#CCn1c(C(=O)NCc2nc(C)cc3ccccc23)nnc1N1CCCC(N)C1,CHEMBL255517,=,=,24.0,24.0,24.0,7.619788758288394
CC#CCn1c(N2CCCC(N)C2)nc(Br)c1C(=O)NCc1cccc2ccccc12,CHEMBL402111,=,=,559.0,559.0,559.0,6.252588192113577
CC#CCn1c(N2CCCC(N)C2)nc(C#N)c1C(=O)NCc1cccc2ccccc12,CHEMBL402573,=,=,582.0,582.0,582.0,6.235077015350111
CC#CCn1c(C(=O)N(C)Cc2cccc3ccccc23)cnc1N1CCCC(N)C1,CHEMBL257589,=,=,3059.0,3059.0,3059.0,5.514420523015321
CC#CCn1c(C(=O)NCc2nc(C)cc3ccccc23)cnc1N1CCCC(N)C1,CHEMBL257795,=,=,99.0,99.0,99.0,7.00436480540245
CC#CCn1c(C(=O)NCc2cccc3ccccc23)cnc1N1CCCC(N)C1,CHEMBL401972,=,=,107.0,107.0,107.0,6.97061622231479
CC#CCn1c(N2CCCC(N)C2)nc2c(OC)nn(Cc3nc(C)cc4ccccc34)c(=O)c21,CHEMBL255862,=,=,19.0,19.0,19.0,7.721246399047171
CC#CCn1c(N2CCCC(N)C2)nc2c(OC)nn(Cc3cccc4ccccc34)c(=O)c21,CHEMBL255864,=,=,52.0,52.0,52.0,7.2839966563652006
CC#CCn1c(N2CCCC(N)C2)nc2ccn(Cc3nc(C)cc4ccccc34)c(=O)c21,CHEMBL255492,=,=,21.0,21.0,21.0,7.6777807052660805
CC#CCn1c(N2CCCC(N)C2)nc2ccn(Cc3cccc4ccccc34)c(=O)c21,CHEMBL255491,=,=,89.0,89.0,89.0,7.050609993355087
CC#CCn1c(N2CCCC(N)C2)nc2c(C)nn(Cc3nc(C)cc4ccccc34)c(=O)c21,CHEMBL255709,=,=,7.0,7.0,7.0,8.154901959985743
CC#CCn1c(N2CCCC(N)C2)nc2cnn(Cc3nc(C)cc4ccccc34)c(=O)c21,CHEMBL256521,=,=,5.0,5.0,5.0,8.301029995663981
CC#CCn1c(N2CCCC(N)C2)nc2cnn(Cc3cccc4ccccc34)c(=O)c21,CHEMBL401709,=,=,13.0,13.0,13.0,7.886056647693163
CC#CCn1c(N2CCCC(N)C2)nc2c1c(=O)n(Cc1nc(C)cc3ccccc13)c(=O)n2C,CHEMBL402819,=,=,2.0,2.0,2.0,8.698970004336019
CC#CCn1c(N2CCCC(N)C2)nc2c1c(=O)n(Cc1cccc3ccccc13)c(=O)n2C,CHEMBL404326,=,=,15.0,15.0,15.0,7.823908740944319
CC#CCn1c(N2CCC[C@@H](N)C2)nc2c1c(=O)n(Cc1nc(C)c3ccccc3n1)c(=O)n2C,CHEMBL237500,=,=,1.0,1.0,1.0,9.0
N#Cc1ccc(NCCNCC(=O)N2CCC[C@H]2C#N)nc1,CHEMBL77538,=,=,7.0,7.0,7.0,8.154901959985743
N#C[C@@H]1C[C@H](F)CN1C(=O)CNC1C2CC3CC1CC(O)(C3)C2,CHEMBL469660,=,=,5.3,5.3,5.3,8.275724130399212
COC12CC3CC(CC(NCC(=O)N4C[C@@H](F)C[C@H]4C#N)(C3)C1)C2,CHEMBL454193,=,=,8.3,8.3,8.3,8.080921907623926
N#C[C@@H]1C[C@H](F)CN1C(=O)CNC12CC3CC(CC(O)(C3)C1)C2,CHEMBL469659,=,=,3.1,3.1,3.1,8.508638306165727
N#C[C@@H]1C[C@H](F)CN1C(=O)CNC1C2CC3CC(C2)CC1C3,CHEMBL451937,=,=,3.1,3.1,3.1,8.508638306165727
N#C[C@@H]1C[C@H](F)CN1C(=O)CNC12CC3CC(CC(C3)C1)C2,CHEMBL511785,=,=,4.1,4.1,4.1,8.387216143280265
N#C[C@@H]1C[C@H](F)CN1C(=O)CNC1CCCCCCC1,CHEMBL470681,=,=,3.3,3.3,3.3,8.481486060122112
N#C[C@@H]1C[C@H](F)CN1C(=O)CNC1(CO)CCCC1,CHEMBL513725,=,=,3.3,3.3,3.3,8.481486060122112
N#C[C@@H]1C[C@H](F)CN1C(=O)CNC1CCCC1,CHEMBL470477,=,=,2.6,2.6,2.6,8.585026652029182
N#C[C@@H]1C[C@H](F)CN1C(=O)CNC1CCC1,CHEMBL470476,=,=,3.1,3.1,3.1,8.508638306165727
N#C[C@@H]1C[C@H](F)CN1C(=O)CNC1CC1,CHEMBL470330,=,=,33.0,33.0,33.0,7.481486060122112
CC(C)(CO)NCC(=O)N1C[C@@H](F)C[C@H]1C#N,CHEMBL472096,=,=,4.6,4.6,4.6,8.337242168318426
COCC(C)(C)NCC(=O)N1C[C@@H](F)C[C@H]1C#N.Cl,CHEMBL1203962,=,=,13.0,13.0,13.0,7.886056647693163
CC(C)OCCCNCC(=O)N1C[C@@H](F)C[C@H]1C#N,CHEMBL469452,=,=,8.7,8.7,8.7,8.060480747381382
CC(C)NCC(=O)N1C[C@@H](F)C[C@H]1C#N,CHEMBL472102,=,=,7.8,7.8,7.8,8.10790539730952
CC(C)(C)NCC(=O)N1C[C@@H](F)C[C@H]1C#N,CHEMBL512726,=,=,2.9,2.9,2.9,8.537602002101044
COc1ccc(CCNCC(=O)N2C[C@@H](F)C[C@H]2C#N)cc1OC,CHEMBL472101,=,=,27.0,27.0,27.0,7.568636235841012
CC(C)(/C=C/c1ccccc1)NCC(=O)N1C[C@@H](F)C[C@H]1C#N,CHEMBL508845,=,=,16.0,16.0,16.0,7.795880017344075
CC(C)(NCC(=O)N1C[C@@H](F)C[C@H]1C#N)c1cc2ccccc2o1,CHEMBL472100,=,=,88.0,88.0,88.0,7.055517327849831
CC(C)(NCC(=O)N1C[C@@H](F)C[C@H]1C#N)c1cccs1,CHEMBL512890,=,=,12.0,12.0,12.0,7.920818753952375
CC(C)(NCC(=O)N1C[C@@H](F)C[C@H]1C#N)c1ccco1,CHEMBL471089,=,=,8.6,8.6,8.6,8.065501548756432
CC(C)(NCC(=O)N1C[C@@H](F)C[C@H]1C#N)c1ccccn1,CHEMBL512694,=,=,22.0,22.0,22.0,7.657577319177793
CC(C)(CN(Cc1ccc(C#N)cc1)C(=O)c1ccccc1)NCC(=O)N1C[C@@H](F)C[C@H]1C#N,CHEMBL471088,=,=,6.2,6.2,6.2,8.207608310501746
CC(C)CN(CC(C)(C)NCC(=O)N1C[C@@H](F)C[C@H]1C#N)C(=O)c1ccccc1,CHEMBL470893,=,=,7.3,7.3,7.3,8.136677139879545
CCN(CC)CC(C)(C)NCC(=O)N1C[C@@H](F)C[C@H]1C#N,CHEMBL511128,=,=,252.0,252.0,252.0,6.598599459218455
CC(C)(CNCc1ccc(C#N)cc1)NCC(=O)N1C[C@@H](F)C[C@H]1C#N,CHEMBL485828,=,=,39.0,39.0,39.0,7.4089353929735005
CN(CC(C)(C)NCC(=O)N1C[C@@H](F)C[C@H]1C#N)S(=O)(=O)c1ccccc1,CHEMBL520854,=,=,31.0,31.0,31.0,7.508638306165727
CC(C)(CNS(=O)(=O)c1ccccc1)NCC(=O)N1C[C@@H](F)C[C@H]1C#N,CHEMBL485827,=,=,75.0,75.0,75.0,7.1249387366083
CC(C)(CNC(=O)C(c1ccc(Cl)cc1)c1ccc(Cl)cc1)NCC(=O)N1C[C@@H](F)C[C@H]1C#N,CHEMBL488810,=,=,109.0,109.0,109.0,6.962573502059376
CC(C)(CNC(=O)C1(C)CCCCC1)NCC(=O)N1C[C@@H](F)C[C@H]1C#N,CHEMBL487862,=,=,13.0,13.0,13.0,7.886056647693163
CC(C)(CNC(=O)C(C)(C)C)NCC(=O)N1C[C@@H](F)C[C@H]1C#N,CHEMBL487861,=,=,5.8,5.8,5.8,8.236572006437063
CC(C)(CNC(=O)c1ccc2[nH]nnc2c1)NCC(=O)N1C[C@@H](F)C[C@H]1C#N,CHEMBL487860,=,=,1.5,1.5,1.5,8.823908740944319
CC(C)(CNC(=O)c1ccc2[nH]cnc2c1)NCC(=O)N1C[C@@H](F)C[C@H]1C#N,CHEMBL519585,=,=,5.7,5.7,5.7,8.244125144327509
CC(C)(CNC(=O)c1ccc2c(c1)CCO2)NCC(=O)N1C[C@@H](F)C[C@H]1C#N,CHEMBL488036,=,=,2.9,2.9,2.9,8.537602002101044
CC(C)(CNC(=O)c1cccs1)NCC(=O)N1C[C@@H](F)C[C@H]1C#N,CHEMBL488419,=,=,5.4,5.4,5.4,8.267606240177031
CC(C)(CNC(=O)c1ccccc1)NCC(=O)N1C[C@@H](F)C[C@H]1C#N,CHEMBL488418,=,=,4.5,4.5,4.5,8.346787486224656
CC(C)(CNC(=O)c1ccccn1)NCC(=O)N1C[C@@H](F)C[C@H]1C#N,CHEMBL487681,=,=,8.2,8.2,8.2,8.086186147616283
N#C[C@@H]1C[C@H](F)CN1C(=O)CNCCNc1ccc(C(N)=O)cn1,CHEMBL521224,=,=,2.4,2.4,2.4,8.619788758288394
N#C[C@@H]1C[C@H](F)CN1C(=O)CNCCNc1ccc(Cl)cn1,CHEMBL500008,=,=,2.7,2.7,2.7,8.568636235841012
N#C[C@@H]1C[C@H](F)CN1C(=O)CNCCNc1ccccn1,CHEMBL487680,=,=,2.8,2.8,2.8,8.55284196865778
N#Cc1ccc(NCCNCC(=O)N2C[C@@H](F)C[C@H]2C#N)nc1.O=C(O)/C=C\C(=O)O,CHEMBL1744354,=,=,1.1,1.1,1.1,8.958607314841775
Cl.N[C@@H](CC(=O)N1N=CCC1C(=O)Nc1ccc(OCC(=O)O)cc1)Cc1cc(F)c(F)cc1F,CHEMBL488022,=,=,510.0,0.51,510.0,6.292429823902063
Cl.N[C@@H](CC(=O)N1N=CCC1C(=O)Nc1cccc(OCC(=O)O)c1)Cc1cc(F)c(F)cc1F,CHEMBL488027,=,=,4300.0,4.3,4300.0,5.366531544420413
Cl.N[C@@H](CC(=O)N1N=CCC1C(=O)Nc1ccccc1OCC(=O)O)Cc1cc(F)c(F)cc1F,CHEMBL488713,=,=,8500.0,8.5,8500.0,5.070581074285707
CC(C)[C@H](Oc1ccc(NC(=O)C2CC=NN2C(=O)C[C@H](N)Cc2cc(F)c(F)cc2F)cc1)C(=O)O.Cl,CHEMBL488714,=,=,2700.0,2.7,2700.0,5.568636235841012
CC(C)[C@@H](Oc1ccc(NC(=O)C2CC=NN2C(=O)C[C@H](N)Cc2cc(F)c(F)cc2F)cc1)C(=O)O.Cl,CHEMBL528328,=,=,2200.0,2.2,2200.0,5.657577319177793
Cl.N[C@@H](CC(=O)N1N=CCC1C(=O)O)Cc1cc(F)c(F)cc1F,CHEMBL452836,=,=,1400.0,1.4,1400.0,5.853871964321762
Cl.N[C@@H](CC(=O)N1N=CCC1C(=O)NCc1cccc(OCC(=O)O)c1)Cc1cc(F)c(F)cc1F,CHEMBL488909,=,=,2800.0,2.8,2800.0,5.552841968657781
Cl.N[C@@H](CC(=O)N1N=CCC1C(=O)NCc1ccc(OCC(=O)O)cc1)Cc1cc(F)c(F)cc1F,CHEMBL488908,=,=,2500.0,2.5,2500.0,5.6020599913279625
Cl.N[C@@H](CC(=O)N1N=CCC1C(=O)Nc1ccc(C(=O)O)cc1)Cc1cc(F)c(F)cc1F,CHEMBL488056,=,=,5900.0,5.9,5900.0,5.229147988357855
Cl.N[C@@H](CC(=O)N1N=CCC1C(=O)NCc1ccc(C(=O)O)cc1)Cc1cc(F)c(F)cc1F,CHEMBL470118,=,=,1400.0,1.4,1400.0,5.853871964321762
N[C@@H](CC(=O)N1CCn2c(nnc2C(F)(F)F)C1)Cc1cc(F)c(F)cc1F,CHEMBL1422,=,=,110.0,0.11,110.0,6.958607314841775
CCOC(=O)[C@H](Oc1ccc(NC(=O)C2CC=NN2C(=O)C[C@H](N)Cc2cc(F)c(F)cc2F)cc1)C(C)C.Cl,CHEMBL479536,=,=,3600.0,3.6,3600.0,5.443697499232712
CCOC(=O)[C@@H](Oc1ccc(NC(=O)C2CC=NN2C(=O)C[C@H](N)Cc2cc(F)c(F)cc2F)cc1)C(C)C.Cl,CHEMBL516747,=,=,2600.0,2.6,2600.0,5.585026652029182
CCOC(=O)COc1ccccc1NC(=O)C1CC=NN1C(=O)C[C@H](N)Cc1cc(F)c(F)cc1F.Cl,CHEMBL512013,=,=,4800.0,4.8,4800.0,5.318758762624412
CCOC(=O)COc1cccc(NC(=O)C2CC=NN2C(=O)C[C@H](N)Cc2cc(F)c(F)cc2F)c1.Cl,CHEMBL472200,=,=,1900.0,1.9,1900.0,5.721246399047171
CCOC(=O)COc1ccc(NC(=O)C2CC=NN2C(=O)C[C@H](N)Cc2cc(F)c(F)cc2F)cc1.Cl,CHEMBL472199,=,=,690.0,0.69,690.0,6.161150909262744
Cl.N[C@@H](CC(=O)N1N=CCC1C(=O)Nc1ccc(S(=O)(=O)O)cc1)Cc1cc(F)c(F)cc1F,CHEMBL472381,=,=,8900.0,8.9,8900.0,5.050609993355087
Cl.N[C@@H](CC(=O)N1N=CCC1C(=O)Nc1ccc(S(N)(=O)=O)cc1)Cc1cc(F)c(F)cc1F,CHEMBL471515,=,=,9100.0,9.1,9100.0,5.040958607678906
Cl.N[C@@H](CC(=O)N1N=CCC1C(=O)Nc1ccc(N2CCOCC2)cc1)Cc1cc(F)c(F)cc1F,CHEMBL471343,=,=,1600.0,1.6,1600.0,5.795880017344075
CCOC(=O)COc1cccc(CNC(=O)C2CC=NN2C(=O)C[C@H](N)Cc2cc(F)c(F)cc2F)c1.Cl,CHEMBL518296,=,=,2000.0,2.0,2000.0,5.698970004336019
CCOC(=O)COc1ccc(CNC(=O)C2CC=NN2C(=O)C[C@H](N)Cc2cc(F)c(F)cc2F)cc1.Cl,CHEMBL456885,=,=,2100.0,2.1,2100.0,5.6777807052660805
Cl.N[C@@H](CC(=O)N1N=CCC1C(=O)NCc1ccc(S(N)(=O)=O)cc1)Cc1cc(F)c(F)cc1F,CHEMBL459881,=,=,3100.0,3.1,3100.0,5.508638306165727
Cl.Nc1ccc(CNC(=O)C2CC=NN2C(=O)C[C@H](N)Cc2cc(F)c(F)cc2F)cc1,CHEMBL518629,=,=,1300.0,1.3,1300.0,5.886056647693163
Cl.N[C@@H](CC(=O)N1N=CCC1C(=O)NCc1nc2ccccc2[nH]1)Cc1cc(F)c(F)cc1F,CHEMBL462564,=,=,3700.0,3.7,3700.0,5.431798275933005
Cl.N[C@@H](CC(=O)N1N=CCC1C(=O)NCc1ccccn1)Cc1cc(F)c(F)cc1F,CHEMBL461112,=,=,7400.0,7.4,7400.0,5.130768280269024
CCOC(=O)c1ccc(NC(=O)C2CC=NN2C(=O)C[C@H](N)Cc2cc(F)c(F)cc2F)cc1.Cl,CHEMBL460951,=,=,770.0,0.77,770.0,6.113509274827518
Cl.N[C@@H](CC(=O)N1N=CCC1C(=O)Nc1ccccc1)Cc1cc(F)c(F)cc1F,CHEMBL459883,=,=,1600.0,1.6,1600.0,5.795880017344075
COC(=O)c1ccc(CNC(=O)C2CC=NN2C(=O)C[C@H](N)Cc2cc(F)c(F)cc2F)cc1.Cl,CHEMBL459882,=,=,3000.0,3.0,3000.0,5.522878745280337
Cl.N[C@@H](CC(=O)N1N=CCC1C(=O)NCc1ccccc1)Cc1cc(F)c(F)cc1F,CHEMBL461129,=,=,1600.0,1.6,1600.0,5.795880017344075
Cl.NC(=O)C1CC=NN1C(=O)C[C@H](N)Cc1cc(F)c(F)cc1F,CHEMBL511872,=,=,5600.0,5.6,5600.0,5.251811972993799
COC(=O)Cc1ccc(OC(=O)C2CC=NN2C(=O)C[C@H](N)Cc2cc(F)c(F)cc2F)cc1.Cl,CHEMBL460950,=,=,1900.0,1.9,1900.0,5.721246399047171
CCOC(=O)c1ccc(OC(=O)C2CC=NN2C(=O)C[C@H](N)Cc2cc(F)c(F)cc2F)cc1.Cl,CHEMBL460949,=,=,1600.0,1.6,1600.0,5.795880017344075
Cl.N[C@@H](CC(=O)N1N=CCC1C(=O)Oc1ccccc1)Cc1cc(F)c(F)cc1F,CHEMBL452327,=,=,2200.0,2.2,2200.0,5.657577319177793
COC(=O)c1ccc(COC(=O)C2CC=NN2C(=O)C[C@H](N)Cc2cc(F)c(F)cc2F)cc1.Cl,CHEMBL452326,=,=,2700.0,2.7,2700.0,5.568636235841012
Cl.N[C@@H](CC(=O)N1N=CCC1C(=O)OCc1ccccc1)Cc1cc(F)c(F)cc1F,CHEMBL510797,=,=,710.0,0.71,710.0,6.1487416512809245
CCCC[C@H]1CN2CCc3cc(OC)c(OC)cc3[C@@H]2C[C@@H]1N,CHEMBL234412,=,=,710.0,710.0,710.0,6.1487416512809245
NCc1c(N)nc2ccccc2c1-c1ccc(Cl)cc1Cl,CHEMBL525183,=,=,370.0,370.0,370.0,6.431798275933005
CCOC(=O)c1cnc(CN)c2c(OC)cc(OC)cc12,CHEMBL186406,=,=,320.0,320.0,320.0,6.494850021680094
CC(C)Cn1c(CN)c(-c2ccccc2)c2ccccc2c1=O,CHEMBL498167,=,=,250.0,250.0,250.0,6.6020599913279625
N[C@H](C(=O)N1CCC(F)C1)C1CCCCC1,CHEMBL443250,=,=,170.0,170.0,170.0,6.769551078621726
N[C@H](C(=O)N1CC(F)(F)C(F)(F)C1)C1CCCCC1,CHEMBL380860,=,=,110.0,110.0,110.0,6.958607314841775
N[C@H](C(=O)N1CCC(F)(F)C1)C1CCCCC1,CHEMBL280658,=,=,73.0,73.0,73.0,7.136677139879544
Cc1cc2ccccc2n1C[C@H](C)NCC(=O)N1CCC[C@H]1C#N,CHEMBL451319,=,=,69.0,69.0,69.0,7.161150909262744
Cc1nc2c(s1)CC([C@H](N)C(=O)N1CC[C@H](F)C1)CC2,CHEMBL496131,=,=,43.0,43.0,43.0,7.366531544420414
N[C@H]1CCCCN(P(N)(=O)NS(=O)(=O)O)C1=O,CHEMBL495932,=,=,25.0,25.0,25.0,7.6020599913279625
N#Cc1ccc(NCCNCC(=O)N2CCC[C@H]2C#N)nc1,CHEMBL77538,=,=,22.0,22.0,22.0,7.657577319177793
N[C@H]1CCCN([P@@](N)(=O)NS(=O)(=O)O)C1=O,CHEMBL504823,=,=,21.0,21.0,21.0,7.6777807052660805
N[C@@H](CC(=O)N1CCn2c(nnc2C(F)(F)F)C1)Cc1cc(F)c(F)cc1F,CHEMBL1422,=,=,18.0,18.0,18.0,7.7447274948966935
N#CC1CCCN1C(=O)C(N)C1CCCCC1,CHEMBL507254,=,=,12.0,12.0,12.0,7.920818753952375
N[C@H]1CCN(P(N)(N)=O)C1=O,CHEMBL497993,=,=,11.0,11.0,11.0,7.958607314841775
COCCN(C)c1nc(N)c(CN)c(-c2ccc(Cl)cc2Cl)n1,CHEMBL324777,=,=,9.0,9.0,9.0,8.045757490560675
N[C@H](C(=O)N1CCCC1)[C@H]1CC[C@H](NS(=O)(=O)c2ccc(NS(=O)(=O)CC(F)(F)F)cc2)CC1,CHEMBL497992,=,=,2.6,2.6,2.6,8.585026652029182
N#C[C@@H]1CCCN1C(=O)CN1CCc2ccccc2C1,CHEMBL509777,=,=,390000.0,390000.0,390000.0,3.4089353929735005
N[C@H](C(=O)N1CCc2ccccc2C1)C1CCCCC1,CHEMBL361235,=,=,230000.0,230000.0,230000.0,3.638272163982407
N#C[C@@H]1CCCN1C(=O)N[C@@H](CN)C1CCCCC1,CHEMBL523066,=,=,180000.0,180000.0,180000.0,3.7447274948966935
N[C@@H](COc1cc(F)cc(F)c1)Cc1cc2ccccc2[nH]1,CHEMBL496953,=,=,50000.0,50000.0,50000.0,4.301029995663981
N#C[C@@H]1Cc2ccccc2CN1C(=O)[C@@H](N)Cc1cc2ccccc2[nH]1,CHEMBL497782,=,=,13000.0,13000.0,13000.0,4.886056647693163
N#C[C@@H]1CCCN1C(=O)N[C@H](CN)C1CCCCC1,CHEMBL522911,=,=,12000.0,12000.0,12000.0,4.920818753952375
N#C[C@@H]1CCCN1C(=O)CNCC(=O)N1CCc2ccccc2C1,CHEMBL371907,=,=,3300.0,3300.0,3300.0,5.481486060122112
N#C[C@@H]1CCCN1C(=O)/C(N)=C/C(=O)N1Cc2ccccc2C1,CHEMBL527015,=,=,45.0,45.0,45.0,7.346787486224656
C=CCN(CC=C)C(=O)n1cnc(S(=O)(=O)C2CC3CCC2C3)n1,CHEMBL522909,=,=,21.0,21.0,21.0,7.6777807052660805
CC1(NC(=O)C[C@H](N)Cc2ccccc2F)CCN(Cc2ccccc2)CC1,CHEMBL513764,=,=,7800.0,7800.0,7800.0,5.107905397309519
N[C@@H](CC(=O)NC1(c2ccccc2)CCN(Cc2ccccc2)CC1)Cc1ccccc1F,CHEMBL471633,=,=,1000.0,1000.0,1000.0,6.0
N[C@@H](CC(=O)NC1(Cc2ccccc2)CCN(Cc2ccccc2)CC1)Cc1ccccc1F,CHEMBL471841,=,=,2200.0,2200.0,2200.0,5.657577319177793
CN1CCC(NC(=O)C[C@H](N)Cc2ccccc2F)(c2ccccc2)CC1,CHEMBL471842,=,=,870.0,870.0,870.0,6.060480747381382
N[C@@H](CC(=O)NC1(c2ccccc2)CCOCC1)Cc1ccccc1F,CHEMBL470170,=,=,2500.0,2500.0,2500.0,5.6020599913279625
N[C@@H](CC(=O)NC1(c2ccccc2)CCSCC1)Cc1ccccc1F,CHEMBL470171,=,=,3300.0,3300.0,3300.0,5.481486060122112
N[C@@H](CC(=O)NC1(c2ccccc2)CCS(=O)(=O)CC1)Cc1ccccc1F,CHEMBL512145,=,=,570.0,570.0,570.0,6.2441251443275085
N[C@@H](CC(=O)NC1(c2ccccn2)CCS(=O)(=O)CC1)Cc1ccccc1F,CHEMBL469325,=,=,470.0,470.0,470.0,6.327902142064282
N[C@@H](CC(=O)NC1(c2nccs2)CCS(=O)(=O)CC1)Cc1ccccc1F,CHEMBL469538,=,=,190.0,190.0,190.0,6.721246399047171
N[C@@H](CC(=O)NC1(c2nc3ccccc3s2)CCS(=O)(=O)CC1)Cc1ccccc1F,CHEMBL512718,=,=,64.0,64.0,64.0,7.1938200260161125
N[C@@H](CC(=O)NC1(c2nc3ccccc3s2)CCS(=O)(=O)CC1)Cc1cc(F)c(F)cc1F,CHEMBL472027,=,=,13.0,13.0,13.0,7.886056647693163
COc1ccc2nc(C3(NC(=O)C[C@H](N)Cc4ccccc4F)CCS(=O)(=O)CC3)sc2c1,CHEMBL512709,=,=,12.0,12.0,12.0,7.920818753952375
COc1ccc2nc(C3(NC(=O)C[C@H](N)Cc4cc(F)c(F)cc4F)CCS(=O)(=O)CC3)sc2c1,CHEMBL470356,=,=,2.7,2.7,2.7,8.568636235841012
COc1ccc2sc(C3(NC(=O)C[C@H](N)Cc4cc(F)c(F)cc4F)CCS(=O)(=O)CC3)nc2c1,CHEMBL470357,=,=,3.3,3.3,3.3,8.481486060122112
COc1cccc2sc(C3(NC(=O)C[C@H](N)Cc4ccccc4F)CCS(=O)(=O)CC3)nc12,CHEMBL513543,=,=,270.0,270.0,270.0,6.568636235841012
N[C@@H](CC(=O)NC1(c2nc3ccc(Cl)cc3s2)CCS(=O)(=O)CC1)Cc1ccccc1F,CHEMBL469730,=,=,35.0,35.0,35.0,7.455931955649724
N[C@@H](CC(=O)NC1(c2nc3c(Cl)cccc3s2)CCS(=O)(=O)CC1)Cc1ccccc1F,CHEMBL469521,=,=,130.0,130.0,130.0,6.886056647693163
Cc1ccc2nc(C3(NC(=O)C[C@H](N)Cc4ccccc4F)CCS(=O)(=O)CC3)sc2c1,CHEMBL469522,=,=,70.0,70.0,70.0,7.154901959985743
Cc1cccc2sc(C3(NC(=O)C[C@H](N)Cc4ccccc4F)CCS(=O)(=O)CC3)nc12,CHEMBL469740,=,=,350.0,350.0,350.0,6.455931955649724
COCCOc1ccc2nc(C3(NC(=O)C[C@H](N)Cc4cc(F)c(F)cc4F)CCS(=O)(=O)CC3)sc2c1,CHEMBL471834,=,=,1.0,1.0,1.0,9.0
COCCOc1ccc2nc(C3(NC(=O)C[C@H](N)Cc4cc(F)c(F)cc4F)CCOCC3)sc2c1,CHEMBL470164,=,=,3.6,3.6,3.6,8.443697499232712
COCCOc1ccc2nc(C3(NC(=O)C[C@H](N)Cc4cc(Cl)ccc4F)CCS(=O)(=O)CC3)sc2c1,CHEMBL512651,=,=,0.64,0.64,0.64,9.193820026016112
COCCOc1ccc2nc(C3(NC(=O)C[C@H](N)Cc4cc(Cl)ccc4F)CCOCC3)sc2c1,CHEMBL469317,=,=,1.9,1.9,1.9,8.721246399047171
N[C@@H](CC(=O)NC1(c2nc3ccc(OCCN4CCOCC4)cc3s2)CCS(=O)(=O)CC1)Cc1cc(F)c(F)cc1F,CHEMBL504021,=,=,0.79,0.79,0.79,9.102372908709558
N[C@@H](CC(=O)N1CCn2c(nnc2C(F)(F)F)C1)Cc1cc(F)c(F)cc1F,CHEMBL1422,=,=,30.0,0.03,30.0,7.522878745280337
N#C[C@@H]1CCCN1C(=O)CNC12CC3CC(CC(O)(C3)C1)C2,CHEMBL142703,=,=,56.0,0.056,56.0,7.251811972993799
N#C[C@@H]1CCCN1C(=O)[C@@H](N)CC(=O)N1Cc2ccccc2C1,CHEMBL522002,=,=,298.0,0.298,298.0,6.525783735923745
N#C[C@@H]1CCCN1C(=O)[C@@H](N)CCCC(=O)N1Cc2ccccc2C1,CHEMBL493544,=,=,10.0,0.01,10.0,8.0
N[C@@H](CCC(=O)N1Cc2ccccc2C1)C(=O)N1CCSC1,CHEMBL493760,=,=,1600.0,1.6,1600.0,5.795880017344075
C[C@H](CC(=O)N1CCn2c(nnc2C(F)(F)F)C1)[C@H](N)C(=O)N1CCC[C@H]1C#N.O=C(O)C(F)(F)F,CHEMBL475662,=,=,8.0,0.008,8.0,8.096910013008056
CC[C@H](CC(=O)N1CCn2c(nnc2C(F)(F)F)C1)[C@H](N)C(=O)N1CCC[C@H]1C#N.O=C(O)C(F)(F)F,CHEMBL474002,=,=,31.0,0.031,31.0,7.508638306165727
CC(C)(CC(=O)N1CCn2c(nnc2C(F)(F)F)C1)[C@H](N)C(=O)N1CCC[C@H]1C#N.O=C(O)C(F)(F)F,CHEMBL474003,=,=,12.0,0.012,12.0,7.920818753952375
CC(C)(CC(=O)N1CCn2nc(C(F)(F)F)nc2C1)[C@H](N)C(=O)N1CCC[C@H]1C#N.O=C(O)C(F)(F)F,CHEMBL475169,=,=,31.0,0.031,31.0,7.508638306165727
CC(C)(CC(=O)N1Cc2ccccc2C1)[C@H](N)C(=O)N1CCC[C@H]1C#N.O=C(O)C(F)(F)F,CHEMBL475863,=,=,12.0,0.012,12.0,7.920818753952375
CC(C)(CC(=O)N1CCc2ccccc2C1)[C@H](N)C(=O)N1CCC[C@H]1C#N.O=C(O)C(F)(F)F,CHEMBL474025,=,=,16.0,0.016,16.0,7.795880017344075
CC(C)(CC(=O)N1CCc2ccsc2C1)[C@H](N)C(=O)N1CCC[C@H]1C#N.O=C(O)C(F)(F)F,CHEMBL514006,=,=,25.0,0.025,25.0,7.6020599913279625
COC[C@@H]1CCCN1C(=O)CC(C)(C)[C@H](N)C(=O)N1CCC[C@H]1C#N.O=C(O)C(F)(F)F,CHEMBL475870,=,=,14.0,0.014,14.0,7.853871964321762
C[C@@H]1CCCN1C(=O)CC(C)(C)[C@H](N)C(=O)N1CCC[C@H]1C#N.O=C(O)C(F)(F)F,CHEMBL514317,=,=,13.0,0.013,13.0,7.886056647693163
N#C[C@@H]1CCCN1C(=O)[C@@H](N)CCC(=O)N1Cc2ccccc2C1,CHEMBL493543,=,=,2.0,0.002,2.0,8.698970004336019
N#C[C@H]1CCCN1C(=O)[C@@H](N)CCC(=O)N1Cc2ccccc2C1.O=C(O)C(F)(F)F,CHEMBL2364733,=,=,2.0,0.002,2.0,8.698970004336019
N#C[C@@H]1CCCN1C(=O)[C@@H](N)CCC(=O)N1CCc2ccccc2C1.O=C(O)C(F)(F)F,CHEMBL494146,=,=,5.0,0.005,5.0,8.301029995663981
COc1cc2c(cc1OC)C(C(C)C)N(C(=O)CC[C@H](N)C(=O)N1CCC[C@H]1C#N)CC2.O=C(O)C(F)(F)F,CHEMBL494147,=,=,35.0,0.035,35.0,7.455931955649724
N#C[C@@H]1CCCN1C(=O)[C@@H](N)CCC(=O)N1CCc2nc(-c3ccc(F)cc3)sc2C1.O=C(O)C(F)(F)F,CHEMBL494339,=,=,40.0,0.04,40.0,7.3979400086720375
N#C[C@@H]1CCCN1C(=O)[C@@H](N)CCC(=O)N1CCc2ccsc2C1.O=C(O)C(F)(F)F,CHEMBL494340,=,=,6.0,0.006,6.0,8.221848749616356
N#C[C@@H]1CCCN1C(=O)[C@@H](N)CCC(=O)N1CCn2cnnc2C1.O=C(O)C(F)(F)F,CHEMBL492536,=,=,7.0,0.007,7.0,8.154901959985743
N#C[C@@H]1CCCN1C(=O)[C@@H](N)CCC(=O)N1CCn2c(nnc2C(F)(F)F)C1.O=C(O)C(F)(F)F,CHEMBL492733,=,=,5.0,0.005,5.0,8.301029995663981
N#C[C@@H]1CCCN1C(=O)[C@@H](N)CCC(=O)N1CCn2nc(C(F)(F)F)nc2C1.O=C(O)C(F)(F)F,CHEMBL474047,=,=,9.0,0.009,9.0,8.045757490560675
N#C[C@@H]1CCCN1C(=O)[C@@H](N)CCC(=O)N1CCn2cc(C(F)(F)F)nc2C1.O=C(O)C(F)(F)F,CHEMBL474048,=,=,6.0,0.006,6.0,8.221848749616356
N#C[C@@H]1CCCN1C(=O)[C@@H](N)CCC(=O)N1CCCC1.O=C(O)C(F)(F)F,CHEMBL474049,=,=,7.0,0.007,7.0,8.154901959985743
N#C[C@@H]1CCCN1C(=O)[C@@H](N)CCC(=O)N1CCSC1.O=C(O)C(F)(F)F,CHEMBL474211,=,=,10.0,0.01,10.0,8.0
COC[C@H]1CCCN1C(=O)CC[C@H](N)C(=O)N1CCC[C@H]1C#N.O=C(O)C(F)(F)F,CHEMBL474394,=,=,22.0,0.022,22.0,7.657577319177793
COC[C@@H]1CCCN1C(=O)CC[C@H](N)C(=O)N1CCC[C@H]1C#N.O=C(O)C(F)(F)F,CHEMBL475465,=,=,7.0,0.007,7.0,8.154901959985743
N#C[C@@H]1CCCN1C(=O)[C@@H](N)CCC(=O)N1CCCCC1.O=C(O)C(F)(F)F,CHEMBL474800,=,=,15.0,0.015,15.0,7.823908740944319
N#C[C@@H]1CCCN1C(=O)[C@@H](N)CCC(=O)N1CCOCC1.O=C(O)C(F)(F)F,CHEMBL475634,=,=,17.0,0.017,17.0,7.769551078621726
CCOC(=O)N1CCN(C(=O)CC[C@H](N)C(=O)N2CCC[C@H]2C#N)CC1.O=C(O)C(F)(F)F,CHEMBL516080,=,=,31.0,0.031,31.0,7.508638306165727
N#C[C@@H]1CCCN1C(=O)[C@@H](N)CCC(=O)N1CCN(C(=O)C(F)(F)F)CC1.O=C(O)C(F)(F)F,CHEMBL474808,=,=,8.0,0.008,8.0,8.096910013008056
N#C[C@@H]1CCCN1C(=O)[C@@H](N)CCC(=O)N1CCN(c2ccncc2)CC1.O=C(O)C(F)(F)F,CHEMBL474982,=,=,19.0,0.019,19.0,7.721246399047171
N#C[C@@H]1CCCN1C(=O)[C@@H](N)CCC(=O)Nc1ccccc1.O=C(O)C(F)(F)F,CHEMBL515435,=,=,37.0,0.037,37.0,7.431798275933005
N#C[C@@H]1CCCN1C(=O)[C@@H](N)CCC(=O)NC1CCCC1.O=C(O)C(F)(F)F,CHEMBL474983,=,=,11.0,0.011,11.0,7.958607314841775
CC(C)[C@H](N)Cc1cc(F)c(F)cc1F,CHEMBL445544,=,=,1930.0,1.93,1930.0,5.714442690992226
N[C@H](Cc1cc(F)c(F)cc1F)C1CCCCC1,CHEMBL450211,=,=,3580.0,3.58,3580.0,5.446116973356125
CC(C)(C)[C@H](N)Cc1cc(F)c(F)cc1F,CHEMBL450091,=,=,25900.0,25.9,25900.0,4.586700235918748
COC(=O)c1ccc(C(N)Cc2cc(F)c(F)cc2F)cc1,CHEMBL501314,=,=,3250.0,3.25,3250.0,5.488116639021126
COC(=O)c1ccc([C@H](N)Cc2cc(F)c(F)cc2F)cc1,CHEMBL509672,=,=,1420.0,1.42,1420.0,5.847711655616944
N[C@H](Cc1cc(F)c(F)cc1F)c1ccncc1,CHEMBL496691,=,=,1970.0,1.97,1970.0,5.7055337738384075
N[C@H](Cc1cc(F)c(F)cc1F)C1CCNCC1,CHEMBL451619,=,=,272.0,0.272,272.0,6.565431095965801
CC(C)(C)OC(=O)N1CCC([C@H](N)Cc2cc(F)c(F)cc2F)CC1,CHEMBL496863,=,=,270.0,0.27,270.0,6.568636235841012
N[C@H](Cc1cc(F)c(F)cc1F)C1CCN(C(=O)c2ccc(F)cc2F)CC1,CHEMBL497735,=,=,35.0,35.0,35.0,7.455931955649724
N[C@H](Cc1cc(F)c(F)cc1F)C1CCN(C(=O)c2cc3ccccc3cn2)CC1,CHEMBL498749,=,=,26.0,26.0,26.0,7.585026652029182
Nc1nccnc1C(=O)N1CCC([C@H](N)Cc2cc(F)c(F)cc2F)CC1,CHEMBL525011,=,=,19.0,19.0,19.0,7.721246399047171
Cc1ncc(C)c(C(=O)N2CCC([C@H](N)Cc3cc(F)c(F)cc3F)CC2)n1,CHEMBL485123,=,=,18.0,18.0,18.0,7.7447274948966935
Cc1nccnc1C(=O)N1CCC([C@H](N)Cc2cc(F)c(F)cc2F)CC1,CHEMBL485124,=,=,22.0,22.0,22.0,7.657577319177793
N[C@H](Cc1cc(F)c(F)cc1F)C1CCN(C(=O)c2cnc3ncccn23)CC1,CHEMBL485125,=,=,27.0,27.0,27.0,7.568636235841012
Cc1cc2ncc(C(=O)N3CCC([C@H](N)Cc4cc(F)c(F)cc4F)CC3)c(C)n2n1,CHEMBL484528,=,=,4.0,4.0,4.0,8.397940008672037
CC[C@@H](C)[C@H](N)C(=O)N1Cc2ccccc2C1,CHEMBL397070,=,=,90000.0,90.0,90000.0,4.045757490560675
O=C([C@@H]1C[C@H](Nc2cccc3ccccc23)CN1)N1Cc2ccccc2C1,CHEMBL527647,=,=,4970.0,4.97,4970.0,5.3036436112666685
N[C@@H](CCCCNc1ccc2ccccc2c1)C(=O)N1Cc2ccccc2C1,CHEMBL487872,=,=,178000.0,178.0,178000.0,3.7495799976911064
N[C@@H](CCCCNC(=O)OCc1ccccc1)C(=O)N1Cc2ccccc2C1,CHEMBL488227,=,=,245000.0,245.0,245000.0,3.6108339156354674
NCCCC[C@H](N)C(=O)N1Cc2ccccc2C1,CHEMBL488226,=,=,161000.0,161.0,161000.0,3.79317412396815
CC[C@H](C)[C@H](N)C(=O)N1Cc2ccc(F)cc2C1,CHEMBL466590,=,=,80100.0,80.1,80100.0,4.096367483915762
CC[C@H](C)[C@H](N)C(=O)N1Cc2ccccc2C1,CHEMBL469890,=,=,115000.0,115.0,115000.0,3.939302159646388
CC(C)[C@H](N)C(=O)N1CCCC1,CHEMBL383705,=,=,5400.0,5.4,5400.0,5.267606240177031
N#C[C@@H]1C[C@H](N=[N+]=[N-])CN1C(=O)[C@@H](N)CCCCNc1ccc2ccccc2c1,CHEMBL472128,=,=,560.0,0.56,560.0,6.251811972993799
N#C[C@@H]1C[C@H](N=[N+]=[N-])CN1C(=O)[C@@H](N)CCCCN(c1cccc2ccccc12)c1cccc2ccccc12,CHEMBL518144,=,=,2500.0,2.5,2500.0,5.6020599913279625
CC[C@@H](C)[C@H](N)C(=O)N1C[C@H](N=[N+]=[N-])C[C@H]1C#N,CHEMBL511659,=,=,52000.0,52.0,52000.0,4.2839966563652006
N#C[C@@H]1C[C@H](N=[N+]=[N-])CN1C(=O)[C@@H](N)CCCCNC(=O)OCc1ccccc1,CHEMBL471747,=,=,530.0,0.53,530.0,6.275724130399211
N#C[C@@H]1C[C@H](N=[N+]=[N-])CN1C(=O)[C@@H](N)CCCCN,CHEMBL471731,=,=,2200.0,2.2,2200.0,5.657577319177793
CC[C@@H](C)[C@H](N)C(=O)N1C[C@@H](N=[N+]=[N-])C[C@H]1C#N,CHEMBL471547,=,=,290.0,0.29,290.0,6.537602002101044
CC[C@H](C)[C@H](N)C(=O)N1C[C@@H](N=[N+]=[N-])C[C@H]1C#N,CHEMBL471546,=,=,340.0,0.34,340.0,6.468521082957745
N[C@@H](CCCCNC(=O)OCc1ccccc1)C(=O)N1Cc2ccccc2C1,CHEMBL488227,=,=,245000.0,245.0,245000.0,3.6108339156354674
N#C[C@@H]1CCCN1C(=O)[C@@H](N)CCCCNC(=O)OCc1ccccc1,CHEMBL471544,=,=,35.0,0.035,35.0,7.455931955649724
N[C@@H](CCCCNC(=O)OCc1ccccc1)C(=O)N1CCSC1,CHEMBL461092,=,=,3700.0,3.7,3700.0,5.431798275933005
NCCCC[C@H](N)C(=O)N1Cc2ccccc2C1,CHEMBL488226,=,=,161000.0,161.0,161000.0,3.79317412396815
N#C[C@@H]1CCCCN1C(=O)[C@@H](N)CCCCN,CHEMBL461913,=,=,51000.0,51.0,51000.0,4.292429823902063
N#C[C@@H]1CCCN1C(=O)[C@@H](N)CCCCN,CHEMBL461912,=,=,320.0,0.32,320.0,6.494850021680094
NCCCC[C@H](N)C(=O)N1CCC(O)C1,CHEMBL461911,=,=,500000.0,500.0,500000.0,3.3010299956639813
NCCCC[C@H](N)C(=O)N1CCSC1,CHEMBL455298,=,=,23000.0,23.0,23000.0,4.638272163982407
NCCCC[C@H](N)C(=O)N1CCCCC1,CHEMBL461506,=,=,247000.0,247.0,247000.0,3.607303046740334
CC[C@H](C)[C@H](N)C(=O)N1Cc2ccccc2C1,CHEMBL469890,=,=,115000.0,115.0,115000.0,3.939302159646388
CC[C@H](C)[C@H](N)C(=O)N1CCC(Cl)C1,CHEMBL460887,=,=,94000.0,94.0,94000.0,4.026872146400302
CC[C@H](C)[C@H](N)C(=O)N1CCC(F)C1,CHEMBL460886,=,=,3500.0,3.5,3500.0,5.455931955649724
CC[C@H](C)[C@H](N)C(=O)N1CCC(N=[N+]=[N-])C1,CHEMBL460885,=,=,107000.0,107.0,107000.0,3.9706162223147903
CC[C@H](C)[C@H](N)C(=O)N1CCC(O)C1,CHEMBL503809,=,=,93000.0,93.0,93000.0,4.031517051446065
CC[C@H](C)[C@H](N)C(=O)N1CC=CCC1,CHEMBL452470,=,=,52000.0,52.0,52000.0,4.2839966563652006
CC[C@H](C)[C@H](N)C(=O)N1CC=CC1,CHEMBL461291,=,=,15000.0,15.0,15000.0,4.823908740944319
CC[C@H](C)[C@H](N)C(=O)N1CCCCCC1,CHEMBL446007,=,=,374000.0,374.0,374000.0,3.42712839779952
CC[C@H](C)[C@H](N)C(=O)N1CCCCC1,CHEMBL83418,=,=,67000.0,67.0,67000.0,4.173925197299174
CC[C@H](C)[C@H](N)C(=O)N1CCC1,CHEMBL461496,=,=,50400.0,50.4,50400.0,4.297569463554475
CCCC[C@H](N)C(=O)N1CCCC1,CHEMBL442952,=,=,15000.0,15.0,15000.0,4.823908740944319
N[C@@H](Cc1c[nH]cn1)C(=O)N1CCCC1,CHEMBL501521,=,=,23100.0,23.1,23100.0,4.636388020107856
N=C(NCCC[C@H](NC(=O)OCc1ccccc1)C(=O)N1CCCC1)NC(=O)OCc1ccccc1,CHEMBL461290,=,=,16800.0,16.8,16800.0,4.774690718274137
N=C(N)NCCC[C@H](N)C(=O)N1CCCC1,CHEMBL461289,=,=,12700.0,12.7,12700.0,4.896196279044043
N[C@@H](CCCNC(=O)OCc1ccccc1)C(=O)N1CCCC1,CHEMBL460065,=,=,9700.0,9.7,9700.0,5.013228265733755
NCCC[C@H](N)C(=O)N1CCCC1,CHEMBL459643,=,=,118000.0,118.0,118000.0,3.928117992693875
N[C@@H](CCCCNC(=O)OCc1ccccc1)C(=O)N1CCCC1,CHEMBL459642,=,=,15600.0,15.6,15600.0,4.806875401645539
NCCCC[C@H](N)C(=O)N1CCCC1,CHEMBL501126,=,=,39000.0,39.0,39000.0,4.4089353929735005
N[C@@H](Cc1ccc(O)cc1)C(=O)N1CCCC1,CHEMBL511346,=,=,43500.0,43.5,43500.0,4.361510743045363
N[C@@H](CO)C(=O)N1CCCC1,CHEMBL459641,=,=,190000.0,190.0,190000.0,3.721246399047171
N[C@@H](CS)C(=O)N1CCCC1,CHEMBL459159,=,=,37000.0,37.0,37000.0,4.431798275933005
C[C@@H](O)[C@H](N)C(=O)N1CCCC1,CHEMBL459438,=,=,98000.0,98.0,98000.0,4.008773924307505
NC(=O)C[C@H](N)C(=O)N1CCCC1,CHEMBL443373,=,=,188000.0,188.0,188000.0,3.7258421507363204
N[C@@H](CC(=O)O)C(=O)N1CCCC1,CHEMBL499101,=,=,122000.0,122.0,122000.0,3.9136401693252516
N[C@@H](Cc1ccccc1)C(=O)N1CCCC1,CHEMBL453918,=,=,21000.0,21.0,21000.0,4.6777807052660805
N[C@@H](Cc1c[nH]c2ccccc12)C(=O)N1CCCC1,CHEMBL452029,=,=,286000.0,286.0,286000.0,3.5436339668709573
N[C@@H](CC1CCCCC1)C(=O)N1CCCC1,CHEMBL98008,=,=,17000.0,17.0,17000.0,4.769551078621726
CC(C)C[C@H](N)C(=O)N1CCCC1,CHEMBL453574,=,=,24000.0,24.0,24000.0,4.619788758288394
CC[C@@H](C)[C@H](N)C(=O)N1CCCC1,CHEMBL453573,=,=,3900.0,3.9,3900.0,5.4089353929735005
CC[C@H](C)[C@H](N)C(=O)N1CCCC1,CHEMBL503274,=,=,4000.0,4.0,4000.0,5.3979400086720375
O=C([C@@H]1CCCN1)N1CCCC1,CHEMBL403882,=,=,15000.0,15.0,15000.0,4.823908740944319
C[C@H](N)C(=O)N1CCCC1,CHEMBL443622,=,=,41000.0,41.0,41000.0,4.3872161432802645
CC[C@@H](C)[C@H](N)C(=O)N1Cc2ccccc2C1,CHEMBL397070,=,=,90000.0,90.0,90000.0,4.045757490560675
N[C@@H](CCNCc1ccc(Cl)cc1)C(=O)N1CCCCC1,CHEMBL98869,=,=,165000.0,165.0,165000.0,3.7825160557860933
N[C@@H](CC(=O)N1CCn2c(nnc2C(F)(F)F)C1)Cc1cc(F)c(F)cc1F,CHEMBL1422,=,=,40.0,0.04,40.0,7.3979400086720375
CC(C)[C@H](N)C(=O)N1CSC[C@H]1B(O)O,CHEMBL510594,=,=,22.0,0.022,22.0,7.657577319177793
CC[C@H](C)[C@H](N)C(=O)N1CCSC1,CHEMBL98408,=,=,1700.0,1.7,1700.0,5.769551078621726
N#C[C@@H]1CCCN1C(=O)CNC12CC3CC(CC(O)(C3)C1)C2,CHEMBL142703,=,=,120.0,0.12,120.0,6.920818753952375
NCC1(c2ccccc2)CCCC1,CHEMBL382127,=,=,40000.0,40.0,40000.0,4.3979400086720375
NC(=O)[C@@H]1Cc2ccccc2CN1C(=O)C[C@H](N)Cc1ccccc1F,CHEMBL381806,=,=,23.0,0.023,23.0,7.638272163982407
N[C@@H](CC(=O)N1CCSC1)C(=O)N1CC[C@H](F)C1,CHEMBL512887,=,=,9800.0,9800.0,9800.0,5.008773924307505
C[C@@H](c1ccc(-c2cccc(C(N)=O)c2)cc1)[C@H](N)C(=O)N1CC[C@H](F)C1,CHEMBL452290,=,=,100.0,100.0,100.0,7.0
NC(=O)c1cccc(-c2ccc([C@H](N)Cc3cc(F)ccc3F)cc2)c1,CHEMBL452289,=,=,32.0,32.0,32.0,7.494850021680094
C[C@@H](c1ccc(-c2ccncc2Cl)cc1)[C@H](N)C(=O)N1CC[C@H](F)C1,CHEMBL512895,=,=,71.0,71.0,71.0,7.1487416512809245
N[C@H](Cc1cc(F)ccc1F)c1ccc(-c2ccncc2Cl)cc1,CHEMBL472123,=,=,107.0,107.0,107.0,6.97061622231479
C[C@@H](c1ccc(-c2ccncc2)cc1)[C@H](N)C(=O)N1CC[C@H](F)C1,CHEMBL442673,=,=,110.0,110.0,110.0,6.958607314841775
N[C@H](Cc1cc(F)ccc1F)c1ccc(-c2ccncc2)cc1,CHEMBL471936,=,=,253.0,253.0,253.0,6.596879478824182
C[C@@H](c1ccc(Br)cc1)[C@H](N)C(=O)N1CC[C@H](F)C1,CHEMBL472124,=,=,245.0,245.0,245.0,6.610833915635467
N[C@H](Cc1cc(F)ccc1F)c1ccc(Br)cc1,CHEMBL504506,=,=,1300.0,1300.0,1300.0,5.886056647693163
N[C@@H](CC(=O)N1CCn2c(nnc2C(F)(F)F)C1)Cc1ccccc1F,CHEMBL388475,=,=,98.0,98.0,98.0,7.008773924307505
N[C@@H](CC(=O)N1CCn2c(nnc2C(F)(F)F)C1)CN1CCCCC1=O,CHEMBL488678,=,=,120.0,120.0,120.0,6.920818753952375
N[C@@H](CC(=O)N1CCCNC(=O)[C@H]1CC(F)(F)F)Cc1ccccc1F,CHEMBL452297,=,=,85.0,85.0,85.0,7.070581074285707
N[C@@H](CC(=O)N1CCCNC(=O)[C@H]1CC(F)(F)F)CN1CCCCC1=O,CHEMBL510073,=,=,120.0,120.0,120.0,6.920818753952375
C[C@@H]1C(=O)NCCCN1C(=O)C[C@H](N)Cc1ccccc1F,CHEMBL452805,=,=,40.0,40.0,40.0,7.3979400086720375
C[C@@H]1C(=O)NCCCN1C(=O)C[C@H](N)CN1CCCCC1=O,CHEMBL507738,=,=,20.0,20.0,20.0,7.698970004336019
C[C@@H](c1nc(-c2ccc(S(C)(=O)=O)cc2Cl)no1)[C@H](N)Cc1cc(F)c(F)cc1F,CHEMBL527198,=,=,46.0,46.0,46.0,7.337242168318426
C[C@H](c1nc(-c2ccc(S(C)(=O)=O)cc2Cl)no1)[C@H](N)C(=O)N1CC[C@H](F)C1,CHEMBL488469,=,=,40.0,40.0,40.0,7.3979400086720375
C[C@@H](c1nc(-c2ccc(Cl)cc2Cl)no1)[C@H](N)Cc1cc(F)c(F)cc1F,CHEMBL519591,=,=,600.0,600.0,600.0,6.221848749616356
C[C@H](c1nc(-c2ccc(Cl)cc2Cl)no1)[C@H](N)C(=O)N1CC[C@H](F)C1,CHEMBL487630,=,=,615.0,615.0,615.0,6.211124884224583
C[C@@H](c1nc(-c2ccc(OC(F)(F)F)cc2)no1)[C@H](N)Cc1cc(F)ccc1F,CHEMBL520067,=,=,4400.0,4400.0,4400.0,5.356547323513812
C[C@H](c1nc(-c2ccc(OC(F)(F)F)cc2)no1)[C@H](N)C(=O)N1CCCC1,CHEMBL220249,=,=,1800.0,1800.0,1800.0,5.7447274948966935
Cc1noc(C(=O)C[C@H](N)Cc2cc(F)ccc2F)n1,CHEMBL507719,=,=,55.0,55.0,55.0,7.259637310505756
Cc1noc(C(=O)C[C@H](N)C(=O)N2CC[C@H](F)C2)n1,CHEMBL488637,=,=,8800.0,8800.0,8800.0,5.055517327849831
N[C@@H](CC(=O)N1CCC[C@H]1CO)Cc1cc(F)ccc1F,CHEMBL488484,=,=,200.0,200.0,200.0,6.698970004336019
N[C@@H](CC(=O)N1CCC[C@H]1CO)C(=O)N1CC[C@H](F)C1,CHEMBL527424,=,=,9200.0,9200.0,9200.0,5.036212172654444
N[C@@H](CC(=O)N1CCSC1)Cc1cc(F)ccc1F,CHEMBL433572,=,=,270.0,270.0,270.0,6.568636235841012
N[C@@H](CC(=O)N1CCCCCN1C(=O)c1ccccc1)Cc1cc(F)c(F)cc1F,CHEMBL513425,=,=,70.0,70.0,70.0,7.154901959985743
Cl.N[C@@H](CC(=O)N1CCCNCC1)Cc1cc(F)c(F)cc1F,CHEMBL519139,=,=,1440.0,1440.0,1440.0,5.84163750790475
Cl.N[C@@H](CC(=O)N1CCCN(C(=O)c2ccccc2)CC1)Cc1cc(F)c(F)cc1F,CHEMBL482338,=,=,510.0,510.0,510.0,6.292429823902063
CC(=O)N1CCCN(C(=O)C[C@H](N)Cc2cc(F)c(F)cc2F)CC1.Cl,CHEMBL480549,=,=,3400.0,3400.0,3400.0,5.468521082957745
Cl.N[C@@H](CC(=O)N1CCCN(C(=O)c2ccc3c(c2)OCO3)CC1)Cc1cc(F)c(F)cc1F,CHEMBL480550,=,=,490.0,490.0,490.0,6.309803919971486
Cl.N[C@@H](CC(=O)N1CCCN(C(=O)c2cccnc2)CC1)Cc1cc(F)c(F)cc1F,CHEMBL481554,=,=,410.0,410.0,410.0,6.3872161432802645
Cl.N[C@@H](CC(=O)N1CCCN(C(=O)OCc2ccccc2)CC1)Cc1cc(F)c(F)cc1F,CHEMBL481714,=,=,490.0,490.0,490.0,6.309803919971486
Cl.N[C@@H](CC(=O)N1CCCN(C(=O)Nc2ccccc2)CC1)Cc1cc(F)c(F)cc1F,CHEMBL521267,=,=,1392.0,1392.0,1392.0,5.856360764725457
CN1CCN(C(=O)N2CCCN(C(=O)C[C@H](N)Cc3cc(F)c(F)cc3F)CC2)CC1.Cl,CHEMBL481725,=,=,1500.0,1500.0,1500.0,5.823908740944319
Cc1ccc(S(=O)(=O)N2CCCN(C(=O)C[C@H](N)Cc3cc(F)c(F)cc3F)CC2)cc1.Cl,CHEMBL481897,=,=,350.0,350.0,350.0,6.455931955649724
CS(=O)(=O)N1CCCN(C(=O)C[C@H](N)Cc2cc(F)c(F)cc2F)CC1.Cl,CHEMBL482070,=,=,3100.0,3100.0,3100.0,5.508638306165727
Cl.N[C@@H](CC(=O)N1CCCN(S(=O)(=O)c2ccc([N+](=O)[O-])cc2)CC1)Cc1cc(F)c(F)cc1F,CHEMBL482071,=,=,405.0,405.0,405.0,6.392544976785331
Cl.N[C@@H](CC(=O)N1CCCN(Cc2ccccc2)CC1)Cc1cc(F)c(F)cc1F,CHEMBL520089,=,=,387.0,387.0,387.0,6.412289034981089
CCN1CCCN(C(=O)C[C@H](N)Cc2cc(F)c(F)cc2F)CC1.Cl,CHEMBL481157,=,=,6400.0,6400.0,6400.0,5.1938200260161125
Cl.N[C@@H](CC(=O)N1CCCN(c2ncccn2)CC1)Cc1cc(F)c(F)cc1F,CHEMBL519773,=,=,597.0,597.0,597.0,6.224025668870631
Cl.N[C@@H](CC(=O)N1CCCN(c2cnccn2)CC1)Cc1cc(F)c(F)cc1F,CHEMBL481158,=,=,423.0,423.0,423.0,6.373659632624958
N[C@@H](CC(=O)N1CCn2c(nnc2C(F)(F)F)C1)Cc1cc(F)c(F)cc1F.O=P(O)(O)O,CHEMBL393336,=,=,87.0,87.0,87.0,7.060480747381382
Cl.N[C@@H](CC(=O)N1CCCN(C(=O)c2ccc(C(=O)O)cc2)CC1)Cc1cc(F)c(F)cc1F,CHEMBL482154,=,=,223.0,223.0,223.0,6.651695136951839
Cl.N[C@@H](CC(=O)N1CCCN(S(=O)(=O)c2ccc(C(=O)O)cc2)CC1)Cc1cc(F)c(F)cc1F,CHEMBL474630,=,=,239.0,239.0,239.0,6.621602099051863
Cl.N[C@@H](CC(=O)N1CCCN(C(=O)Nc2ccc(C(=O)O)cc2)CC1)Cc1cc(F)c(F)cc1F,CHEMBL474631,=,=,788.0,788.0,788.0,6.103473782510445
Cl.NC(=O)c1ccc(C(=O)N2CCCN(C(=O)C[C@H](N)Cc3cc(F)c(F)cc3F)CC2)cc1,CHEMBL474794,=,=,180.0,180.0,180.0,6.7447274948966935
Cl.N[C@@H](CC(=O)N1CCCN(C(=O)c2ccc(S(N)(=O)=O)cc2)CC1)Cc1cc(F)c(F)cc1F,CHEMBL474812,=,=,288.0,288.0,288.0,6.5406075122407685
Cl.N[C@@H](CC(=O)N1CCCN(C(=O)c2ccc(C(=O)O)nc2)CC1)Cc1cc(F)c(F)cc1F,CHEMBL474813,=,=,150.0,150.0,150.0,6.823908740944319
Cl.N[C@@H](CC(=O)N1CCCN(C(=O)c2cccc(C(=O)O)c2)CC1)Cc1cc(F)c(F)cc1F,CHEMBL475654,=,=,50.0,50.0,50.0,7.301029995663981
Cl.N[C@@H](CC(=O)N1CCCN(C(=O)c2cncc(C(=O)O)c2)CC1)Cc1cc(F)c(F)cc1F,CHEMBL475655,=,=,67.0,67.0,67.0,7.173925197299173
Cl.N[C@@H](CC(=O)N1CCCN(C(=O)c2ccc(C(=O)O)o2)CC1)Cc1cc(F)c(F)cc1F,CHEMBL473830,=,=,260.0,260.0,260.0,6.585026652029182
O=C([C@@H]1C[C@H](N2CCN(c3ncccn3)CC2)CN1)N1CCC(F)(F)C1,CHEMBL515387,=,=,12.9,12.9,12.9,7.889410289700751
O=C([C@@H]1C[C@H](N2CCN(c3noc4ccccc34)CC2)CN1)N1CCC(F)(F)C1,CHEMBL475246,=,=,8.7,8.7,8.7,8.060480747381382
O=C([C@@H]1C[C@H](N2CCN(c3nc4ccccc4o3)CC2)CN1)N1CCC(F)(F)C1,CHEMBL515597,=,=,8.2,8.2,8.2,8.086186147616283
O=C([C@@H]1C[C@H](N2CCN(c3nc4cnccc4o3)CC2)CN1)N1CCC(F)(F)C1,CHEMBL475574,=,=,5.8,5.8,5.8,8.236572006437063
O=C([C@@H]1C[C@H](N2CCN(c3nc4ccncc4o3)CC2)CN1)N1CCC(F)(F)C1,CHEMBL475573,=,=,7.4,7.4,7.4,8.130768280269024
O=C([C@@H]1C[C@H](N2CCN(c3cnccn3)CC2)CN1)N1CCC(F)(F)C1,CHEMBL474409,=,=,5.6,5.6,5.6,8.2518119729938
N#Cc1cccnc1N1CCN([C@@H]2CN[C@H](C(=O)N3CCC(F)(F)C3)C2)CC1,CHEMBL514011,=,=,4.8,4.8,4.8,8.318758762624412
O=C([C@@H]1C[C@H](N2CCN(c3ccc(C(F)(F)F)cn3)CC2)CN1)N1CCC(F)(F)C1,CHEMBL474410,=,=,5.2,5.2,5.2,8.2839966563652
O=C([C@@H]1C[C@H](N2CCN(c3nc4cccnc4o3)CC2)CN1)N1CCC(F)(F)C1,CHEMBL475586,=,=,5.2,5.2,5.2,8.2839966563652
O=C([C@@H]1C[C@H](N2CCN(c3ncccn3)CC2)CN1)N1CC[C@@H](F)C1,CHEMBL473419,=,=,51.0,51.0,51.0,7.292429823902063
O=C([C@@H]1C[C@H](N2CCN(c3ncccn3)CC2)CN1)N1CCCC1,CHEMBL473418,=,=,31.0,31.0,31.0,7.508638306165727
O=C([C@@H]1C[C@H](N2CCN(c3ncccn3)CC2)CN1)N1CC[C@H](F)C1,CHEMBL514623,=,=,31.0,31.0,31.0,7.508638306165727
O=C([C@@H]1C[C@H](N2CCN(c3ncccn3)CC2)CN1)N1C[C@@H](F)[C@@H](F)C1,CHEMBL474421,=,=,13.0,13.0,13.0,7.886056647693163
O=C([C@@H]1C[C@H](N2CCN(c3ncccn3)CC2)CN1)N1C[C@@H](F)[C@H](F)C1,CHEMBL472992,=,=,309.0,309.0,309.0,6.510041520575165
O=C([C@@H]1C[C@H](N2CCN(c3ncccn3)CC2)CN1)N1CC(F)(F)C(F)(F)C1,CHEMBL515869,=,=,25.0,25.0,25.0,7.6020599913279625
O=C([C@@H]1C[C@H](N2CCN(c3ncccn3)CC2)CN1)N1CCC1,CHEMBL472993,=,=,309.0,309.0,309.0,6.510041520575165
O=C([C@@H]1C[C@H](N2CCN(c3ncccn3)CC2)CN1)N1CC(F)C1,CHEMBL473188,=,=,41.0,41.0,41.0,7.3872161432802645
O=C([C@@H]1C[C@H](N2CCN(c3ncccn3)CC2)CN1)N1CC(F)(F)C1,CHEMBL514935,=,=,134.0,134.0,134.0,6.872895201635192
O=C([C@@H]1C[C@@H](N2CCN(c3ncccn3)CC2)CN1)N1CCC(F)(F)C1,CHEMBL472995,=,=,338.0,338.0,338.0,6.471083299722345
O=C([C@@H]1C[C@H](N2CCN(c3ncccn3)CC2)CN1)N1CCC(F)(F)C1,CHEMBL515387,=,=,11.3,11.3,11.3,7.94692155651658
N[C@@H](CC(=O)N1CCn2c(nnc2C(F)(F)F)C1)Cc1ccc(F)c(F)c1,CHEMBL242813,=,=,128.0,128.0,128.0,6.892790030352131
N[C@@H](CC(=O)N1CCn2c(nnc2C(F)(F)C(F)(F)F)C1)Cc1cc(F)c(F)cc1F,CHEMBL517072,=,=,71.0,71.0,71.0,7.1487416512809245
CCc1nnc2n1CCN(C(=O)C[C@H](N)Cc1cc(F)c(F)cc1F)C2,CHEMBL233685,=,=,37.0,37.0,37.0,7.431798275933005
N[C@@H](CC(=O)N1CCn2cnnc2C1)Cc1cc(F)c(F)cc1F,CHEMBL479370,=,=,68.0,68.0,68.0,7.167491087293763
N[C@@H](CC(=O)N1CCn2c(nnc2C(F)(F)F)C1)Cc1c(F)cc(F)cc1F,CHEMBL394834,=,=,87.0,87.0,87.0,7.060480747381382
N[C@@H](CC(=O)N1CCn2c(nnc2C(F)(F)F)C1)Cc1c(F)ccc(F)c1F,CHEMBL394833,=,=,151.0,151.0,151.0,6.821023052706831
N[C@@H](CC(=O)N1CCn2c(nnc2C(F)(F)F)C1)Cc1cc(F)cc(F)c1F,CHEMBL243872,=,=,805.0,805.0,805.0,6.094204119632131
N[C@@H](CC(=O)N1CCn2c(nnc2C(F)(F)F)C1)Cc1cc(F)c(F)cc1F,CHEMBL1422,=,=,18.0,18.0,18.0,7.7447274948966935
N[C@@H](CC(=O)N1CCn2c(nnc2C(F)(F)F)C1)Cc1cc(F)ccc1F,CHEMBL216186,=,=,27.0,27.0,27.0,7.568636235841012
O=c1c(O)c(-c2ccc(O)c(O)c2)oc2cc(O)cc(O)c12,CHEMBL50,=,=,130000.0,130.0,130000.0,3.886056647693163
O=c1c(O)c(-c2ccc(O)cc2)oc2cc(O)cc(O)c12,CHEMBL150,=,=,132000.0,132.0,132000.0,3.8794260687941504
C[C@@H]1O[C@@H](OC[C@H]2O[C@@H](Oc3c(-c4ccc(O)c(O)c4)oc4cc(O)cc(O)c4c3=O)[C@H](O)[C@@H](O)[C@@H]2O)[C@H](O)[C@H](O)[C@H]1O,CHEMBL226335,=,=,145000.0,145.0,145000.0,3.8386319977650247
O=C(O)[C@H]1O[C@@H](Oc2cc3oc(-c4ccccc4)cc(=O)c3c(O)c2O)[C@H](O)[C@@H](O)[C@@H]1O,CHEMBL485818,=,=,225000.0,225.0,225000.0,3.6478174818886373
N#Cc1ccc(N2C[C@@H]3[C@H](C2)[C@H]3NCC(=O)N2C[C@@H](F)C[C@H]2C#N)cc1,CHEMBL479380,=,=,165.0,165.0,165.0,6.782516055786093
N#Cc1ccc(N2C[C@@H]3[C@H](C2)[C@H]3NCC(=O)N2CC(F)(F)C[C@H]2C#N)nc1,CHEMBL480712,=,=,93.0,93.0,93.0,7.031517051446065
N#C[C@@H]1C[C@H](F)CN1C(=O)CN[C@H]1[C@@H]2CN(c3ncccc3Cl)C[C@@H]21,CHEMBL519272,=,=,1300.0,1300.0,1300.0,5.886056647693163
N#Cc1cccnc1N1C[C@@H]2[C@H](C1)[C@H]2NCC(=O)N1C[C@@H](F)C[C@H]1C#N,CHEMBL452998,=,=,91.0,91.0,91.0,7.040958607678906
N#C[C@@H]1C[C@H](F)CN1C(=O)CN[C@H]1[C@@H]2CN(c3ncccc3[N+](=O)[O-])C[C@@H]21,CHEMBL480705,=,=,78.0,78.0,78.0,7.107905397309519
N#Cc1ccc(N2C[C@@H]3[C@H](C2)[C@H]3NCC(=O)N2C[C@@H](F)C[C@H]2C#N)nc1,CHEMBL519265,=,=,147.0,147.0,147.0,6.8326826652518236
N#C[C@@H]1C[C@H](F)CN1C(=O)CN[C@H]1[C@@H]2CN(c3ccc(C(F)(F)F)cn3)C[C@@H]21,CHEMBL480324,=,=,123.0,123.0,123.0,6.910094888560602
N#C[C@@H]1C[C@H](F)CN1C(=O)CN[C@H]1[C@@H]2CN(c3ccc([N+](=O)[O-])cn3)C[C@@H]21,CHEMBL479736,=,=,85.0,85.0,85.0,7.070581074285707
N#C[C@@H]1C[C@H](F)CN1C(=O)CN[C@H]1[C@@H]2CN(c3ccc(Cl)cn3)C[C@@H]21,CHEMBL471956,=,=,49.0,49.0,49.0,7.309803919971486
N#C[C@@H]1C[C@H](F)CN1C(=O)CN[C@H]1[C@@H]2CN(c3ccccn3)C[C@@H]21,CHEMBL511125,=,=,27.0,27.0,27.0,7.568636235841012
N#C[C@@H]1C[C@H](F)CN1C(=O)CN[C@H]1[C@@H]2CN(c3nccc4ccccc34)C[C@@H]21,CHEMBL509391,=,=,3670.0,3670.0,3670.0,5.435333935747911
N#C[C@@H]1C[C@H](F)CN1C(=O)CN[C@H]1[C@@H]2CN(c3nc4ccccc4o3)C[C@@H]21,CHEMBL480537,=,=,221.0,221.0,221.0,6.655607726314889
N#C[C@@H]1C[C@H](F)CN1C(=O)CN[C@H]1[C@@H]2CN(c3nc4ccccc4s3)C[C@@H]21,CHEMBL480536,=,=,186.0,186.0,186.0,6.730487055782083
N#C[C@@H]1C[C@H](F)CN1C(=O)CN[C@H]1[C@@H]2CN(c3cnc4ccccc4n3)C[C@@H]21,CHEMBL482104,=,=,186.0,186.0,186.0,6.730487055782083
N#C[C@@H]1C[C@H](F)CN1C(=O)CN[C@H]1[C@@H]2CN(c3nccs3)C[C@@H]21,CHEMBL479983,=,=,146.0,146.0,146.0,6.835647144215563
N#C[C@@H]1C[C@H](F)CN1C(=O)CN[C@H]1[C@@H]2CN(c3nccc(C(F)(F)F)n3)C[C@@H]21,CHEMBL482262,=,=,181.0,181.0,181.0,6.7423214251308154
N#C[C@@H]1C[C@H](F)CN1C(=O)CN[C@H]1[C@@H]2CN(c3ncccn3)C[C@@H]21,CHEMBL482261,=,=,84.0,84.0,84.0,7.075720713938118
N#Cc1ccc(N2C[C@@H]3[C@H](C2)[C@H]3NCC(=O)N2C[C@@H](F)C[C@H]2C#N)c2ccccc12,CHEMBL480943,=,=,1715.0,1715.0,1715.0,5.7657358756212105
N#Cc1cc(F)cc(N2C[C@@H]3[C@H](C2)[C@H]3NCC(=O)N2C[C@@H](F)C[C@H]2C#N)c1,CHEMBL480942,=,=,118.0,118.0,118.0,6.928117992693874
N#Cc1c(F)cc(F)cc1N1C[C@@H]2[C@H](C1)[C@H]2NCC(=O)N1C[C@@H](F)C[C@H]1C#N,CHEMBL520921,=,=,630.0,630.0,630.0,6.200659450546418
N#Cc1cc(F)ccc1N1C[C@@H]2[C@H](C1)[C@H]2NCC(=O)N1C[C@@H](F)C[C@H]1C#N,CHEMBL479803,=,=,422.0,422.0,422.0,6.374687549038326
N#Cc1cc(C(F)(F)F)ccc1N1C[C@@H]2[C@H](C1)[C@H]2NCC(=O)N1C[C@@H](F)C[C@H]1C#N,CHEMBL480781,=,=,141.0,141.0,141.0,6.85078088734462
N#Cc1c(F)cccc1N1C[C@@H]2[C@H](C1)[C@H]2NCC(=O)N1C[C@@H](F)C[C@H]1C#N,CHEMBL479794,=,=,92.0,92.0,92.0,7.036212172654444
N#Cc1cccc(F)c1N1C[C@@H]2[C@H](C1)[C@H]2NCC(=O)N1C[C@@H](F)C[C@H]1C#N,CHEMBL481177,=,=,63.0,63.0,63.0,7.200659450546418
N#Cc1c(N2C[C@@H]3[C@H](C2)[C@H]3NCC(=O)N2C[C@@H](F)C[C@H]2C#N)cccc1C(F)(F)F,CHEMBL520266,=,=,42.0,42.0,42.0,7.376750709602099
N#Cc1c(Cl)cccc1N1C[C@@H]2[C@H](C1)[C@H]2NCC(=O)N1C[C@@H](F)C[C@H]1C#N,CHEMBL479538,=,=,31.0,31.0,31.0,7.508638306165727
N#Cc1ccccc1N1C[C@@H]2[C@H](C1)[C@H]2NCC(=O)N1C[C@@H](F)C[C@H]1C#N,CHEMBL471960,=,=,51.0,51.0,51.0,7.292429823902063
N#C[C@@H]1C[C@H](F)CN1C(=O)CN[C@H]1[C@@H]2CN(c3ccc(C(=O)NC4CC4)cc3)C[C@@H]21,CHEMBL471785,=,=,3740.0,3740.0,3740.0,5.427128397799519
CNC(=O)c1ccc(N2C[C@@H]3[C@H](C2)[C@H]3NCC(=O)N2C[C@@H](F)C[C@H]2C#N)cc1,CHEMBL471784,=,=,3430.0,3430.0,3430.0,5.464705879957229
N#C[C@@H]1C[C@H](F)CN1C(=O)CN[C@H]1[C@@H]2CN(c3ccc(C(N)=O)cc3)C[C@@H]21,CHEMBL480155,=,=,95.0,95.0,95.0,7.022276394711152
CCOC(=O)c1ccc(N2C[C@@H]3[C@H](C2)[C@H]3NCC(=O)N2C[C@@H](F)C[C@H]2C#N)cc1,CHEMBL480154,=,=,229.0,229.0,229.0,6.6401645176601125
CC(=O)c1ccc(N2C[C@@H]3[C@H](C2)[C@H]3NCC(=O)N2C[C@@H](F)C[C@H]2C#N)cc1,CHEMBL480914,=,=,109.0,109.0,109.0,6.962573502059376
N#Cc1ccc(N2C[C@@H]3[C@H](C2)[C@H]3NCC(=O)N2C[C@@H](F)C[C@H]2C#N)cc1C(F)(F)F,CHEMBL480913,=,=,2540.0,2540.0,2540.0,5.5951662833800615
N#Cc1ccc(N2C[C@@H]3[C@H](C2)[C@H]3NCC(=O)N2C[C@@H](F)C[C@H]2C#N)c(C(F)(F)F)c1,CHEMBL481288,=,=,59.0,59.0,59.0,7.229147988357855
N#Cc1ccc(N2C[C@@H]3[C@H](C2)[C@H]3NCC(=O)N2C[C@@H](F)C[C@H]2C#N)cc1Cl,CHEMBL481290,=,=,152.0,152.0,152.0,6.818156412055227
N#Cc1ccc(N2C[C@@H]3[C@H](C2)[C@H]3NCC(=O)N2C[C@@H](F)C[C@H]2C#N)c(Cl)c1,CHEMBL481669,=,=,95.0,95.0,95.0,7.022276394711152
N#Cc1c(F)cc(N2C[C@@H]3[C@H](C2)[C@H]3NCC(=O)N2C[C@@H](F)C[C@H]2C#N)cc1F,CHEMBL520434,=,=,38.0,38.0,38.0,7.42021640338319
N#Cc1ccc(N2C[C@@H]3[C@H](C2)[C@H]3NCC(=O)N2C[C@@H](F)C[C@H]2C#N)cc1F,CHEMBL479567,=,=,110.0,110.0,110.0,6.958607314841775
N#Cc1ccc(N2C[C@@H]3[C@H](C2)[C@H]3NCC(=O)N2C[C@@H](F)C[C@H]2C#N)c(F)c1,CHEMBL479381,=,=,153.0,153.0,153.0,6.815308569182401
N#Cc1ccc(NCCNCC(=O)N2CCC[C@H]2C#N)nc1,CHEMBL77538,=,=,22.0,22.0,22.0,7.657577319177793
N#Cc1ccc(NCCNCC(=O)N2N=CCC2C#N)nc1,CHEMBL184651,=,=,140.0,0.14,140.0,6.853871964321762
N#C[C@@H]1CCCN1C(=O)CNC12CC3CC(CC(O)(C3)C1)C2,CHEMBL142703,=,=,34.0,34.0,34.0,7.468521082957745
COc1ccc2c(c1)CN[C@H](C(=O)N1CCC[C@H]1C#N)C2,CHEMBL186566,=,=,4.0,4.0,4.0,8.397940008672037
CC(C)(C)C(NC(=O)C[C@@H](N)C(=O)N1CCC[C@H]1C#N)c1ccccc1,CHEMBL515378,=,=,251.0,251.0,251.0,6.600326278518962
CC[C@H](C)[C@H](N)C(=O)N1C[C@@H](F)C[C@H]1C#N,CHEMBL461117,=,=,0.6,0.6,0.6,9.221848749616356
CC(C)(CO)NCC(=O)N1C[C@@H](F)C[C@H]1C#N,CHEMBL472096,=,=,4.6,4.6,4.6,8.337242168318426
N#C[C@H]1C[C@@H](F)CN1C(=O)[C@@H](N)C(c1ccc(F)cc1)c1ccc(F)cc1,CHEMBL456413,=,=,22.0,22.0,22.0,7.657577319177793
CC1(NCC(=O)N2C[C@H](F)C[C@@H]2C#N)CCN(S(C)(=O)=O)CC1,CHEMBL456419,=,=,6.2,6.2,6.2,8.207608310501746
N#Cc1ccc(N[C@@H]2CNC(C(=O)N3CCC[C@H]3C#N)C2)cc1C#N,CHEMBL456420,=,=,0.13,0.13,0.13,9.886056647693163
N#Cc1ccc(N[C@@H]2CNC(C(=O)N3CCC[C@H]3C#N)C2)cc1Cl,CHEMBL445437,=,=,0.15,0.15,0.15,9.823908740944319
Cc1ccc(O)c(C)c1[C@@H]1CN[C@H](C(=O)N2CCC[C@H]2C#N)C1,CHEMBL413797,=,=,4.9,4.9,4.9,8.309803919971486
CC[C@H](C)[C@H](N)C(=O)N1CCSC1,CHEMBL98408,=,=,420.0,420.0,420.0,6.376750709602099
N[C@H](C(=O)N1CCCC1)C1CCCCC1,CHEMBL278393,=,=,320.0,320.0,320.0,6.494850021680094
N[C@H](C(=O)N1CCCC1)[C@H]1CC[C@H](NS(=O)(=O)c2ccc(F)cc2F)CC1,CHEMBL25437,=,=,88.0,88.0,88.0,7.055517327849831
N#Cc1ccc(N[C@@H]2CN[C@H](C(=O)N3CCSC3)C2)nc1,CHEMBL390513,=,=,25.4,25.4,25.4,7.5951662833800615
CN(C)C(=O)[C@@H](c1ccc(-c2ccc(F)cc2)cc1)[C@H](N)C(=O)N1CC[C@H](F)C1,CHEMBL237119,=,=,0.012,0.012,0.012,10.920818753952375
C[C@@H](c1ccc(-c2ccc(F)cc2)cc1)[C@H](N)C(=O)N1CC[C@H](F)C1,CHEMBL237336,=,=,0.064,0.064,0.064,10.193820026016112
CN(C)C(=O)[C@@H](c1ccc(C2=CN3N=CNC3C=C2)cc1)[C@H](N)C(=O)N1CC[C@H](F)C1,CHEMBL459357,=,=,4.3,4.3,4.3,8.366531544420413
N[C@H](C(=O)N1CC[C@H](F)C1)[C@H]1CC[C@H](NS(=O)(=O)c2ccc(F)cc2F)CC1,CHEMBL22310,=,=,48.0,48.0,48.0,7.318758762624412
O=C(CNC12CC3CC(CC(C3)C1)C2)N1CCC[C@H]1B(O)O,CHEMBL460842,=,=,8.0,8.0,8.0,8.096910013008056
CC(C)[C@H](Oc1ccc(CNC(=O)[C@@H]2CCCN2C(=O)C[C@H](N)Cc2cc(F)ccc2F)cc1)C(=O)O.O=C(O)C(F)(F)F,CHEMBL445949,=,=,0.48,0.48,0.48,9.318758762624412
N[C@@H](CC(=O)N1CCNC[C@H]1Cc1ccccc1)Cc1ccccc1F,CHEMBL175872,=,=,139.0,139.0,139.0,6.856985199745905
CC(C)=CCN1C(C2CC[C@H]3NCC[C@@H]23)=NC2C1C(=O)N(CC(=O)c1ccccc1)C(=O)N2C,CHEMBL459591,=,=,18.0,18.0,18.0,7.7447274948966935
COc1ccccc1N1CCc2nc(C)c(CN)c(-c3ccc(Cl)cc3Cl)c2C1=O,CHEMBL459807,=,=,2.28,2.28,2.28,8.642065152999546
CC(N)/C(F)=C1\CCC[C@@H]1C#N.Cl,CHEMBL460013,=,=,7690.0,7.69,7690.0,5.114073660198569
CC(N)/C(F)=C1\CCC[C@@H]1C#N.Cl,CHEMBL460013,=,=,6030.0,6.03,6030.0,5.219682687859849
CC(C)(CC(=O)N[C@H]1C[C@@H]1c1ccccc1)NCC(=O)N1CCC[C@H]1C#N,CHEMBL473166,=,=,85.0,0.085,85.0,7.070581074285707
CC(C)(CC(=O)N[C@H]1C[C@@H]1c1ccc(F)cc1)NCC(=O)N1CCC[C@H]1C#N,CHEMBL514617,=,=,54.0,0.054,54.0,7.267606240177031
CC(C)(CC(=O)N[C@H]1C[C@@H]1c1cccc(F)c1)NCC(=O)N1CCC[C@H]1C#N,CHEMBL473172,=,=,64.0,0.064,64.0,7.1938200260161125
CC(C)(CC(=O)N[C@H]1C[C@@H]1c1ccc(F)cc1F)NCC(=O)N1CCC[C@H]1C#N,CHEMBL515552,=,=,84.0,0.084,84.0,7.075720713938118
CC(C)(CC(=O)N[C@H]1C[C@@H]1c1cc(F)cc(F)c1)NCC(=O)N1CCC[C@H]1C#N,CHEMBL472976,=,=,75.0,0.075,75.0,7.1249387366083
CC(C)(CC(=O)N[C@H]1C[C@@H]1c1ccc(F)c(F)c1)NCC(=O)N1CCC[C@H]1C#N,CHEMBL472977,=,=,62.0,0.062,62.0,7.207608310501746
CC(C)(CC(=O)N[C@H]1C[C@@H]1c1ccc(C(F)(F)F)cc1)NCC(=O)N1CCC[C@H]1C#N,CHEMBL473176,=,=,85.0,0.085,85.0,7.070581074285707
CC(C)(CC(=O)N[C@H]1C[C@@H]1c1cccc(C(F)(F)F)c1)NCC(=O)N1CCC[C@H]1C#N,CHEMBL473973,=,=,60.0,0.06,60.0,7.221848749616356
CC(C)(CC(=O)N[C@H]1C[C@@H]1c1cccc(OC(F)(F)F)c1)NCC(=O)N1CCC[C@H]1C#N,CHEMBL474559,=,=,73.0,0.073,73.0,7.136677139879544
CC(C)(CC(=O)N[C@H]1C[C@@H]1c1ccc(Cl)cc1)NCC(=O)N1CCC[C@H]1C#N,CHEMBL474560,=,=,86.0,0.086,86.0,7.0655015487564325
CC(C)(CC(=O)N[C@H]1C[C@@H]1c1cccc(Cl)c1)NCC(=O)N1CCC[C@H]1C#N,CHEMBL463481,=,=,42.0,0.042,42.0,7.376750709602099
CC(C)(CC(=O)N[C@H]1C[C@@H]1c1ccc(Cl)c(Cl)c1)NCC(=O)N1CCC[C@H]1C#N,CHEMBL474959,=,=,68.0,0.068,68.0,7.167491087293763
COc1ccc([C@H]2C[C@@H]2NC(=O)CC(C)(C)NCC(=O)N2CCC[C@H]2C#N)cc1OC,CHEMBL474960,=,=,101.0,0.101,101.0,6.995678626217357
CC(C)(CC(=O)N[C@H]1C[C@@H]1c1cccnc1)NCC(=O)N1C[C@@H](F)C[C@H]1C#N,CHEMBL472797,=,=,24.0,0.024,24.0,7.619788758288394
Cc1ncsc1[C@H]1C[C@@H]1NC(=O)CC(C)(C)NCC(=O)N1C[C@@H](F)C[C@H]1C#N,CHEMBL474767,=,=,16.0,0.016,16.0,7.795880017344075
CC(C)(CC(=O)N[C@@H]1C[C@H]1c1cccc(Cl)c1)NCC(=O)N1CCC[C@H]1C#N,CHEMBL474768,=,=,56.0,0.056,56.0,7.251811972993799
CC(C)(CC(=O)N[C@H]1C[C@@H]1c1cccc(Cl)c1)NCC(=O)N1CCC[C@H]1C#N,CHEMBL463481,=,=,47.0,0.047,47.0,7.327902142064282
CC(C)(CC(=O)N[C@@H]1C[C@H]1c1cccc(Cl)c1)NCC(=O)N1C[C@@H](F)C[C@H]1C#N,CHEMBL447393,=,=,27.0,0.027,27.0,7.568636235841012
CC(C)(CC(=O)N[C@H]1C[C@@H]1c1ccccc1)NCC(=O)N1C[C@@H](F)C[C@H]1C#N,CHEMBL464092,=,=,19.0,0.019,19.0,7.721246399047171
CC(C)(CC(=O)N[C@H]1C[C@@H]1c1cccc(Cl)c1)NCC(=O)N1C[C@@H](F)C[C@H]1C#N,CHEMBL517776,=,=,15.0,0.015,15.0,7.823908740944319
CC(C)(CC(=O)N[C@H]1C[C@@H]1c1cccc(F)c1)NCC(=O)N1C[C@@H](F)C[C@H]1C#N,CHEMBL464093,=,=,21.0,0.021,21.0,7.6777807052660805
COc1ccc([C@H]2C[C@@H]2NC(=O)CC(C)(C)NCC(=O)N2C[C@@H](F)C[C@H]2C#N)cc1,CHEMBL463277,=,=,22.0,0.022,22.0,7.657577319177793
COc1cccc([C@H]2C[C@@H]2NC(=O)CC(C)(C)NCC(=O)N2C[C@@H](F)C[C@H]2C#N)c1,CHEMBL518831,=,=,26.0,0.026,26.0,7.585026652029182
CCOc1cccc([C@H]2C[C@@H]2NC(=O)CC(C)(C)NCC(=O)N2C[C@@H](F)C[C@H]2C#N)c1,CHEMBL462839,=,=,17.0,0.017,17.0,7.769551078621726
CC(C)(CC(=O)N[C@H]1C[C@@H]1c1cccc(OC(F)(F)F)c1)NCC(=O)N1C[C@@H](F)C[C@H]1C#N,CHEMBL463230,=,=,20.0,0.02,20.0,7.698970004336019
CC(C)(CC(=O)N[C@H]1C[C@@H]1c1cccc(Cl)c1)NCC(=O)N1CC(F)(F)C[C@H]1C#N,CHEMBL463231,=,=,26.0,0.026,26.0,7.585026652029182
N[C@@H](CC(=O)N1CCn2c(nnc2C(F)(F)F)C1)Cc1cc(F)c(F)cc1F,CHEMBL1422,=,=,30.0,0.03,30.0,7.522878745280337
N#C[C@@H]1CCCN1C(=O)CNC12CC3CC(CC(O)(C3)C1)C2,CHEMBL142703,=,=,51.0,0.051,51.0,7.292429823902063
Cc1ncsc1[C@H]1C[C@@H]1NC(=O)CC(C)(C)NCC(=O)N1C[C@@H](F)C[C@H]1C#N,CHEMBL474767,=,=,10.0,10.0,10.0,8.0
Cc1ncsc1[C@H]1C[C@@H]1NC(=O)CC(C)(C)NCC(=O)N1C[C@@H](F)C[C@H]1C#N,CHEMBL474767,=,=,15.0,15.0,15.0,7.823908740944319
N[C@@H](CC(=O)N1CCC[C@H]1CNC(=O)c1ccccc1)Cc1ccccc1F,CHEMBL425584,=,=,90.0,90.0,90.0,7.045757490560675
N[C@@H](CC(=O)N1CCC[C@H]1CNC(=O)c1ccccc1)Cc1cccc(Cl)c1,CHEMBL562525,=,=,27.0,27.0,27.0,7.568636235841012
N[C@@H](CC(=O)N1CCC[C@H]1CNC(=O)c1ccccc1F)Cc1ccccc1F,CHEMBL550862,=,=,49.0,49.0,49.0,7.309803919971486
N[C@@H](CC(=O)N1CCC[C@H]1CNC(=O)c1cccc(F)c1)Cc1ccccc1F,CHEMBL552263,=,=,92.0,92.0,92.0,7.036212172654444
N[C@@H](CC(=O)N1CCC[C@H]1CNC(=O)c1ccc(F)cc1)Cc1ccccc1F,CHEMBL553936,=,=,92.0,92.0,92.0,7.036212172654444
N[C@@H](CC(=O)N1CCC[C@H]1CNC(=O)c1ccccn1)Cc1ccccc1F,CHEMBL560123,=,=,47.0,47.0,47.0,7.327902142064282
N[C@@H](CC(=O)N1CCC[C@H]1CNC(=O)c1cccnc1)Cc1ccccc1F,CHEMBL563911,=,=,87.0,87.0,87.0,7.060480747381382
N[C@@H](CC(=O)N1CCC[C@H]1CNC(=O)c1ccncc1)Cc1ccccc1F,CHEMBL562981,=,=,66.0,66.0,66.0,7.180456064458131
CS(=O)(=O)c1ccc(C(=O)NC[C@@H]2CCCN2C(=O)C[C@H](N)Cc2ccccc2F)cc1,CHEMBL557851,=,=,77.0,77.0,77.0,7.113509274827518
CS(=O)(=O)c1ccccc1C(=O)NC[C@@H]1CCCN1C(=O)C[C@H](N)Cc1ccccc1F,CHEMBL563108,=,=,27.0,27.0,27.0,7.568636235841012
CS(=O)(=O)c1ccccc1C(=O)NC[C@@H]1CCCN1C(=O)C[C@H](N)Cc1cccc(Cl)c1,CHEMBL564043,=,=,14.0,14.0,14.0,7.853871964321762
CS(=O)(=O)c1cccc(C(=O)NC[C@@H]2CCCN2C(=O)C[C@H](N)Cc2cccc(Cl)c2)c1,CHEMBL564249,=,=,0.38,0.38,0.38,9.42021640338319
N[C@@H](CC(=O)N1CCC[C@H]1CNC(=O)C1CC1)Cc1cccc(Cl)c1,CHEMBL561120,=,=,12.0,12.0,12.0,7.920818753952375
N[C@@H](CC(=O)N1CCC[C@H]1CNC(=O)C1CC1)Cc1cc(F)c(F)cc1F,CHEMBL563648,=,=,9.0,9.0,9.0,8.045757490560675
N[C@@H](CC(=O)N1CCC[C@H]1CNS(=O)(=O)c1ccccc1)Cc1ccccc1F,CHEMBL539187,=,=,34.0,34.0,34.0,7.468521082957745
N[C@@H](CC(=O)N1CCC[C@H]1CNS(=O)(=O)c1ccccc1)Cc1cccc(Cl)c1,CHEMBL561322,=,=,8.0,8.0,8.0,8.096910013008056
N[C@@H](CC(=O)N1CCC[C@H]1CNS(=O)(=O)c1ccccc1F)Cc1ccccc1F,CHEMBL549842,=,=,53.0,53.0,53.0,7.275724130399211
N[C@@H](CC(=O)N1CCC[C@H]1CNS(=O)(=O)c1cccc(F)c1)Cc1ccccc1F,CHEMBL562603,=,=,94.0,94.0,94.0,7.026872146400302
N[C@@H](CC(=O)N1CCC[C@H]1CNS(=O)(=O)c1ccc(F)cc1)Cc1ccccc1F,CHEMBL565056,=,=,27.0,27.0,27.0,7.568636235841012
N[C@@H](CC(=O)N1CCC[C@H]1CNS(=O)(=O)c1ccc(Cl)cc1)Cc1ccccc1F,CHEMBL549432,=,=,20.0,20.0,20.0,7.698970004336019
N[C@@H](CC(=O)N1CCC[C@H]1CNS(=O)(=O)c1cc(Cl)ccc1Cl)Cc1ccccc1F,CHEMBL560183,=,=,24.0,24.0,24.0,7.619788758288394
N[C@@H](CC(=O)N1CCC[C@H]1CNS(=O)(=O)C1CC1)Cc1cccc(Cl)c1,CHEMBL560184,=,=,30.0,30.0,30.0,7.522878745280337
N[C@@H](CC(=O)N1CCC[C@H]1CNS(=O)(=O)C1CC1)Cc1cc(F)c(F)cc1F,CHEMBL563272,=,=,8.0,8.0,8.0,8.096910013008056
N#C[C@@H]1CCCN1C(=O)CNC12CC3CC(CC(O)(C3)C1)C2,CHEMBL142703,=,=,3.0,3.0,3.0,8.522878745280337
N#C[C@@H]1C[C@@H]2C[C@@H]2N1C(=O)[C@@H](N)C12CC3CC(CC(O)(C3)C1)C2,CHEMBL385517,=,=,3.0,3.0,3.0,8.522878745280337
Cl.N#C[C@@H]1CS[C@H]2C[C@@H](N)C(=O)N12,CHEMBL539691,=,=,105.0,105.0,105.0,6.978810700930062
Cl.N#C[C@@H]1CS[C@H]2C[C@](N)(c3ccccc3)C(=O)N12,CHEMBL564670,=,=,26.0,26.0,26.0,7.585026652029182
CC[C@@]1(N)C[C@@H]2SC[C@@H](C#N)N2C1=O.Cl,CHEMBL560583,=,=,56.0,56.0,56.0,7.251811972993799
CC(C)[C@@]1(N)C[C@@H]2SC[C@@H](C#N)N2C1=O.Cl,CHEMBL564854,=,=,33.0,33.0,33.0,7.481486060122112
CC(C)C[C@@]1(N)C[C@@H]2SC[C@@H](C#N)N2C1=O.Cl,CHEMBL561263,=,=,63.0,63.0,63.0,7.200659450546418
CC[C@H](C)[C@@]1(N)C[C@@H]2SC[C@@H](C#N)N2C1=O.Cl,CHEMBL563772,=,=,53.0,53.0,53.0,7.275724130399211
Cl.N#C[C@@H]1CS[C@H]2C[C@](N)(Cc3ccccc3)C(=O)N12,CHEMBL561462,=,=,109.0,109.0,109.0,6.962573502059376
Cl.N#C[C@@H]1CS[C@H]2C[C@](N)(C3CCCC3)C(=O)N12,CHEMBL558956,=,=,89.0,89.0,89.0,7.050609993355087
Cl.N#C[C@@H]1CS[C@H]2C[C@](N)(C3CCCCC3)C(=O)N12,CHEMBL560985,=,=,59.0,59.0,59.0,7.229147988357855
Cl.N#C[C@@H]1CS[C@H]2C[C@](N)(CCc3ccccc3)C(=O)N12,CHEMBL558313,=,=,205.0,205.0,205.0,6.688246138944246
Cl.N#C[C@@H]1CS[C@H]2C[C@](N)(CC3CCCCC3)C(=O)N12,CHEMBL556219,=,=,118.0,118.0,118.0,6.928117992693874
Cl.N#C[C@@H]1CS[C@H]2C[C@](N)(c3ccc(F)cc3)C(=O)N12,CHEMBL552403,=,=,152.0,152.0,152.0,6.818156412055227
N[C@H]1Cn2c(nc3ncccc32)C[C@@H]1c1cc(F)c(F)cc1F.O=C(O)C(F)(F)F.O=C(O)C(F)(F)F,CHEMBL562388,=,=,15.0,0.015,15.0,7.823908740944319
N[C@H]1Cn2c(nc3cnc(C(F)(F)F)cc32)C[C@@H]1c1cc(F)c(F)cc1F.O=C(O)C(F)(F)F.O=C(O)C(F)(F)F,CHEMBL541438,=,=,11.0,0.011,11.0,7.958607314841775
Cc1cc2c(cn1)nc1n2C[C@H](N)[C@@H](c2cc(F)c(F)cc2F)C1.O=C(O)C(F)(F)F.O=C(O)C(F)(F)F,CHEMBL557514,=,=,23.0,0.023,23.0,7.638272163982407
N[C@H]1Cn2c(nc3cnc(Cl)cc32)C[C@@H]1c1cc(F)c(F)cc1F.O=C(O)C(F)(F)F.O=C(O)C(F)(F)F,CHEMBL557447,=,=,15.0,0.015,15.0,7.823908740944319
N[C@H]1Cn2c(nc3cnc(F)cc32)C[C@@H]1c1cc(F)c(F)cc1F.O=C(O)C(F)(F)F.O=C(O)C(F)(F)F,CHEMBL559477,=,=,12.0,0.012,12.0,7.920818753952375
Cl.N[C@H]1Cn2c(nc3cnccc32)C[C@@H]1c1cc(F)c(F)cc1F,CHEMBL552068,=,=,8.3,0.0083,8.3,8.080921907623926
N[C@H]1Cn2c(nc3cnccc32)C[C@@H]1c1cc(F)c(F)cc1F.O=C(O)C(F)(F)F.O=C(O)C(F)(F)F,CHEMBL562188,=,=,6.7,0.0067,6.7,8.173925197299173
N[C@H]1Cn2c(nc3ccncc32)C[C@@H]1c1cc(F)c(F)cc1F.O=C(O)C(F)(F)F.O=C(O)C(F)(F)F,CHEMBL549502,=,=,51.0,0.051,51.0,7.292429823902063
N[C@H]1Cn2c(nc3cccnc32)C[C@@H]1c1cc(F)c(F)cc1F.O=C(O)C(F)(F)F.O=C(O)C(F)(F)F,CHEMBL560926,=,=,329.0,0.329,329.0,6.482804102050025
CC(=O)Nc1ccc2c(c1)nc1n2C[C@H](N)[C@@H](c2cc(F)c(F)cc2F)C1.O=C(O)C(F)(F)F,CHEMBL556494,=,=,8.6,0.0086,8.6,8.065501548756432
CS(=O)(=O)Nc1ccc2c(c1)nc1n2C[C@H](N)[C@@H](c2cc(F)c(F)cc2F)C1.O=C(O)C(F)(F)F,CHEMBL561793,=,=,7.1,0.0071,7.1,8.148741651280925
CN(C)C(=O)c1ccc2c(c1)nc1n2C[C@H](N)[C@@H](c2cc(F)c(F)cc2F)C1.O=C(O)C(F)(F)F,CHEMBL560729,=,=,52.0,0.052,52.0,7.2839966563652006
N[C@H]1Cn2c(nc3cc(C(=O)O)ccc32)C[C@@H]1c1cc(F)c(F)cc1F.O=C(O)C(F)(F)F,CHEMBL563383,=,=,13.0,0.013,13.0,7.886056647693163
CS(=O)(=O)c1ccc2nc3n(c2c1)C[C@H](N)[C@@H](c1cc(F)c(F)cc1F)C3.O=C(O)C(F)(F)F,CHEMBL549645,=,=,56.0,0.056,56.0,7.251811972993799
CCS(=O)(=O)c1ccc2c(c1)nc1n2C[C@H](N)[C@@H](c2cc(F)c(F)cc2F)C1.O=C(O)C(F)(F)F,CHEMBL560192,=,=,8.0,0.008,8.0,8.096910013008056
CS(=O)(=O)c1ccc2c(c1)nc1n2C[C@H](N)[C@@H](c2cc(F)c(F)cc2F)C1.O=C(O)C(F)(F)F,CHEMBL559940,=,=,4.2,0.0042,4.2,8.3767507096021
N[C@H]1Cn2c(nc3ccc(C(F)(F)F)cc32)C[C@@H]1c1cc(F)c(F)cc1F.O=C(O)C(F)(F)F,CHEMBL550801,=,=,47.0,0.047,47.0,7.327902142064282
N[C@H]1Cn2c(nc3cc(C(F)(F)F)ccc32)C[C@@H]1c1cc(F)c(F)cc1F.O=C(O)C(F)(F)F,CHEMBL552479,=,=,14.0,0.014,14.0,7.853871964321762
Cc1ccc2c(c1)nc1n2C[C@H](N)[C@@H](c2cc(F)c(F)cc2F)C1.O=C(O)C(F)(F)F,CHEMBL562953,=,=,18.0,0.018,18.0,7.7447274948966935
N[C@H]1Cn2c(nc3ccc(OC(F)(F)F)cc32)C[C@@H]1c1cc(F)c(F)cc1F.O=C(O)C(F)(F)F,CHEMBL563155,=,=,53.0,0.053,53.0,7.275724130399211
COc1ccc2c(c1)nc1n2C[C@H](N)[C@@H](c2cc(F)c(F)cc2F)C1.O=C(O)C(F)(F)F,CHEMBL550598,=,=,28.0,0.028,28.0,7.552841968657781
N[C@H]1Cn2c(nc3c(F)c(F)c(F)cc32)C[C@@H]1c1cc(F)c(F)cc1F.O=C(O)C(F)(F)F,CHEMBL562530,=,=,22.0,0.022,22.0,7.657577319177793
N[C@H]1Cn2c(nc3c(F)cc(F)cc32)C[C@@H]1c1cc(F)c(F)cc1F.O=C(O)C(F)(F)F,CHEMBL558253,=,=,47.0,0.047,47.0,7.327902142064282
N[C@H]1Cn2c(nc3ccc(F)cc32)C[C@@H]1c1cc(F)c(F)cc1F.O=C(O)C(F)(F)F,CHEMBL560669,=,=,17.0,0.017,17.0,7.769551078621726
N[C@H]1Cn2c(nc3cc(F)ccc32)C[C@@H]1c1cc(F)c(F)cc1F.O=C(O)C(F)(F)F,CHEMBL552071,=,=,77.0,0.077,77.0,7.113509274827518
N[C@H]1Cn2c(nc3c(F)cccc32)C[C@@H]1c1cc(F)c(F)cc1F.O=C(O)C(F)(F)F,CHEMBL537962,=,=,30.0,0.03,30.0,7.522878745280337
N[C@H]1Cn2c(nc3ccccc32)C[C@@H]1c1cc(F)c(F)cc1F.O=C(O)C(F)(F)F,CHEMBL549913,=,=,68.0,0.068,68.0,7.167491087293763
CS(=O)(=O)c1ccc2c(c1)nc1n2C[C@H](N)[C@@H](c2cc(F)c(F)cc2F)C1.O=C(O)C(F)(F)F,CHEMBL559940,=,=,11.0,0.011,11.0,7.958607314841775
N[C@H]1Cn2c(nc3cnccc32)C[C@@H]1c1cc(F)c(F)cc1F.O=C(O)C(F)(F)F.O=C(O)C(F)(F)F,CHEMBL562188,=,=,16.0,0.016,16.0,7.795880017344075
Cl.N[C@H]1Cn2c(nc3cnccc32)C[C@@H]1c1cc(F)c(F)cc1F,CHEMBL552068,=,=,17.0,0.017,17.0,7.769551078621726
N[C@H]1Cn2c(nc3cnc(C(F)(F)F)cc32)C[C@@H]1c1cc(F)c(F)cc1F.O=C(O)C(F)(F)F.O=C(O)C(F)(F)F,CHEMBL541438,=,=,32.0,0.032,32.0,7.494850021680094
N[C@H]1Cn2c(nc3cnc(F)cc32)C[C@@H]1c1cc(F)c(F)cc1F.O=C(O)C(F)(F)F.O=C(O)C(F)(F)F,CHEMBL559477,=,=,23.0,0.023,23.0,7.638272163982407
N[C@H]1Cn2c(nc3ncccc32)C[C@@H]1c1cc(F)c(F)cc1F.O=C(O)C(F)(F)F.O=C(O)C(F)(F)F,CHEMBL562388,=,=,24.0,0.024,24.0,7.619788758288394
N[C@@H](CC(=O)N1CCC[C@H]1CNC(=O)C1CC1)Cc1cc(F)c(F)cc1F,CHEMBL563648,=,=,9.0,9.0,9.0,8.045757490560675
N[C@@H](CC(=O)N1CCC[C@H]1CN(C1CC1)S(=O)(=O)C(F)(F)F)Cc1cc(F)c(F)cc1F,CHEMBL558647,=,=,2.7,2.7,2.7,8.568636235841012
CN(C[C@@H]1CCCN1C(=O)C[C@H](N)Cc1cc(F)c(F)cc1F)S(=O)(=O)C(F)(F)F,CHEMBL558452,=,=,1.5,1.5,1.5,8.823908740944319
N[C@@H](CC(=O)N1CCC[C@H]1CNS(=O)(=O)CC(F)(F)F)Cc1cc(F)c(F)cc1F,CHEMBL559602,=,=,5.6,5.6,5.6,8.2518119729938
N[C@@H](CC(=O)N1CCC[C@H]1CNS(=O)(=O)C(F)(F)F)Cc1cc(F)c(F)cc1F,CHEMBL564283,=,=,12.0,12.0,12.0,7.920818753952375
CS(=O)(=O)NC[C@@H]1CCCN1C(=O)C[C@H](N)Cc1cc(F)c(F)cc1F,CHEMBL559543,=,=,27.0,27.0,27.0,7.568636235841012
CN(C[C@@H]1CCCN1C(=O)C[C@H](N)Cc1cc(F)c(F)cc1F)C(=O)C(C)(F)F,CHEMBL559601,=,=,7.8,7.8,7.8,8.10790539730952
CN(C[C@@H]1CCCN1C(=O)C[C@H](N)Cc1cc(F)c(F)cc1F)C(=O)C(C)(C)C,CHEMBL550321,=,=,6.8,6.8,6.8,8.167491087293763
CN(C[C@@H]1CCCN1C(=O)C[C@H](N)Cc1cc(F)c(F)cc1F)C(=O)C1CC1,CHEMBL564105,=,=,1.1,1.1,1.1,8.958607314841775
N[C@@H](CC(=O)N1CCC[C@H]1CNC(=O)CC(F)(F)F)Cc1cc(F)c(F)cc1F,CHEMBL550114,=,=,3.5,3.5,3.5,8.455931955649724
CC(F)(F)C(=O)NC[C@@H]1CCCN1C(=O)C[C@H](N)Cc1cc(F)c(F)cc1F,CHEMBL557860,=,=,5.9,5.9,5.9,8.229147988357855
CC(C)(F)C(=O)NC[C@@H]1CCCN1C(=O)C[C@H](N)Cc1cc(F)c(F)cc1F,CHEMBL558323,=,=,6.3,6.3,6.3,8.200659450546418
CC(C)(C)C(=O)NC[C@@H]1CCCN1C(=O)C[C@H](N)Cc1cc(F)c(F)cc1F,CHEMBL558322,=,=,3.7,3.7,3.7,8.431798275933005
N[C@@H](CC(=O)N1CCC[C@H]1CNC(=O)C1CCCC1)Cc1cc(F)c(F)cc1F,CHEMBL557723,=,=,4.8,4.8,4.8,8.318758762624412
N[C@@H](CC(=O)N1CCC[C@H]1CNC(=O)C1CCC1)Cc1cc(F)c(F)cc1F,CHEMBL563901,=,=,2.2,2.2,2.2,8.657577319177793
N[C@@H](CC(=O)N1CCC[C@H]1CNC(=O)C1CC1(F)F)Cc1cc(F)c(F)cc1F,CHEMBL554908,=,=,1.3,1.3,1.3,8.886056647693163
N[C@@H](CC(=O)N1CCC[C@H]1CNC(=O)C1(C(F)(F)F)CC1)Cc1cc(F)c(F)cc1F,CHEMBL552069,=,=,2.7,2.7,2.7,8.568636235841012
N[C@@H](CC(=O)N1CCC[C@H]1COCC1CC1)Cc1cc(F)c(F)cc1F,CHEMBL549992,=,=,10.0,10.0,10.0,8.0
N[C@@H](CC(=O)N1CCC[C@H]1COc1ccnc(C(F)(F)F)n1)Cc1cc(F)c(F)cc1F,CHEMBL557315,=,=,6.1,6.1,6.1,8.214670164989233
N#Cc1ccnc(OC[C@@H]2CCCN2C(=O)C[C@H](N)Cc2cc(F)c(F)cc2F)c1,CHEMBL565101,=,=,2.3,2.3,2.3,8.638272163982407
N#Cc1ccc(OC[C@@H]2CCCN2C(=O)C[C@H](N)Cc2cc(F)c(F)cc2F)nc1,CHEMBL563849,=,=,2.0,2.0,2.0,8.698970004336019
N[C@@H](CC(=O)N1CCC[C@H]1CNc1nccc(C(F)(F)F)n1)Cc1cc(F)c(F)cc1F,CHEMBL549296,=,=,3.9,3.9,3.9,8.4089353929735
N[C@@H](CC(=O)N1CCC[C@H]1CNc1ncc(F)cn1)Cc1cc(F)c(F)cc1F,CHEMBL549581,=,=,7.1,7.1,7.1,8.148741651280925
N[C@@H](CC(=O)N1CCC[C@H]1CNc1ncccn1)Cc1cc(F)c(F)cc1F,CHEMBL564488,=,=,5.4,5.4,5.4,8.267606240177031
N[C@@H](CC(=O)N1CCC[C@H]1CNc1ccc(C(F)(F)F)nc1)Cc1cc(F)c(F)cc1F,CHEMBL562467,=,=,15.0,15.0,15.0,7.823908740944319
N[C@@H](CC(=O)N1CCC[C@H]1CNc1ccc(F)cn1)Cc1cc(F)c(F)cc1F,CHEMBL556708,=,=,6.3,6.3,6.3,8.200659450546418
N#Cc1cccnc1NC[C@@H]1CCCN1C(=O)C[C@H](N)Cc1cc(F)c(F)cc1F,CHEMBL562072,=,=,3.2,3.2,3.2,8.494850021680094
CN(C[C@@H]1CCCN1C(=O)C[C@H](N)Cc1cc(F)c(F)cc1F)c1ccc(C#N)cn1,CHEMBL552127,=,=,4.0,4.0,4.0,8.397940008672037
N#Cc1ccc(NC[C@@H]2CCCN2C(=O)C[C@H](N)Cc2cc(F)c(F)cc2F)nc1,CHEMBL563244,=,=,3.5,3.5,3.5,8.455931955649724
N[C@@H](CC(=O)N1CCC[C@H]1CNS(=O)(=O)C1CC1)Cc1cc(F)c(F)cc1F,CHEMBL563272,=,=,8.0,8.0,8.0,8.096910013008056
CCCCN1CCN(CCNCC(=O)N2CCC[C@@H]2C#N)C1=O.O=C(O)C(=O)O,CHEMBL1202082,=,=,53.5,53.5,53.5,7.2716462179787715
CC(C)(C)N1CCN(CCNCC(=O)N2CCC[C@@H]2C#N)C1=O.O=C(O)C(=O)O,CHEMBL1202090,=,=,68.1,68.1,68.1,7.166852888087215
CC(C)N1CCN(CCNCC(=O)N2CCC[C@@H]2C#N)C1=O.O=C(O)C(=O)O,CHEMBL1202091,=,=,47.8,47.8,47.8,7.320572103387882
N#C[C@H]1CCCN1C(=O)CNCCN1CCN(C2CCCCC2)C1=O.O=C(O)C(=O)O,CHEMBL1202092,=,=,68.6,68.6,68.6,7.163675884293248
N#C[C@H]1CCCN1C(=O)CNCCN1CCN(c2ccccc2)C1=O.O=C(O)C(=O)O,CHEMBL1202083,=,=,34.8,34.8,34.8,7.458420756053419
Cc1ccc(N2CCN(CCNCC(=O)N3CCC[C@@H]3C#N)C2=O)cc1.O=C(O)C(=O)O,CHEMBL1202086,=,=,29.3,29.3,29.3,7.53313237964589
COc1ccc(N2CCN(CCNCC(=O)N3CCC[C@@H]3C#N)C2=O)cc1.O=C(O)C(=O)O,CHEMBL1202093,=,=,82.4,82.4,82.4,7.084072788302884
COc1cccc(N2CCN(CCNCC(=O)N3CCC[C@@H]3C#N)C2=O)c1.O=C(O)C(=O)O,CHEMBL1202081,=,=,65.1,65.1,65.1,7.186419011431808
N#C[C@H]1CCCN1C(=O)CNCCN1CCN(c2ccc(Cl)cc2)C1=O.O=C(O)C(=O)O,CHEMBL1202089,=,=,25.8,25.8,25.8,7.58838029403677
N#C[C@H]1CCCN1C(=O)CNCCN1CCN(c2ccc(F)cc2)C1=O.O=C(O)C(=O)O,CHEMBL1202087,=,=,44.5,44.5,44.5,7.351639989019068
N#C[C@H]1CCCN1C(=O)CNCCN1CCN(c2cccc(F)c2)C1=O.O=C(O)C(=O)O,CHEMBL1202088,=,=,60.1,60.1,60.1,7.221125527997261
N#C[C@H]1CCCN1C(=O)CNCCN1CCN(c2ccccc2F)C1=O.O=C(O)C(=O)O,CHEMBL1202084,=,=,133.6,133.6,133.6,6.874193541860473
COc1cc(OC)cc(N2CCN(CCNCC(=O)N3CCC[C@@H]3C#N)C2=O)c1.O=C(O)C(=O)O,CHEMBL1202094,=,=,20.4,20.4,20.4,7.690369832574101
COc1ccc(N2CCN(CCNCC(=O)N3CCC[C@@H]3C#N)C2=O)cc1OC.O=C(O)C(=O)O,CHEMBL1202080,=,=,2.0,2.0,2.0,8.698970004336019
COc1cc(N2CCN(CCNCC(=O)N3CCC[C@@H]3C#N)C2=O)cc(OC)c1OC.O=C(O)C(=O)O,CHEMBL1202085,=,=,165.6,165.6,165.6,6.780939667551139
N#C[C@@H]1CCCN1C(=O)CNC12CC3CC(CC(O)(C3)C1)C2,CHEMBL142703,=,=,16.6,16.6,16.6,7.779891911959945
N[C@@H](CC(=O)N1CCn2c(nnc2C(F)(F)F)C1)Cc1cc(F)c(F)cc1F,CHEMBL1422,=,=,18.0,18.0,18.0,7.7447274948966935
N#C[C@@H]1CCCN1C(=O)CNC12CC3CC(CC(O)(C3)C1)C2,CHEMBL142703,=,=,3.5,3.5,3.5,8.455931955649724
N[C@@H](CCN1CCC[C@H]1CNC(=O)c1ccccc1)Cc1ccccc1F,CHEMBL567263,=,=,90.0,0.09,90.0,7.045757490560675
N[C@@H](CCN1CCC[C@H]1c1nc(-c2ccccc2)no1)Cc1ccccc1F,CHEMBL566460,=,=,31.0,0.031,31.0,7.508638306165727
N[C@@H](CCN1CCC[C@H]1c1noc(-c2ccccc2)n1)Cc1ccccc1F,CHEMBL585663,=,=,90.0,0.09,90.0,7.045757490560675
N[C@@H](CCN1CCC[C@H]1c1ncn(-c2ccccc2)n1)Cc1ccccc1F,CHEMBL565613,=,=,62.0,0.062,62.0,7.207608310501746
N[C@@H](CCN1CCC[C@H]1c1nnc(-c2ccccc2)o1)Cc1ccccc1F,CHEMBL584276,=,=,120.0,0.12,120.0,6.920818753952375
N[C@@H](CCN1CCC[C@H]1c1nc(-c2ccccc2)co1)Cc1ccccc1F,CHEMBL566617,=,=,76.0,0.076,76.0,7.119186407719209
N[C@@H](CCN1CCC[C@H]1c1ccn(-c2ccccc2)n1)Cc1ccccc1F,CHEMBL565999,=,=,180.0,0.18,180.0,6.7447274948966935
N[C@@H](CCN1CCC[C@H]1c1cn(-c2ccccc2)nn1)Cc1ccccc1F,CHEMBL566854,=,=,130.0,0.13,130.0,6.886056647693163
Nc1ncnc2c1ncn2[C@@H]1O[C@H](CO)[C@@H](O)[C@@H]1O,CHEMBL1090,=,=,62.0,62.0,62.0,7.207608310501746
N[C@@H](CC(=O)N1CCC[C@H]1c1nc(C2CC2)no1)Cc1cc(F)c(F)cc1F,CHEMBL567278,=,=,7.0,0.007,7.0,8.154901959985743
CC(C)(C)c1noc([C@@H]2CCCN2C(=O)C[C@H](N)Cc2cc(F)c(F)cc2F)n1,CHEMBL565633,=,=,2.0,0.002,2.0,8.698970004336019
N[C@@H](CC(=O)N1CCC[C@H]1c1nc(CC2CC2)no1)Cc1cc(F)c(F)cc1F,CHEMBL566672,=,=,3.0,0.003,3.0,8.522878745280337
N[C@@H](CC(=O)N1CCC[C@H]1c1nc(C2(C(F)(F)F)CC2)no1)Cc1cc(F)c(F)cc1F,CHEMBL565813,=,=,2.0,0.002,2.0,8.698970004336019
N[C@@H](CC(=O)N1CCC[C@H]1c1nc(N2CCOCC2)no1)Cc1cc(F)c(F)cc1F,CHEMBL585129,=,=,4.0,0.004,4.0,8.397940008672037
N[C@@H](CC(=O)N1CCC[C@H]1c1nc(N2CCCC2)no1)Cc1cc(F)c(F)cc1F,CHEMBL566616,=,=,4.0,0.004,4.0,8.397940008672037
CS(=O)(=O)N1CC(c2noc([C@@H]3CCCN3C(=O)C[C@H](N)Cc3cc(F)c(F)cc3F)n2)C1,CHEMBL566425,=,=,1.0,0.001,1.0,9.0
CC(=O)N1CC(c2noc([C@@H]3CCCN3C(=O)C[C@H](N)Cc3cc(F)c(F)cc3F)n2)C1,CHEMBL567279,=,=,5.0,0.005,5.0,8.301029995663981
N[C@@H](CC(=O)N1CCC[C@H]1c1nc(-c2ccccn2)no1)Cc1cc(F)c(F)cc1F,CHEMBL584494,=,=,10.0,0.01,10.0,8.0
N[C@@H](CC(=O)N1CCC[C@H]1c1nc(-c2cnccn2)no1)Cc1cc(F)c(F)cc1F,CHEMBL566628,=,=,2.0,0.002,2.0,8.698970004336019
N[C@@H](CC(=O)N1CCC[C@H]1c1nc(-c2ncccn2)no1)Cc1cc(F)c(F)cc1F,CHEMBL567727,=,=,4.0,0.004,4.0,8.397940008672037
N[C@@H](CC(=O)N1CCC[C@H]1c1nc(-c2ncc(F)cc2F)no1)Cc1cc(F)c(F)cc1F,CHEMBL566829,=,=,3.0,0.003,3.0,8.522878745280337
N[C@@H](CC(=O)N1CCC[C@H]1c1noc(C2CC2)n1)Cc1cc(F)c(F)cc1F,CHEMBL566419,=,=,17.0,0.017,17.0,7.769551078621726
N[C@@H](CC(=O)N1CCC[C@H]1c1noc(C2(C(F)(F)F)CC2)n1)Cc1cc(F)c(F)cc1F,CHEMBL584692,=,=,11.0,0.011,11.0,7.958607314841775
N[C@@H](CC(=O)N1CCC[C@H]1c1noc(C2(O)CC2)n1)Cc1cc(F)c(F)cc1F,CHEMBL584698,=,=,17.0,0.017,17.0,7.769551078621726
N[C@@H](CC(=O)N1CCC[C@H]1c1noc(C2(F)CC2)n1)Cc1cc(F)c(F)cc1F,CHEMBL585290,=,=,22.0,0.022,22.0,7.657577319177793
CC(C)(F)c1nc([C@@H]2CCCN2C(=O)C[C@H](N)Cc2cc(F)c(F)cc2F)no1,CHEMBL567728,=,=,16.0,0.016,16.0,7.795880017344075
CC1(c2nc([C@@H]3CCCN3C(=O)C[C@H](N)Cc3cc(F)c(F)cc3F)no2)COC1,CHEMBL565600,=,=,2.0,0.002,2.0,8.698970004336019
N[C@@H](CC(=O)N1CCC[C@H]1c1ncn(-c2ccccn2)n1)Cc1cc(F)c(F)cc1F,CHEMBL567270,=,=,28.0,0.028,28.0,7.552841968657781
CC(C)(C)c1nc([C@@H]2CCCN2C(=O)C[C@H](N)Cc2cc(F)c(F)cc2F)no1,CHEMBL568111,=,=,32.0,0.032,32.0,7.494850021680094
COC(=O)[C@@H]1CCCN1C(=O)[C@@H](Cc1ccccc1)N(C)C(=O)[C@H](C)NC(=O)[C@@H](NC(=O)C[C@H](O)[C@H](CC(C)C)NC(=O)[C@H](CC(N)=O)NC(=O)[C@H](CC(C)C)NC(=O)[C@H](OC(=O)[C@@H](OC(=O)[C@H](C(C)C)N(C)C)C(C)C)C(C)C)[C@@H](C)O,CHEMBL567893,=,=,10000.0,10.0,10000.0,5.0
COc1cc2c(cc1OC)C1CC(N)C(N3CCCC3=O)CN1CC2,CHEMBL590326,=,=,510.0,510.0,510.0,6.292429823902063
COc1cc2c(cc1OC)C1CC(N)C(N3CCCCC3=O)CN1CC2,CHEMBL592779,=,=,30.0,30.0,30.0,7.522878745280337
COc1cc2c(cc1OC)[C@@H]1C[C@H](N)[C@@H](N3CCCCC3=O)CN1CC2,CHEMBL592778,=,=,22.0,22.0,22.0,7.657577319177793
COc1cc2c(cc1OC)[C@H]1C[C@@H](N)[C@H](N3CCCCC3=O)CN1CC2,CHEMBL600440,=,=,7800.0,7800.0,7800.0,5.107905397309519
COc1cc2c(cc1OC)C1CC(N)C(N3CCCCCC3=O)CN1CC2,CHEMBL592547,=,=,430.0,430.0,430.0,6.366531544420413
COc1cc2c(cc1OC)C1CC(N)C(N3CCC[S+]3[O-])CN1CC2,CHEMBL605285,=,=,1330.0,1330.0,1330.0,5.876148359032914
COc1cc2c(cc1OC)C1CC(N)C(N3CCCC[S+]3[O-])CN1CC2,CHEMBL589598,=,=,142.0,142.0,142.0,6.847711655616944
COc1cc2c(cc1OC)C1CC(N)C(N3CCOC3=O)CN1CC2,CHEMBL590330,=,=,1150.0,1150.0,1150.0,5.939302159646388
COc1cc2c(cc1OC)C1CC(N)C(N3CCCOC3=O)CN1CC2,CHEMBL600045,=,=,142.0,142.0,142.0,6.847711655616944
COc1cc2c(cc1OC)C1CC(N)C(N3CCC(C)CC3=O)CN1CC2,CHEMBL590086,=,=,19.0,19.0,19.0,7.721246399047171
COc1cc2c(cc1OC)C1CC(N)C(N3CC(C)CCC3=O)CN1CC2,CHEMBL590329,=,=,3.7,3.7,3.7,8.431798275933005
COc1cc2c(cc1OC)C1CC(N)C(N3CC(C)CC3=O)CN1CC2,CHEMBL590812,=,=,9.3,9.3,9.3,8.031517051446064
CCC1CC(=O)N(C2CN3CCc4cc(OC)c(OC)cc4C3CC2N)C1,CHEMBL601074,=,=,13.0,13.0,13.0,7.886056647693163
COc1cc2c(cc1OC)C1CC(N)C(N3CCC(C)C3=O)CN1CC2,CHEMBL591060,=,=,10000.0,10000.0,10000.0,5.0
COc1cc2c(cc1OC)C1CC(N)C(N3C(=O)CCC3C)CN1CC2,CHEMBL591289,=,=,2200.0,2200.0,2200.0,5.657577319177793
COc1cc2c(cc1OC)[C@@H]1C[C@H](N)[C@@H](N3C[C@@H](C)CC3=O)CN1CC2,CHEMBL591290,=,=,13.0,13.0,13.0,7.886056647693163
COc1cc2c(cc1OC)[C@@H]1C[C@H](N)[C@@H](N3C[C@H](C)CC3=O)CN1CC2,CHEMBL591291,=,=,2.6,2.6,2.6,8.585026652029182
COc1cc2c(cc1OC)[C@@H]1C[C@H](N)[C@@H](N3C[C@@H](CF)CC3=O)CN1CC2,CHEMBL591118,=,=,6.8,6.8,6.8,8.167491087293763
COc1cc2c(cc1OC)[C@@H]1C[C@H](N)[C@@H](N3C[C@H](CF)CC3=O)CN1CC2,CHEMBL591117,=,=,3.6,3.6,3.6,8.443697499232712
CCc1cccc([C@H]2CN3CCc4cc(OC)c(OC)cc4[C@@H]3CC2N)c1,CHEMBL591982,=,=,61.0,61.0,61.0,7.214670164989233
COc1cc2c(cc1OC)[C@@H]1CC(N)[C@@H](c3cccc(C4CC4)c3)CN1CC2,CHEMBL591277,=,=,38.0,38.0,38.0,7.42021640338319
COc1cc2c(cc1OC)[C@@H]1CC(N)[C@@H](c3cccc(C(C)C)c3)CN1CC2,CHEMBL591278,=,=,5500.0,5500.0,5500.0,5.259637310505756
COc1cc2c(cc1OC)[C@@H]1CC(N)[C@@H](c3cccc(CF)c3)CN1CC2,CHEMBL591279,=,=,0.5,0.5,0.5,9.301029995663981
COc1cc2c(cc1OC)[C@@H]1CC(N)[C@@H](c3cc(C)ccc3C)CN1CC2,CHEMBL601937,=,=,1.7,1.7,1.7,8.769551078621726
COc1cc2c(cc1OC)[C@@H]1CC(N)[C@@H](c3cc(CF)ccn3)CN1CC2,CHEMBL598470,=,=,1.2,1.2,1.2,8.920818753952375
COc1cc2c(cc1OC)[C@@H]1C[C@H](N)[C@@H](c3cc(C)ccn3)CN1CC2,CHEMBL590557,=,=,11.0,11.0,11.0,7.958607314841775
COc1cc2c(cc1OC)[C@H]1C[C@@H](N)[C@H](c3cc(C)ccn3)CN1CC2,CHEMBL598754,=,=,53000.0,53000.0,53000.0,4.275724130399211
COc1cc2c(cc1OC)[C@@H]1CC(N)[C@@H](c3cc(C)ccn3)CN1CC2,CHEMBL598755,=,=,19.0,19.0,19.0,7.721246399047171
N#C[C@@H]1CCCN1C(=O)CNC12CC3CC(CC(O)(C3)C1)C2,CHEMBL142703,=,=,9.0,0.009,9.0,8.045757490560675
Cl.N#C[C@@H]1CCCN1C(=O)CN[C@H]1C[C@H]2C[C@@H](O)C[C@H]2C1,CHEMBL1083589,=,=,12.0,0.012,12.0,7.920818753952375
CO[C@H]1C[C@H]2C[C@@H](NCC(=O)N3CCC[C@H]3C#N)C[C@H]2C1.Cl,CHEMBL1082653,=,=,8.0,0.008,8.0,8.096910013008056
CCO[C@H]1C[C@H]2C[C@@H](NCC(=O)N3CCC[C@H]3C#N)C[C@H]2C1.Cl,CHEMBL1082654,=,=,59.0,0.059,59.0,7.229147988357855
CN(C)C(=O)O[C@H]1C[C@H]2C[C@@H](NCC(=O)N3CCC[C@H]3C#N)C[C@H]2C1.Cl,CHEMBL1082973,=,=,65.0,0.065,65.0,7.187086643357144
CCN(CC)C(=O)O[C@H]1C[C@H]2C[C@@H](NCC(=O)N3CCC[C@H]3C#N)C[C@H]2C1.Cl,CHEMBL1082974,=,=,80.0,0.08,80.0,7.096910013008056
CC(C)NC(=O)O[C@H]1C[C@H]2C[C@@H](NCC(=O)N3CCC[C@H]3C#N)C[C@H]2C1.Cl,CHEMBL1083916,=,=,204.0,0.204,204.0,6.690369832574101
CC(C)(C)NC(=O)O[C@H]1C[C@H]2C[C@@H](NCC(=O)N3CCC[C@H]3C#N)C[C@H]2C1.Cl,CHEMBL1084473,=,=,326.0,0.326,326.0,6.486782399932061
Cl.N#C[C@@H]1CCCN1C(=O)CN[C@@H]1C[C@@H]2C[C@H](OC(=O)Nc3ccccc3)C[C@@H]2C1,CHEMBL1082345,=,=,121.0,0.121,121.0,6.917214629683549
CO[C@@H]1C[C@H]2C[C@@H](NCC(=O)N3CCC[C@H]3C#N)C[C@H]2C1.Cl,CHEMBL1082346,=,=,27.0,0.027,27.0,7.568636235841012
CO[C@@H]1C[C@H]2C[C@H](NCC(=O)N3CCC[C@H]3C#N)C[C@H]2C1.Cl,CHEMBL1082347,=,=,27.0,0.027,27.0,7.568636235841012
CO[C@H]1C[C@H]2C[C@H](NCC(=O)N3CCC[C@H]3C#N)C[C@H]2C1.Cl,CHEMBL1082348,=,=,47.0,0.047,47.0,7.327902142064282
CC(=O)O[C@H]1C[C@H]2C[C@@H](NCC(=O)N3CCC[C@H]3C#N)C[C@H]2C1.Cl,CHEMBL1082350,=,=,32.0,0.032,32.0,7.494850021680094
COc1ccc(NC(=O)CC(C)(C)NCC(=O)N2C[C@@H](F)C[C@H]2C#N)nc1,CHEMBL1085552,=,=,19.0,0.019,19.0,7.721246399047171
CC(C)(CC(=O)Nc1ccccn1)NCC(=O)N1C[C@@H](F)C[C@H]1C#N,CHEMBL1085306,=,=,19.0,0.019,19.0,7.721246399047171
COc1ccc(NC(=O)CC(C)(C)NCC(=O)N2C[C@@H](F)C[C@H]2C#N)cc1OC,CHEMBL1085305,=,=,27.0,0.027,27.0,7.568636235841012
CC(C)(CC(=O)NC1CCCC1)NCC(=O)N1C[C@@H](F)C[C@H]1C#N,CHEMBL1084972,=,=,29.0,0.029,29.0,7.537602002101044
CC(C)(CC(=O)N1C2CCC1CC2)NCC(=O)N1C[C@@H](F)C[C@H]1C#N,CHEMBL1084601,=,=,66.0,0.066,66.0,7.180456064458131
CC(C)(CC(=O)N1CCCCCC1)NCC(=O)N1C[C@@H](F)C[C@H]1C#N,CHEMBL1085598,=,=,160.0,0.16,160.0,6.795880017344075
CCOC(=O)N1CCN(C(=O)CC(C)(C)NCC(=O)N2C[C@@H](F)C[C@H]2C#N)CC1,CHEMBL1085597,=,=,63.0,0.063,63.0,7.200659450546418
CN1CCN(C(=O)CC(C)(C)NCC(=O)N2C[C@@H](F)C[C@H]2C#N)CC1,CHEMBL1085596,=,=,93.0,0.093,93.0,7.031517051446065
CC(C)(CC(=O)N1CCN(S(C)(=O)=O)CC1)NCC(=O)N1C[C@@H](F)C[C@H]1C#N,CHEMBL1085595,=,=,24.0,0.024,24.0,7.619788758288394
CC(C)(CC(=O)N1CCOCC1)NCC(=O)N1C[C@@H](F)C[C@H]1C#N,CHEMBL1085333,=,=,20.0,0.02,20.0,7.698970004336019
CC(C)(CC(=O)N1CCC(=O)CC1)NCC(=O)N1C[C@@H](F)C[C@H]1C#N,CHEMBL1085332,=,=,26.0,0.026,26.0,7.585026652029182
CC(C)(CC(=O)N1CC=CCC1)NCC(=O)N1C[C@@H](F)C[C@H]1C#N,CHEMBL1085075,=,=,18.0,0.018,18.0,7.7447274948966935
CC(C)(CC(=O)N1CCCCC1)NCC(=O)N1C[C@@H](F)C[C@H]1C#N,CHEMBL1085074,=,=,27.0,0.027,27.0,7.568636235841012
CC(C)(CC(=O)N1CCSC1)NCC(=O)N1C[C@@H](F)C[C@H]1C#N,CHEMBL1085580,=,=,27.0,0.027,27.0,7.568636235841012
C[C@@H]1CCCN1C(=O)CC(C)(C)NCC(=O)N1C[C@@H](F)C[C@H]1C#N,CHEMBL1085579,=,=,32.0,0.032,32.0,7.494850021680094
CC(C)(CC(=O)N1CCC[C@H]1CO)NCC(=O)N1C[C@@H](F)C[C@H]1C#N,CHEMBL1086039,=,=,24.0,0.024,24.0,7.619788758288394
CC(C)(CC(=O)N1CC[C@@H](F)C1)NCC(=O)N1C[C@@H](F)C[C@H]1C#N,CHEMBL1082465,=,=,39.0,0.039,39.0,7.4089353929735005
CC(C)(CC(=O)N1CC[C@H](O)C1)NCC(=O)N1C[C@@H](F)C[C@H]1C#N,CHEMBL1082464,=,=,50.0,0.05,50.0,7.301029995663981
CC(C)(CC(=O)N1CC[C@@H](O)C1)NCC(=O)N1C[C@@H](F)C[C@H]1C#N,CHEMBL1082463,=,=,30.0,0.03,30.0,7.522878745280337
CC(C)(CC(=O)N1CCCC1)NCC(=O)N1C[C@@H](F)C[C@H]1C#N,CHEMBL1082462,=,=,15.0,0.015,15.0,7.823908740944319
CC(C)(CC(=O)N1CC[C@@H](O)C1)NCC(=O)N1CCC[C@H]1C#N,CHEMBL1086502,=,=,180.0,0.18,180.0,6.7447274948966935
CC(C)(CC(=O)N1CCCC1)NCC(=O)N1CCC[C@H]1C#N,CHEMBL1082997,=,=,71.0,0.071,71.0,7.1487416512809245
C#C[C@@H]1C[C@H](F)CN1C(=O)CC(C)(C)CC(=O)N[C@H]1C[C@@H]1c1cccc(Cl)c1,CHEMBL1082996,=,=,15.0,0.015,15.0,7.823908740944319
COc1ccc(NC(=O)CC(C)(C)NCC(=O)N2CCC[C@H]2C#N)cc1OC,CHEMBL217198,=,=,116.0,0.116,116.0,6.935542010773082
CC(C)(CC(=O)N1Cc2ccccc2C1)NCC(=O)N1CCC[C@H]1C#N,CHEMBL201644,=,=,15.0,0.015,15.0,7.823908740944319
N#C[C@@H]1C[C@@H]2C[C@@H]2N1C(=O)[C@@H](N)C12CC3CC(CC(O)(C3)C1)C2,CHEMBL385517,=,=,3.4,0.0034,3.4,8.468521082957745
N#C[C@@H]1CCCN1C(=O)CNC12CC3CC(CC(O)(C3)C1)C2,CHEMBL142703,=,=,51.0,0.051,51.0,7.292429823902063
N[C@@H](CC(=O)N1CCn2c(nnc2C(F)(F)F)C1)Cc1cc(F)c(F)cc1F,CHEMBL1422,=,=,30.0,0.03,30.0,7.522878745280337
C#C[C@@H]1C[C@H](F)CN1C(=O)CC(C)(C)CC(=O)N[C@H]1C[C@@H]1c1cccc(Cl)c1,CHEMBL1082996,=,=,847.0,847.0,847.0,6.072116589669293
N[C@@H](CC(=O)N1CCn2c(nnc2C(F)(F)F)C1)Cc1cc(F)c(F)cc1F,CHEMBL1422,=,=,18.0,18.0,18.0,7.7447274948966935
N#C[C@@H]1CCCN1C(=O)CNC12CC3CC(CC(O)(C3)C1)C2,CHEMBL142703,=,=,17.0,17.0,17.0,7.769551078621726
CC(C)(CC(=O)N1CCCC1)NCC(=O)N1C[C@@H](F)C[C@H]1C#N,CHEMBL1082462,=,=,5.0,5.0,5.0,8.301029995663981
CC(C)(CC(=O)N1CC[C@@H](O)C1)NCC(=O)N1C[C@@H](F)C[C@H]1C#N,CHEMBL1082463,=,=,21.0,21.0,21.0,7.6777807052660805
CC(C)(CC(=O)N1CCCCC1)NCC(=O)N1C[C@@H](F)C[C@H]1C#N,CHEMBL1085074,=,=,14.0,14.0,14.0,7.853871964321762
CC(C)(CC(=O)N1CCOCC1)NCC(=O)N1C[C@@H](F)C[C@H]1C#N,CHEMBL1085333,=,=,13.0,13.0,13.0,7.886056647693163
CC(C)(CC(=O)N1CCN(S(C)(=O)=O)CC1)NCC(=O)N1C[C@@H](F)C[C@H]1C#N,CHEMBL1085595,=,=,15.0,15.0,15.0,7.823908740944319
CC(C)(CC(=O)Nc1ccccn1)NCC(=O)N1C[C@@H](F)C[C@H]1C#N,CHEMBL1085306,=,=,19.0,19.0,19.0,7.721246399047171
COc1ccc(NC(=O)CC(C)(C)NCC(=O)N2C[C@@H](F)C[C@H]2C#N)nc1,CHEMBL1085552,=,=,18.0,18.0,18.0,7.7447274948966935
C#C[C@@H]1C[C@H](F)CN1C(=O)CC(C)(C)CC(=O)N[C@H]1C[C@@H]1c1cccc(Cl)c1,CHEMBL1082996,=,=,210.0,210.0,210.0,6.6777807052660805
N[C@@H](CC(=O)N1CCn2c(nnc2C(F)(F)F)C1)Cc1cc(F)c(F)cc1F,CHEMBL1422,=,=,46.0,46.0,46.0,7.337242168318426
N#C[C@@H]1CCCN1C(=O)CNC12CC3CC(CC(O)(C3)C1)C2,CHEMBL142703,=,=,16.0,16.0,16.0,7.795880017344075
CC(C)(CC(=O)N1CCCC1)NCC(=O)N1C[C@@H](F)C[C@H]1C#N,CHEMBL1082462,=,=,10.0,10.0,10.0,8.0
CC(C)(CC(=O)N1CC[C@@H](O)C1)NCC(=O)N1C[C@@H](F)C[C@H]1C#N,CHEMBL1082463,=,=,23.0,23.0,23.0,7.638272163982407
CC(C)(CC(=O)N1CCOCC1)NCC(=O)N1C[C@@H](F)C[C@H]1C#N,CHEMBL1085333,=,=,14.0,14.0,14.0,7.853871964321762
CC(C)(CC(=O)Nc1ccccn1)NCC(=O)N1C[C@@H](F)C[C@H]1C#N,CHEMBL1085306,=,=,24.0,24.0,24.0,7.619788758288394
CN(C)C(=O)N1C[C@H]2C[C@@H](NCC(=O)N3CCC[C@H]3C#N)C[C@H]2C1,CHEMBL1085269,=,=,9.0,0.009,9.0,8.045757490560675
CC(C)NC(=O)N1C[C@H]2C[C@@H](NCC(=O)N3CCC[C@H]3C#N)C[C@H]2C1,CHEMBL1085522,=,=,120.0,0.12,120.0,6.920818753952375
N#C[C@@H]1CCCN1C(=O)CN[C@@H]1C[C@@H]2CN(C(=O)N3CCCC3)C[C@@H]2C1,CHEMBL1082707,=,=,39.0,0.039,39.0,7.4089353929735005
N#C[C@@H]1CCCN1C(=O)CN[C@@H]1C[C@@H]2CN(C(=O)N3CCCCC3)C[C@@H]2C1,CHEMBL1082708,=,=,69.0,0.069,69.0,7.161150909262744
N#C[C@@H]1CCCN1C(=O)CN[C@@H]1C[C@@H]2CN(C(=O)N3CCOCC3)C[C@@H]2C1,CHEMBL1082716,=,=,50.0,0.05,50.0,7.301029995663981
COC(=O)N1C[C@H]2C[C@@H](NCC(=O)N3CCC[C@H]3C#N)C[C@H]2C1,CHEMBL1083031,=,=,24.0,0.024,24.0,7.619788758288394
N#C[C@@H]1CCCN1C(=O)CN[C@@H]1C[C@@H]2CN(C(=O)CO)C[C@@H]2C1,CHEMBL1083032,=,=,14.0,0.014,14.0,7.853871964321762
CN(C)C(=O)N1C[C@H]2C[C@H](NCC(=O)N3CCC[C@H]3C#N)C[C@H]2C1,CHEMBL1086466,=,=,83.0,0.083,83.0,7.080921907623926
CN(C)C(=O)N1C[C@@H]2C[C@](C)(NCC(=O)N3CCC[C@H]3C#N)C[C@@H]2C1,CHEMBL1083287,=,=,13.0,0.013,13.0,7.886056647693163
CN(C)C(=O)N1C[C@@H]2C[C@@](C)(NCC(=O)N3CCC[C@H]3C#N)C[C@@H]2C1,CHEMBL1083588,=,=,13.0,0.013,13.0,7.886056647693163
N[C@@H](CC(=O)N1CCn2c(nnc2C(F)(F)F)C1)Cc1cc(F)c(F)cc1F,CHEMBL1422,=,=,23.0,0.023,23.0,7.638272163982407
N#C[C@@H]1CCCN1C(=O)CNC12CC3CC(CC(O)(C3)C1)C2,CHEMBL142703,=,=,56.0,0.056,56.0,7.251811972993799
O=C1c2ccccc2CN1CC(=O)N1CCC[C@H]1B(O)O,CHEMBL387050,=,=,8000.0,8.0,8000.0,5.096910013008056
N#C[C@@H]1CCCN1C(=O)[C@@H](N)CCCN1Cc2ccccc2C1=O,CHEMBL1243372,=,=,10.0,0.01,10.0,8.0
O=C1N[C@H](C(=O)N2CCC[C@H]2B(O)O)C[C@H]1CC(=O)N1Cc2ccccc2C1,CHEMBL1243184,=,=,570.0,0.57,570.0,6.2441251443275085
N[C@@H](CC(=O)N1CCN2C(=O)OCC2C1)Cc1cc(F)c(F)cc1F.O=C(O)/C=C/C(=O)O,CHEMBL1276590,=,=,2300.0,2300.0,2300.0,5.638272163982407
CN1CC2CN(C(=O)C[C@H](N)Cc3cc(F)c(F)cc3F)CCN2C1=O.O=C(O)/C=C/C(=O)O,CHEMBL1276619,=,=,1240.0,1240.0,1240.0,5.906578314837764
N[C@@H](CC(=O)N1CCN2C(=O)N(Cc3ccc(F)cc3)CC2C1)Cc1cc(F)c(F)cc1F.O=C(O)/C=C/C(=O)O,CHEMBL1276682,=,=,1236.0,1236.0,1236.0,5.907981529247203
N[C@@H](CC(=O)N1CCN2C(=O)NCC2C1)Cc1cc(F)c(F)cc1F.O=C(O)/C=C/C(=O)O,CHEMBL1276591,=,=,1060.0,1060.0,1060.0,5.97469413473523
CCN1CC2CN(C(=O)C[C@H](N)Cc3cc(F)c(F)cc3F)CCN2C1=O.O=C(O)/C=C/C(=O)O,CHEMBL1276620,=,=,460.0,460.0,460.0,6.337242168318426
COc1ccc(CN2CC3CN(C(=O)C[C@H](N)Cc4cc(F)c(F)cc4F)CCN3C2=O)cc1.O=C(O)/C=C/C(=O)O,CHEMBL1275851,=,=,360.0,360.0,360.0,6.443697499232712
N[C@@H](CC(=O)N1CCN2C(=O)N(Cc3ccccc3)CC2C1)Cc1cc(F)c(F)cc1F.O=C(O)/C=C/C(=O)O,CHEMBL1276650,=,=,300.0,300.0,300.0,6.522878745280337
COc1cccc(CN2CC3CN(C(=O)C[C@H](N)Cc4cc(F)c(F)cc4F)CCN3C2=O)c1.O=C(O)/C=C/C(=O)O,CHEMBL1275853,=,=,124.0,124.0,124.0,6.906578314837764
COc1cc(CN2CC3CN(C(=O)C[C@H](N)Cc4cc(F)c(F)cc4F)CCN3C2=O)cc(OC)c1.O=C(O)/C=C/C(=O)O,CHEMBL1275854,=,=,114.0,114.0,114.0,6.943095148663527
COc1ccccc1CN1CC2CN(C(=O)C[C@H](N)Cc3cc(F)c(F)cc3F)CCN2C1=O.O=C(O)/C=C/C(=O)O,CHEMBL1275852,=,=,101.0,101.0,101.0,6.995678626217357
Cl.Cn1c(=O)[nH]c2cc(N3CCC[C@@](C)(N)C3)n(Cc3ccccc3)c2c1=O,CHEMBL1288231,=,=,1.8,1.8,1.8,8.744727494896694
Cl.Cn1c(=O)c2c(cc(N3CCC[C@@](C)(N)C3)n2Cc2ccccc2C#N)n(C)c1=O,CHEMBL1288232,=,=,36.0,36.0,36.0,7.443697499232712
Cl.Cn1c(=O)c2c(cc(N3CCC[C@@](C)(N)C3)n2Cc2cc(F)ccc2Cl)n(C)c1=O,CHEMBL1288260,=,=,28.0,28.0,28.0,7.552841968657781
Cc1ccc(F)cc1Cn1c(N2CCC[C@@](C)(N)C2)cc2c1c(=O)n(C)c(=O)n2C.Cl,CHEMBL1288261,=,=,27.0,27.0,27.0,7.568636235841012
CCn1c(=O)n(C)c(=O)c2c1cc(N1CCC[C@@](C)(N)C1)n2Cc1cc(F)ccc1C#N.Cl,CHEMBL1288288,=,=,12.0,12.0,12.0,7.920818753952375
CN(C)C(=O)Cn1c(=O)n(C)c(=O)c2c1cc(N1CCC[C@@](C)(N)C1)n2Cc1cc(F)ccc1Cl.Cl,CHEMBL1288289,=,=,13.0,13.0,13.0,7.886056647693163
Cl.Cn1c(=O)c2c(cc(N3CCC[C@@](C)(N)C3)n2Cc2cc(F)ccc2Cl)n(CCCO)c1=O,CHEMBL1287844,=,=,23.0,23.0,23.0,7.638272163982407
CCOCCCn1c(=O)n(C)c(=O)c2c1cc(N1CCC[C@@](C)(N)C1)n2Cc1cc(F)ccc1Cl.Cl,CHEMBL1287845,=,=,122.0,122.0,122.0,6.913640169325252
Cl.Cn1cnc2cc(N3CCC[C@@](C)(N)C3)n(Cc3cc(F)ccc3Cl)c2c1=O,CHEMBL1287874,=,=,103.0,103.0,103.0,6.987162775294828
Cl.Cn1cnc2cc(N3CCC[C@@](C)(N)C3)n(Cc3cc(F)ccc3C#N)c2c1=O,CHEMBL1287875,=,=,87.0,87.0,87.0,7.060480747381382
Cc1ccc(F)cc1Cn1c(N2CCC[C@@](C)(N)C2)cc2ncn(C)c(=O)c21.Cl,CHEMBL1287901,=,=,23.0,23.0,23.0,7.638272163982407
Cl.Cn1cnc2cc(N3CCC[C@@](C)(N)C3)n(Cc3ccccc3C#N)c2c1=O,CHEMBL1287902,=,=,151.0,151.0,151.0,6.821023052706831
COC(=O)c1cccc(NC(=O)Cc2c(C)nc(CC(C)C)c(CN)c2-c2ccc(C)cc2)c1.Cl.Cl,CHEMBL3216724,=,=,3.7,3.7,3.7,8.431798275933005
Cc1ccc(-c2c(CC(=O)Nc3cccc(C(=O)O)c3)c(C)nc(CC(C)C)c2CN)cc1.Cl.Cl,CHEMBL3216940,=,=,19.0,19.0,19.0,7.721246399047171
Cc1ccc(-c2c(CC(=O)Nc3cccc(C(N)=O)c3)c(C)nc(CC(C)C)c2CN)cc1.Cl.Cl,CHEMBL3216270,=,=,8.1,8.1,8.1,8.09151498112135
CC(=O)c1cccc(NC(=O)Cc2c(C)nc(CC(C)C)c(CN)c2-c2ccc(C)cc2)c1.Cl.Cl,CHEMBL3215827,=,=,1.8,1.8,1.8,8.744727494896694
COC(=O)c1ccccc1NC(=O)Cc1c(C)nc(CC(C)C)c(CN)c1-c1ccc(C)cc1.Cl.Cl,CHEMBL3216271,=,=,19.0,19.0,19.0,7.721246399047171
COC(=O)c1cscc1NC(=O)Cc1c(C)nc(CC(C)C)c(CN)c1-c1ccc(C)cc1.Cl.Cl,CHEMBL3216483,=,=,23.0,23.0,23.0,7.638272163982407
Cc1ccc(-c2c(CC(=O)Nc3cscc3C(=O)O)c(C)nc(CC(C)C)c2CN)cc1.Cl.Cl,CHEMBL3216272,=,=,30.0,30.0,30.0,7.522878745280337
Cc1ccc(-c2c(CC(=O)Nc3cccc([S+](C)[O-])c3)c(C)nc(CC(C)C)c2CN)cc1.Cl,CHEMBL1644844,=,=,2.8,2.8,2.8,8.55284196865778
Cc1ccc(-c2c(CC(=O)Nc3cccc(S(C)(=O)=O)c3)c(C)nc(CC(C)C)c2CN)cc1.Cl.Cl,CHEMBL3217158,=,=,8.2,8.2,8.2,8.086186147616283
COC(=O)C1CCN(C(=O)Cc2c(C)nc(CC(C)C)c(CN)c2-c2ccc(C)cc2)C1.Cl.Cl,CHEMBL3215828,=,=,11.0,11.0,11.0,7.958607314841775
Cc1ccc(-c2c(CC(=O)N3CCC(S(C)(=O)=O)C3)c(C)nc(CC(C)C)c2CN)cc1.Cl.Cl,CHEMBL3215611,=,=,53.0,53.0,53.0,7.275724130399211
COC(=O)[C@@H]1CCCN1C(=O)Cc1c(C)nc(CC(C)C)c(CN)c1-c1ccc(C)cc1.Cl.Cl,CHEMBL3216064,=,=,1.1,1.1,1.1,8.958607314841775
Cc1ccc(-c2c(CC(=O)N3CCC[C@H]3C(=O)O)c(C)nc(CC(C)C)c2CN)cc1.Cl.Cl,CHEMBL3216485,=,=,2.9,2.9,2.9,8.537602002101044
Cc1ccc(-c2c(CC(=O)N3CCC[C@H]3C(N)=O)c(C)nc(CC(C)C)c2CN)cc1.Cl.Cl,CHEMBL3216725,=,=,1.1,1.1,1.1,8.958607314841775
COC(=O)[C@H]1CCCN1C(=O)Cc1c(C)nc(CC(C)C)c(CN)c1-c1ccc(C)cc1.Cl.Cl,CHEMBL3216941,=,=,23.0,23.0,23.0,7.638272163982407
Cc1ccc(-c2c(CC(=O)N3CCC[C@@H]3C(=O)O)c(C)nc(CC(C)C)c2CN)cc1.Cl.Cl,CHEMBL3216726,=,=,7.8,7.8,7.8,8.10790539730952
Cc1ccc(-c2c(CC(=O)N3CCC[C@@H]3C(N)=O)c(C)nc(CC(C)C)c2CN)cc1.Cl.Cl,CHEMBL3217159,=,=,12.0,12.0,12.0,7.920818753952375
CNC(=O)Cc1c(C)nc(CC(C)C)c(CN)c1-c1ccc(C)cc1.Cl.Cl,CHEMBL3216727,=,=,69.0,69.0,69.0,7.161150909262744
COC(=O)CNC(=O)Cc1c(C)nc(CC(C)C)c(CN)c1-c1ccc(C)cc1.Cl.Cl,CHEMBL3216942,=,=,17.0,17.0,17.0,7.769551078621726
Cc1ccc(-c2c(CC(=O)NCC(=O)O)c(C)nc(CC(C)C)c2CN)cc1.Cl.Cl,CHEMBL3217160,=,=,73.0,73.0,73.0,7.136677139879544
Cc1ccc(-c2c(CN)c(CC(C)C)nc(C)c2C(=O)O)cc1,CHEMBL1614729,=,=,18.0,18.0,18.0,7.7447274948966935
Cc1ccc(-c2c(CC(=O)N3CCC[C@H]3C(N)=O)c(C)nc(CC(C)C)c2CN)cc1.Cl.Cl,CHEMBL3216725,=,=,1.1,1.1,1.1,8.958607314841775
N#Cc1ccccc1Cn1c(N2CCC[C@@H](N)C2)nc2sccc2c1=O,CHEMBL1651763,=,=,0.87,0.87,0.87,9.060480747381382
Cc1csc2nc(N3CCC[C@@H](N)C3)n(Cc3ccccc3C#N)c(=O)c12,CHEMBL1651764,=,=,1.32,1.32,1.32,8.87942606879415
N#Cc1ccccc1Cn1c(N2CCC[C@@H](N)C2)nc2scc(C(F)(F)F)c2c1=O,CHEMBL1651765,=,=,88.82,88.82,88.82,7.051489231162343
N#Cc1ccccc1Cn1c(N2CCC[C@@H](N)C2)nc2ccsc2c1=O,CHEMBL1651766,=,=,0.33,0.33,0.33,9.481486060122112
Cc1csc2c(=O)n(Cc3ccccc3C#N)c(N3CCC[C@@H](N)C3)nc12,CHEMBL1651767,=,=,1.72,1.72,1.72,8.76447155309245
Cn1c(=O)cc(N2CCC[C@@H](N)C2)n(Cc2ccccc2C#N)c1=O,CHEMBL376359,=,=,3.4,3.4,3.4,8.468521082957745
Cn1c(=O)cc(N2CCC[C@@](C)(N)C2)n(Cc2cc(F)ccc2C#N)c1=O,CHEMBL1650449,=,=,10.0,0.01,10.0,8.0
Cn1c(=O)cc(N2CCCCC(N)C2)n(Cc2ccccc2C#N)c1=O,CHEMBL1650448,=,=,3800.0,3.8,3800.0,5.42021640338319
Cn1c(=O)cc(NC2CCCCNC2)n(Cc2ccccc2C#N)c1=O,CHEMBL1650447,=,=,590.0,0.59,590.0,6.229147988357855
CCn1c(=O)cc(NCCN)n(Cc2ccccc2C#N)c1=O,CHEMBL1650446,=,=,17000.0,17.0,17000.0,4.769551078621726
Cn1c(=O)cc(N2CCC[C@@H](N)C2)n(Cc2c(F)ccc(F)c2Cl)c1=O,CHEMBL1650445,=,=,830.0,0.83,830.0,6.080921907623926
Cn1c(=O)cc(N2CCC[C@@H](N)C2)n(Cc2cc(Cl)ccc2Cl)c1=O,CHEMBL1650444,=,=,27.0,0.027,27.0,7.568636235841012
Cn1c(=O)cc(N2CCC[C@@H](N)C2)n(Cc2cc(F)ccc2C#N)c1=O,CHEMBL1650443,=,=,4.0,0.004,4.0,8.397940008672037
Cn1c(=O)cc(N2CCC[C@@H](N)C2)n(Cc2ccc(F)cc2Cl)c1=O,CHEMBL1650442,=,=,890.0,0.89,890.0,6.050609993355087
Cn1c(=O)cc(N2CCC[C@@H](N)C2)n(Cc2cc(F)ccc2Cl)c1=O,CHEMBL1650441,=,=,14.0,0.014,14.0,7.853871964321762
Cn1c(=O)cc(N2CCC[C@@H](N)C2)n(Cc2cc(F)ccc2Br)c1=O,CHEMBL1650440,=,=,8.0,0.008,8.0,8.096910013008056
Cn1c(=O)cc(N2CCC[C@@H](N)C2)n(Cc2ccccc2Br)c1=O,CHEMBL1650439,=,=,12.0,0.012,12.0,7.920818753952375
N[C@@H]1CCCN(c2cc(=O)[nH]c(=O)n2Cc2ccccc2Br)C1,CHEMBL1650438,=,=,36.0,0.036,36.0,7.443697499232712
CCn1c(=O)cc(N2CCC[C@@H](N)C2)n(Cc2ccccc2C#N)c1=O,CHEMBL1650437,=,=,68.0,0.068,68.0,7.167491087293763
Cn1c(=O)c(Cl)c(N2CCC[C@@H](N)C2)n(Cc2ccccc2C#N)c1=O,CHEMBL1650436,=,=,57.0,0.057,57.0,7.2441251443275085
Cn1c(=O)cc(N2CCC[C@@H](N)C2)n(Cc2ccccc2C#N)c1=O,CHEMBL376359,=,=,7.0,0.007,7.0,8.154901959985743
N#Cc1ccccc1Cn1c(N2CCC[C@@H](N)C2)cc(=O)[nH]c1=O,CHEMBL1650435,=,=,4.0,0.004,4.0,8.397940008672037
N#Cc1ccc(F)cc1Cn1c(N2CCC[C@@H](N)C2)ncc(Br)c1=O,CHEMBL1650434,=,=,6.0,0.006,6.0,8.221848749616356
N#Cc1ccc(F)cc1Cn1c(N2CCC[C@@H](N)C2)ncc(Cl)c1=O,CHEMBL1650433,=,=,8.0,0.008,8.0,8.096910013008056
N#Cc1ccc(F)cc1Cn1c(N2CCC[C@@H](N)C2)ncc(F)c1=O,CHEMBL1650432,=,=,8.0,0.008,8.0,8.096910013008056
N#Cc1cc(F)ccc1Cn1c(N2CCC[C@@H](N)C2)ncc(F)c1=O,CHEMBL1650431,=,=,430.0,0.43,430.0,6.366531544420413
N#Cc1ccsc1Cn1c(N2CCC[C@@H](N)C2)ncc(Br)c1=O,CHEMBL1650430,=,=,3.0,0.003,3.0,8.522878745280337
N#Cc1ccccc1Cn1c(N2CCC[C@@H](N)C2)ncc(/C=C/c2cccnc2)c1=O,CHEMBL1650429,=,=,6.0,0.006,6.0,8.221848749616356
N#Cc1ccccc1Cn1c(N2CCC[C@@H](N)C2)ncc(/C=C/c2ccc(F)cc2)c1=O,CHEMBL1650428,=,=,21.0,0.021,21.0,7.6777807052660805
N#Cc1ccccc1Cn1c(N2CCC[C@@H](N)C2)ncc(/C=C/c2ccccc2)c1=O,CHEMBL1650427,=,=,22.0,0.022,22.0,7.657577319177793
C=Cc1cnc(N2CCC[C@@H](N)C2)n(Cc2ccccc2C#N)c1=O,CHEMBL1650426,=,=,8.0,0.008,8.0,8.096910013008056
CC(C)(C)C#Cc1cnc(N2CCC[C@@H](N)C2)n(Cc2ccccc2C#N)c1=O,CHEMBL1650425,=,=,570.0,0.57,570.0,6.2441251443275085
N#Cc1ccccc1Cn1c(N2CCC[C@@H](N)C2)ncc(C#CCO)c1=O,CHEMBL1650424,=,=,20.0,0.02,20.0,7.698970004336019
CC#Cc1cnc(N2CCC[C@@H](N)C2)n(Cc2ccccc2C#N)c1=O,CHEMBL1650423,=,=,5.0,0.005,5.0,8.301029995663981
C#Cc1cnc(N2CCC[C@@H](N)C2)n(Cc2ccccc2C#N)c1=O,CHEMBL1650422,=,=,5.0,0.005,5.0,8.301029995663981
N#Cc1ccccc1Cn1c(N2CCC[C@@H](N)C2)ncc(N2CCCC2)c1=O,CHEMBL1650421,=,=,200.0,0.2,200.0,6.698970004336019
N#Cc1ccccc1Cn1c(N2CCC[C@@H](N)C2)ncc(-c2cc[nH]c2)c1=O,CHEMBL1650420,=,=,5.0,0.005,5.0,8.301029995663981
Cc1nc(N2CCC[C@@H](N)C2)n(Cc2ccccc2C#N)c(=O)c1-c1ccoc1,CHEMBL1650419,=,=,77.0,0.077,77.0,7.113509274827518
N#Cc1ccccc1Cn1c(N2CCC[C@@H](N)C2)ncc(-c2ccoc2)c1=O,CHEMBL1650418,=,=,12.0,0.012,12.0,7.920818753952375
COc1ccccc1-c1cnc(N2CCC[C@@H](N)C2)n(Cc2ccccc2C#N)c1=O,CHEMBL1650417,=,=,990.0,0.99,990.0,6.004364805402449
N#Cc1ccccc1Cn1c(N2CCC[C@@H](N)C2)ncc(-c2ccccc2F)c1=O,CHEMBL1650416,=,=,240.0,0.24,240.0,6.619788758288394
Cc1nc(N2CCC[C@@H](N)C2)n(Cc2ccccc2C#N)c(=O)c1-c1ccccc1,CHEMBL1650415,=,=,540.0,0.54,540.0,6.267606240177031
N#Cc1ccccc1Cn1c(N2CCC[C@@H](N)C2)ncc(-c2ccccc2)c1=O,CHEMBL1650414,=,=,23.0,0.023,23.0,7.638272163982407
N#Cc1ccccc1Cn1c(N2CCC[C@@H](N)C2)nc2c(c1=O)CCCC2,CHEMBL1650413,=,=,13.0,0.013,13.0,7.886056647693163
N#Cc1ccccc1Cn1c(N2CCC[C@@H](N)C2)nc(-c2ccccc2)cc1=O,CHEMBL1650412,=,=,23.0,0.023,23.0,7.638272163982407
COc1cnc(N2CCC[C@@H](N)C2)n(Cc2ccccc2C#N)c1=O,CHEMBL1650411,=,=,4.0,0.004,4.0,8.397940008672037
CCc1cnc(N2CCC[C@@H](N)C2)n(Cc2ccccc2C#N)c1=O,CHEMBL1650410,=,=,17.0,0.017,17.0,7.769551078621726
Cc1nc(N2CCC[C@@H](N)C2)n(Cc2ccccc2C#N)c(=O)c1C,CHEMBL1650409,=,=,10.0,0.01,10.0,8.0
N#Cc1ccccc1Cn1c(N2CCC[C@@H](N)C2)ncc(I)c1=O,CHEMBL1650408,=,=,6.0,0.006,6.0,8.221848749616356
CC(C)(C)c1nc(N2CCC[C@@H](N)C2)n(Cc2ccccc2C#N)c(=O)c1Br,CHEMBL1650407,=,=,7400.0,7.4,7400.0,5.130768280269024
Cc1nc(N2CCC[C@@H](N)C2)n(Cc2ccccc2C#N)c(=O)c1Br,CHEMBL1650406,=,=,8.0,0.008,8.0,8.096910013008056
N#Cc1ccccc1Cn1c(N2CCC[C@@H](N)C2)ncc(Br)c1=O,CHEMBL1235761,=,=,5.0,0.005,5.0,8.301029995663981
N#Cc1ccccc1Cn1c(N2CCC[C@@H](N)C2)ncc(Cl)c1=O,CHEMBL1650405,=,=,7.0,0.007,7.0,8.154901959985743
N#Cc1ccccc1Cn1c(N2CCC[C@@H](N)C2)nccc1=O,CHEMBL1650403,=,=,14.0,0.014,14.0,7.853871964321762
N#Cc1ccccc1Cn1c(N2CCC[C@@H](N)C2)ncc(F)c1=O,CHEMBL1650404,=,=,6.0,0.006,6.0,8.221848749616356
Cc1ccc(-c2c(CN)c(CC(C)C)nc3ccc(CCC(=O)O)cc23)cc1.Cl.Cl,CHEMBL3216493,=,=,23.0,23.0,23.0,7.638272163982407
Cc1ccc(-c2c(CN)c(CC(C)C)nc3ccc(CCCC(=O)O)cc23)cc1.Cl.Cl,CHEMBL3215844,=,=,8.7,8.7,8.7,8.060480747381382
Cc1ccc(-c2c(CN)c(CC(C)C)nc3ccc(CCCCC(=O)O)cc23)cc1.Cl.Cl,CHEMBL3216279,=,=,9.6,9.6,9.6,8.017728766960431
Cc1ccc(-c2c(CN)c(CC(C)C)nc3ccc(CCCCCC(=O)O)cc23)cc1.Cl.Cl,CHEMBL3216495,=,=,6.6,6.6,6.6,8.18045606445813
Cc1ccc(-c2c(CN)c(CC(C)C)nc3ccc(N4CC(=O)NCC4=O)cc23)cc1.Cl.Cl,CHEMBL3142227,=,=,1.1,1.1,1.1,8.958607314841775
Cc1ccc(-c2c(CN)c(CC(C)C)nc(C)c2C(=O)O)cc1.Cl.Cl,CHEMBL3215845,=,=,18.0,18.0,18.0,7.7447274948966935
Cc1ccc(-c2c(CC(=O)O)c(C)nc(CC(C)C)c2CN)cc1.Cl.Cl,CHEMBL3216734,=,=,20.0,20.0,20.0,7.698970004336019
Cc1ccc(-c2c(CCC(=O)O)c(C)nc(CC(C)C)c2CN)cc1.Cl.Cl,CHEMBL3216954,=,=,39.0,39.0,39.0,7.4089353929735005
Cc1ccc(-c2c(/C=C/C(=O)O)c(C)nc(CC(C)C)c2CN)cc1.Cl.Cl,CHEMBL3216718,=,=,66.0,66.0,66.0,7.180456064458131
CCCc1nc(C)c(C(=O)O)c(-c2ccc(C)cc2)c1CN.Cl.Cl,CHEMBL3216937,=,=,57.0,57.0,57.0,7.2441251443275085
CCCCc1nc(C)c(C(=O)O)c(-c2ccc(C)cc2)c1CN.Cl.Cl,CHEMBL3216477,=,=,58.0,58.0,58.0,7.236572006437063
Cc1ccc(-c2c(CN)c(CC(C)(C)C)nc(C)c2C(=O)O)cc1.Cl.Cl,CHEMBL3216938,=,=,18.0,18.0,18.0,7.7447274948966935
CCc1nc(CC(C)(C)C)c(CN)c(-c2ccc(C)cc2)c1C(=O)O.Cl.Cl,CHEMBL3216719,=,=,5.7,5.7,5.7,8.244125144327509
CCCc1nc(CC(C)(C)C)c(CN)c(-c2ccc(C)cc2)c1C(=O)O.Cl.Cl,CHEMBL3215820,=,=,4.4,4.4,4.4,8.356547323513812
Cc1ccc(-c2c(CN)c(CC(C)(C)C)nc(C(C)C)c2C(=O)O)cc1.Cl.Cl,CHEMBL3215608,=,=,19.0,19.0,19.0,7.721246399047171
Cc1ccc(-c2c(CN)c(CC(C)(C)C)nc(CC(C)C)c2C(=O)O)cc1.Cl.Cl,CHEMBL3215606,=,=,4.6,4.6,4.6,8.337242168318426
Cc1ccc(-c2c(CN)c(CC(C)(C)C)nc(Cc3ccccc3)c2C(=O)O)cc1.Cl.Cl,CHEMBL3216060,=,=,2.5,2.5,2.5,8.602059991327963
Cc1ccc(-c2c(CC(=O)O)c(C)nc(CC(C)(C)C)c2CN)cc1.Cl.Cl,CHEMBL3215607,=,=,10.0,10.0,10.0,8.0
CCc1nc(CC(C)(C)C)c(CN)c(-c2ccc(C)cc2)c1CC(=O)O.O,CHEMBL1672127,=,=,5.3,5.3,5.3,8.275724130399212
Cl.N[C@@H](CC(=O)N1CCSC1C(=O)O)Cc1cc(F)c(F)cc1F,CHEMBL1683476,=,=,601.0,601.0,601.0,6.221125527997261
COC(=O)C1SCCN1C(=O)C[C@H](N)Cc1cc(F)c(F)cc1F.Cl,CHEMBL1683477,=,=,204.0,204.0,204.0,6.690369832574101
Cl.N[C@@H](CC(=O)N1CCSC1C(=O)NCC(=O)O)Cc1cc(F)c(F)cc1F,CHEMBL1683478,=,=,212.0,212.0,212.0,6.673664139071249
CCOC(=O)CNC(=O)C1SCCN1C(=O)C[C@H](N)Cc1cc(F)c(F)cc1F.Cl,CHEMBL1683479,=,=,101.0,101.0,101.0,6.995678626217357
CN(C)C(=O)C1SCCN1C(=O)C[C@H](N)Cc1cc(F)c(F)cc1F.Cl,CHEMBL1683480,=,=,1700.0,1700.0,1700.0,5.769551078621726
Cl.N[C@@H](CC(=O)N1CCSC1C(=O)N1CCOCC1)Cc1cc(F)c(F)cc1F,CHEMBL1683481,=,=,807.0,807.0,807.0,6.09312646527793
Cl.N[C@@H](CC(=O)N1CCSC1C(=O)N1CCNCC1)Cc1cc(F)c(F)cc1F,CHEMBL1683482,=,=,680.0,680.0,680.0,6.167491087293763
Cl.N[C@@H](CC(=O)N1CCSC1C(=O)NCc1ccoc1)Cc1cc(F)c(F)cc1F,CHEMBL1683483,=,=,88.0,88.0,88.0,7.055517327849831
Cl.N[C@@H](CC(=O)N1CCSC1C(=O)NCc1ccccc1)Cc1cc(F)c(F)cc1F,CHEMBL1681806,=,=,77.0,77.0,77.0,7.113509274827518
Cl.N[C@@H](CC(=O)N1CCSC1C(=O)NCc1ccncc1)Cc1cc(F)c(F)cc1F,CHEMBL1683484,=,=,357.0,357.0,357.0,6.447331783887806
N[C@@H](CC(=O)N1CCn2c(nnc2C(F)(F)F)C1)Cc1cc(F)c(F)cc1F,CHEMBL1422,=,=,20.0,20.0,20.0,7.698970004336019
Cl.N[C@@H](CC(=O)N1CCSC1C(=O)NCc1ccc(O)cc1)Cc1cc(F)c(F)cc1F,CHEMBL1683485,=,=,328.0,328.0,328.0,6.484126156288321
Cl.N[C@@H](CC(=O)N1CCSC1C(=O)NCc1ccc(C(=O)O)cc1)Cc1cc(F)c(F)cc1F,CHEMBL1683486,=,=,229.0,229.0,229.0,6.6401645176601125
CCOC(=O)COc1ccc(CNC(=O)C2SCCN2C(=O)C[C@H](N)Cc2cc(F)c(F)cc2F)cc1.Cl,CHEMBL1683487,=,=,41.0,41.0,41.0,7.3872161432802645
Cl.N[C@@H](CC(=O)N1CCSC1C(=O)NCc1ccc(OCC(=O)O)cc1)Cc1cc(F)c(F)cc1F,CHEMBL1683488,=,=,51.0,51.0,51.0,7.292429823902063
CCOC(=O)COc1cccc(CNC(=O)C2SCCN2C(=O)C[C@H](N)Cc2cc(F)c(F)cc2F)c1.Cl,CHEMBL1683489,=,=,95.0,95.0,95.0,7.022276394711152
Cl.N[C@@H](CC(=O)N1CCSC1C(=O)NCc1cccc(OCC(=O)O)c1)Cc1cc(F)c(F)cc1F,CHEMBL1683490,=,=,102.0,102.0,102.0,6.991399828238082
CCOC(=O)C1COc2cc(CNC(=O)C3SCCN3C(=O)C[C@H](N)Cc3cc(F)c(F)cc3F)ccc2O1.Cl,CHEMBL1683491,=,=,112.0,112.0,112.0,6.950781977329818
Cl.N[C@@H](CC(=O)N1CCSC1C(=O)NCc1ccc2c(c1)OCC(C(=O)O)O2)Cc1cc(F)c(F)cc1F,CHEMBL1683492,=,=,192.0,192.0,192.0,6.71669877129645
CCOC(=O)C1Oc2ccc(CNC(=O)C3SCCN3C(=O)C[C@H](N)Cc3cc(F)c(F)cc3F)cc2O1.Cl,CHEMBL1683493,=,=,64.0,64.0,64.0,7.1938200260161125
Cl.N[C@@H](CC(=O)N1CCSC1C(=O)NCc1ccc2c(c1)OC(C(=O)O)O2)Cc1cc(F)c(F)cc1F,CHEMBL1683494,=,=,64.0,64.0,64.0,7.1938200260161125
CC(Oc1ccc(CNC(=O)C2SCCN2C(=O)C[C@H](N)Cc2cc(F)c(F)cc2F)cc1)C(=O)O.Cl,CHEMBL1683495,=,=,216.0,216.0,216.0,6.665546248849069
CC(C)(Oc1ccc(CNC(=O)C2SCCN2C(=O)C[C@H](N)Cc2cc(F)c(F)cc2F)cc1)C(=O)O.Cl,CHEMBL1683496,=,=,56.0,56.0,56.0,7.251811972993799
Cl.N[C@@H](CC(=O)N1CCSC1C(=O)NCc1ccc(OC(Cc2ccccc2)C(=O)O)cc1)Cc1cc(F)c(F)cc1F,CHEMBL1683497,=,=,28.0,28.0,28.0,7.552841968657781
CC(C)C(Oc1ccc(CNC(=O)C2SCCN2C(=O)C[C@H](N)Cc2cc(F)c(F)cc2F)cc1)C(=O)O.Cl,CHEMBL1683498,=,=,6.0,6.0,6.0,8.221848749616356
CCOC(=O)C(Oc1ccc(CNC(=O)C2SCCN2C(=O)C[C@H](N)Cc2cc(F)c(F)cc2F)cc1)C(C)C.Cl,CHEMBL1683499,=,=,77.0,77.0,77.0,7.113509274827518
CC(C)C(C(=O)O)N(C)c1ccc(CNC(=O)C2SCCN2C(=O)C[C@H](N)Cc2cc(F)c(F)cc2F)cc1.Cl,CHEMBL1683500,=,=,80.0,80.0,80.0,7.096910013008056
CCOC(=O)C(C(C)C)N(C)c1ccc(CNC(=O)C2SCCN2C(=O)C[C@H](N)Cc2cc(F)c(F)cc2F)cc1.Cl,CHEMBL1683501,=,=,80.0,80.0,80.0,7.096910013008056
CC(C)(Nc1ccc(CNC(=O)C2SCCN2C(=O)C[C@H](N)Cc2cc(F)c(F)cc2F)cc1)C(=O)O.Cl,CHEMBL1683502,=,=,13.0,13.0,13.0,7.886056647693163
CCOC(=O)C(C)(C)Nc1ccc(CNC(=O)C2SCCN2C(=O)C[C@H](N)Cc2cc(F)c(F)cc2F)cc1.Cl,CHEMBL1683503,=,=,68.0,68.0,68.0,7.167491087293763
CC(C)C(Nc1ccc(CNC(=O)C2SCCN2C(=O)C[C@H](N)Cc2cc(F)c(F)cc2F)cc1)C(=O)O.Cl,CHEMBL1683504,=,=,3.0,3.0,3.0,8.522878745280337
CCOC(=O)C(Nc1ccc(CNC(=O)C2SCCN2C(=O)C[C@H](N)Cc2cc(F)c(F)cc2F)cc1)C(C)C.Cl,CHEMBL1683505,=,=,50.0,50.0,50.0,7.301029995663981
CC(C)[C@@H](Nc1ccc(CNC(=O)[C@@H]2SCCN2C(=O)C[C@H](N)Cc2cc(F)c(F)cc2F)cc1)C(=O)O.Cl,CHEMBL1683506,=,=,1.0,1.0,1.0,9.0
CCOC(=O)[C@H](Nc1ccc(CNC(=O)[C@@H]2SCCN2C(=O)C[C@H](N)Cc2cc(F)c(F)cc2F)cc1)C(C)C.Cl,CHEMBL1683507,=,=,17.0,17.0,17.0,7.769551078621726
CC(C)[C@H](Nc1ccc(CNC(=O)[C@@H]2SCCN2C(=O)C[C@H](N)Cc2cc(F)c(F)cc2F)cc1)C(=O)O,CHEMBL1683508,=,=,1.2,1.2,1.2,8.920818753952375
CCOC(=O)[C@@H](Nc1ccc(CNC(=O)[C@@H]2SCCN2C(=O)C[C@H](N)Cc2cc(F)c(F)cc2F)cc1)C(C)C,CHEMBL1683641,=,=,25.0,25.0,25.0,7.6020599913279625
CC(C)[C@@H](Nc1ccc(CNC(=O)[C@H]2SCCN2C(=O)C[C@H](N)Cc2cc(F)c(F)cc2F)cc1)C(=O)O,CHEMBL1614845,=,=,10.0,10.0,10.0,8.0
CCOC(=O)[C@H](Nc1ccc(CNC(=O)[C@H]2SCCN2C(=O)C[C@H](N)Cc2cc(F)c(F)cc2F)cc1)C(C)C,CHEMBL1683642,=,=,175.0,175.0,175.0,6.756961951313706
CC(C)[C@H](Nc1ccc(CNC(=O)[C@H]2SCCN2C(=O)C[C@H](N)Cc2cc(F)c(F)cc2F)cc1)C(=O)O,CHEMBL1683643,=,=,13.0,13.0,13.0,7.886056647693163
CCOC(=O)[C@@H](Nc1ccc(CNC(=O)[C@H]2SCCN2C(=O)C[C@H](N)Cc2cc(F)c(F)cc2F)cc1)C(C)C,CHEMBL1683644,=,=,309.0,309.0,309.0,6.510041520575165
N[C@@H](CC(=O)N1CCn2c(nnc2C(F)(F)F)C1)Cc1cc(F)c(F)cc1F,CHEMBL1422,=,=,18.0,0.018,18.0,7.7447274948966935
N[C@H](C(=O)N1CCSC1)[C@H]1CC[C@H](NS(=O)(=O)c2ccc(OC(F)(F)F)cc2)CC1,CHEMBL25211,=,=,22.0,0.022,22.0,7.657577319177793
N[C@H](C(=O)N1CCSC1)[C@H]1CC[C@H](NC(=O)c2ccc(OC(F)(F)F)cc2)CC1,CHEMBL1682974,=,=,33.0,0.033,33.0,7.481486060122112
CN([C@H]1CC[C@H]([C@H](N)Cc2cc(F)ccc2F)CC1)S(=O)(=O)c1ccccc1,CHEMBL1682975,=,=,140.0,0.14,140.0,6.853871964321762
CN([C@H]1CC[C@H]([C@H](N)Cc2cc(F)ccc2F)CC1)S(=O)(=O)c1ccccc1C(F)(F)F,CHEMBL1682976,=,=,110.0,0.11,110.0,6.958607314841775
CN([C@H]1CC[C@H]([C@H](N)Cc2cc(F)ccc2F)CC1)S(=O)(=O)c1cccc(C#N)c1,CHEMBL1682977,=,=,85.0,0.085,85.0,7.070581074285707
CN([C@H]1CC[C@H]([C@H](N)Cc2cc(F)ccc2F)CC1)S(=O)(=O)c1ccc(C#N)cc1,CHEMBL1682978,=,=,180.0,0.18,180.0,6.7447274948966935
CN([C@H]1CC[C@H]([C@H](N)Cc2cc(F)ccc2F)CC1)S(=O)(=O)c1ccc(N)cc1,CHEMBL1682979,=,=,140.0,0.14,140.0,6.853871964321762
CN([C@H]1CC[C@H]([C@H](N)Cc2cc(F)ccc2F)CC1)S(=O)(=O)c1ccc(OC(F)(F)F)cc1,CHEMBL1682980,=,=,400.0,0.4,400.0,6.3979400086720375
CN([C@H]1CC[C@H]([C@H](N)Cc2cc(F)ccc2F)CC1)S(=O)(=O)c1cccc(C(N)=O)c1,CHEMBL1682981,=,=,99.0,0.099,99.0,7.00436480540245
CN([C@H]1CC[C@H]([C@H](N)Cc2cc(F)ccc2F)CC1)S(=O)(=O)c1ccc(C(N)=O)cc1,CHEMBL1682982,=,=,84.0,0.084,84.0,7.075720713938118
CN([C@H]1CC[C@H]([C@H](N)Cc2cc(F)ccc2F)CC1)S(=O)(=O)c1ccc(F)cc1F,CHEMBL1682983,=,=,150.0,0.15,150.0,6.823908740944319
CN([C@H]1CC[C@H]([C@H](N)Cc2cc(F)ccc2F)CC1)S(=O)(=O)c1ccc(-c2cnco2)cc1,CHEMBL1682984,=,=,130.0,0.13,130.0,6.886056647693163
CN([C@H]1CC[C@H]([C@H](N)Cc2cc(F)ccc2F)CC1)S(=O)(=O)c1ccc(-c2csnn2)cc1,CHEMBL1682985,=,=,94.0,0.094,94.0,7.026872146400302
Cc1[nH]ncc1S(=O)(=O)N(C)[C@H]1CC[C@H]([C@H](N)Cc2cc(F)ccc2F)CC1,CHEMBL1683086,=,=,280.0,0.28,280.0,6.552841968657781
Cn1cnc(S(=O)(=O)N(C)[C@H]2CC[C@H]([C@H](N)Cc3cc(F)ccc3F)CC2)c1,CHEMBL1683087,=,=,500.0,0.5,500.0,6.301029995663981
Cc1oncc1S(=O)(=O)N(C)[C@H]1CC[C@H]([C@H](N)Cc2cc(F)ccc2F)CC1,CHEMBL1683088,=,=,170.0,0.17,170.0,6.769551078621726
CC(=O)Nc1nc(C)c(S(=O)(=O)N(C)[C@H]2CC[C@H]([C@H](N)Cc3cc(F)ccc3F)CC2)s1,CHEMBL1683089,=,=,100.0,0.1,100.0,7.0
CN([C@H]1CC[C@H]([C@H](N)Cc2cc(F)ccc2F)CC1)S(=O)(=O)c1cccnc1,CHEMBL1683090,=,=,110.0,0.11,110.0,6.958607314841775
Cc1noc(C)c1S(=O)(=O)N(C)[C@H]1CC[C@H]([C@H](N)Cc2cc(F)ccc2F)CC1,CHEMBL1683091,=,=,55.0,0.055,55.0,7.259637310505756
CCN([C@H]1CC[C@H]([C@H](N)Cc2cc(F)ccc2F)CC1)S(=O)(=O)c1c(C)noc1C,CHEMBL1683092,=,=,38.0,0.038,38.0,7.42021640338319
Cc1noc(C)c1S(=O)(=O)N(Cc1ccccc1)[C@H]1CC[C@H]([C@H](N)Cc2cc(F)ccc2F)CC1,CHEMBL1683093,=,=,670.0,0.67,670.0,6.173925197299173
Cc1noc(C)c1S(=O)(=O)N(CCCC(F)(F)F)[C@H]1CC[C@H]([C@H](N)Cc2cc(F)ccc2F)CC1,CHEMBL1683094,=,=,570.0,0.57,570.0,6.2441251443275085
CCN([C@H]1CC[C@H]([C@H](N)Cc2cc(F)ccc2F)CC1)S(C)(=O)=O,CHEMBL1683095,=,=,260.0,0.26,260.0,6.585026652029182
CS(=O)(=O)N(Cc1ccccc1)[C@H]1CC[C@H]([C@H](N)Cc2cc(F)ccc2F)CC1,CHEMBL1683096,=,=,1300.0,1.3,1300.0,5.886056647693163
CS(=O)(=O)N(CCCC(F)(F)F)[C@H]1CC[C@H]([C@H](N)Cc2cc(F)ccc2F)CC1,CHEMBL1683097,=,=,2400.0,2.4,2400.0,5.619788758288394
CC(=O)N(C)[C@H]1CC[C@H]([C@H](N)Cc2cc(F)ccc2F)CC1,CHEMBL1683098,=,=,120.0,0.12,120.0,6.920818753952375
CC(=O)N(C)[C@H]1CC[C@@H]([C@H](N)Cc2cc(F)ccc2F)CC1,CHEMBL1683099,=,=,990.0,0.99,990.0,6.004364805402449
CC(C)C(=O)N(C)[C@H]1CC[C@H]([C@H](N)Cc2cc(F)ccc2F)CC1,CHEMBL1683100,=,=,130.0,0.13,130.0,6.886056647693163
CN(C(=O)C(C)(C)C)[C@H]1CC[C@H]([C@H](N)Cc2cc(F)ccc2F)CC1,CHEMBL1683101,=,=,110.0,0.11,110.0,6.958607314841775
CN(C(=O)CCN)[C@H]1CC[C@H]([C@H](N)Cc2cc(F)ccc2F)CC1,CHEMBL1683102,=,=,730.0,0.73,730.0,6.136677139879544
CN(C(=O)CCC(=O)O)[C@H]1CC[C@H]([C@H](N)Cc2cc(F)ccc2F)CC1,CHEMBL1683103,=,=,140.0,0.14,140.0,6.853871964321762
CN(C(=O)c1cccnc1)[C@H]1CC[C@H]([C@H](N)Cc2cc(F)ccc2F)CC1,CHEMBL1683104,=,=,140.0,0.14,140.0,6.853871964321762
CN(C(=O)c1csnn1)[C@H]1CC[C@H]([C@H](N)Cc2cc(F)ccc2F)CC1,CHEMBL1683105,=,=,120.0,0.12,120.0,6.920818753952375
CN(C(=O)c1ccno1)[C@H]1CC[C@H]([C@H](N)Cc2cc(F)ccc2F)CC1,CHEMBL1683106,=,=,120.0,0.12,120.0,6.920818753952375
CN(C(=O)c1c[nH]c2ccccc12)[C@H]1CC[C@H]([C@H](N)Cc2cc(F)ccc2F)CC1,CHEMBL1683107,=,=,110.0,0.11,110.0,6.958607314841775
Cc1noc(C)c1C(=O)N(C)[C@H]1CC[C@H]([C@H](N)Cc2cc(F)ccc2F)CC1,CHEMBL1683108,=,=,140.0,0.14,140.0,6.853871964321762
Cn1ccc(C(=O)N(C)[C@H]2CC[C@H]([C@H](N)Cc3cc(F)ccc3F)CC2)n1,CHEMBL1683109,=,=,140.0,0.14,140.0,6.853871964321762
CCN(C(C)=O)[C@H]1CC[C@H]([C@H](N)Cc2cc(F)ccc2F)CC1,CHEMBL1683110,=,=,260.0,0.26,260.0,6.585026652029182
CC(=O)N(Cc1ccccc1)[C@H]1CC[C@H]([C@H](N)Cc2cc(F)ccc2F)CC1,CHEMBL1683111,=,=,110.0,0.11,110.0,6.958607314841775
CC(=O)N(CCCC(F)(F)F)[C@H]1CC[C@H]([C@H](N)Cc2cc(F)ccc2F)CC1,CHEMBL1683112,=,=,100.0,0.1,100.0,7.0
N[C@H](Cc1cc(F)ccc1F)[C@H]1CC[C@@H](N2CCC(F)(F)C2)CC1,CHEMBL1683113,=,=,1000.0,1.0,1000.0,6.0
N[C@H](Cc1cc(F)ccc1F)[C@H]1CC[C@H](N2CCC(F)(F)C2)CC1,CHEMBL1683114,=,=,850.0,0.85,850.0,6.070581074285707
N[C@H](Cc1cc(F)ccc1F)[C@H]1CC[C@@H](N2CCn3c(nnc3C(F)(F)F)C2)CC1,CHEMBL1683115,=,=,280.0,0.28,280.0,6.552841968657781
N[C@H](Cc1cc(F)ccc1F)[C@H]1CC[C@H](N2CCn3c(nnc3C(F)(F)F)C2)CC1,CHEMBL1681802,=,=,330.0,0.33,330.0,6.481486060122112
N[C@H](Cc1cc(F)ccc1F)[C@H]1CC[C@@H](N2CCCCC2)CC1,CHEMBL1683116,=,=,1800.0,1.8,1800.0,5.7447274948966935
N[C@H](Cc1cc(F)ccc1F)[C@H]1CC[C@H](N2CCCCC2)CC1,CHEMBL1683117,=,=,330.0,0.33,330.0,6.481486060122112
NC(=O)C1CCCN([C@H]2CC[C@@H]([C@H](N)Cc3cc(F)ccc3F)CC2)C1,CHEMBL1683118,=,=,1300.0,1.3,1300.0,5.886056647693163
NC(=O)C1CCCN([C@H]2CC[C@H]([C@H](N)Cc3cc(F)ccc3F)CC2)C1,CHEMBL1683119,=,=,57.0,0.057,57.0,7.2441251443275085
NC(=O)[C@H]1CCCN([C@H]2CC[C@H]([C@H](N)Cc3cc(F)ccc3F)CC2)C1,CHEMBL1683120,=,=,200.0,0.2,200.0,6.698970004336019
NC(=O)[C@@H]1CCCN([C@H]2CC[C@H]([C@H](N)Cc3cc(F)ccc3F)CC2)C1,CHEMBL1683121,=,=,70.0,0.07,70.0,7.154901959985743
NC(=O)O[C@@H]1CCCN([C@H]2CC[C@H]([C@H](N)Cc3cc(F)ccc3F)CC2)C1,CHEMBL1683122,=,=,310.0,0.31,310.0,6.508638306165727
N[C@H](Cc1cc(F)ccc1F)[C@H]1CC[C@H](N2CCC[C@@H](O)C2)CC1,CHEMBL1683123,=,=,270.0,0.27,270.0,6.568636235841012
N[C@H](Cc1cc(F)ccc1F)[C@H]1CC[C@H](NCCCC(F)(F)F)CC1,CHEMBL1683124,=,=,910.0,0.91,910.0,6.040958607678906
CN(Cc1ccc(C#N)cc1)[C@H]1CC[C@H]([C@H](N)Cc2cc(F)ccc2F)CC1,CHEMBL1683125,=,=,290.0,0.29,290.0,6.537602002101044
CN(Cc1cccc(C#N)c1)[C@H]1CC[C@H]([C@H](N)Cc2cc(F)ccc2F)CC1,CHEMBL1683126,=,=,220.0,0.22,220.0,6.657577319177793
CCN(Cc1ccccc1)[C@H]1CC[C@H]([C@H](N)Cc2cc(F)ccc2F)CC1,CHEMBL1683127,=,=,710.0,0.71,710.0,6.1487416512809245
N[C@H](Cc1cc(F)ccc1F)[C@H]1CC[C@H](N(CCCC(F)(F)F)Cc2ccccc2)CC1,CHEMBL1683128,=,=,690.0,0.69,690.0,6.161150909262744
CC(=O)N1CCC([C@H](N)Cc2cc(F)ccc2F)CC1,CHEMBL1683129,=,=,450.0,0.45,450.0,6.346787486224656
CS(=O)(=O)N1CCC([C@H](N)Cc2cc(F)ccc2F)CC1,CHEMBL1683130,=,=,130.0,0.13,130.0,6.886056647693163
N[C@H](Cc1cc(F)ccc1F)C1CCN(c2ccccn2)CC1,CHEMBL1683131,=,=,450.0,0.45,450.0,6.346787486224656
N[C@H](Cc1cc(F)ccc1F)C1CCN(c2cccnc2)CC1,CHEMBL1683132,=,=,110.0,0.11,110.0,6.958607314841775
N[C@H](Cc1cc(F)ccc1F)C1CCN(c2ccncc2)CC1,CHEMBL1683133,=,=,430.0,0.43,430.0,6.366531544420413
N#Cc1cncc(N2CCC([C@H](N)Cc3cc(F)ccc3F)CC2)c1,CHEMBL1683134,=,=,77.0,0.077,77.0,7.113509274827518
Cc1ccc(N2CCC([C@H](N)Cc3cc(F)ccc3F)CC2)c(C)n1,CHEMBL1683135,=,=,71.0,0.071,71.0,7.1487416512809245
N[C@H](Cc1cc(F)ccc1F)C1CCN(c2ccc(F)nc2)CC1,CHEMBL1683136,=,=,110.0,0.11,110.0,6.958607314841775
CCOC(=O)c1cncc(N2CCC([C@H](N)Cc3cc(F)ccc3F)CC2)c1,CHEMBL1683137,=,=,82.0,0.082,82.0,7.086186147616283
NOC(=O)c1cncc(N2CCC([C@H](N)Cc3cc(F)ccc3F)CC2)c1,CHEMBL1683138,=,=,18.0,0.018,18.0,7.7447274948966935
N[C@H](Cc1cc(F)ccc1F)C1CCN(c2ncccn2)CC1,CHEMBL1683139,=,=,670.0,0.67,670.0,6.173925197299173
N[C@H](Cc1cc(F)ccc1F)C1CCN(c2cncnc2)CC1,CHEMBL1683140,=,=,75.0,0.075,75.0,7.1249387366083
COc1ncc(N2CCC([C@H](N)Cc3cc(F)ccc3F)CC2)cn1,CHEMBL1683141,=,=,78.0,0.078,78.0,7.107905397309519
N[C@H](Cc1cc(F)ccc1F)C1CCN(c2cnc(O)nc2)CC1,CHEMBL1683142,=,=,72.0,0.072,72.0,7.142667503568731
COC(=O)C1CCCC(N2CCC([C@H](N)Cc3cc(F)ccc3F)CC2)C1,CHEMBL1683143,=,=,54.0,0.054,54.0,7.267606240177031
N[C@H](Cc1cc(F)ccc1F)C1CCN(C2CCCC(C(=O)O)C2)CC1,CHEMBL1683144,=,=,51.0,0.051,51.0,7.292429823902063
NC(=O)C1CCCC(N2CCC([C@H](N)Cc3cc(F)ccc3F)CC2)C1,CHEMBL1683145,=,=,21.0,0.021,21.0,7.6777807052660805
N[C@H]1CN(c2cc(-c3cc(F)cc(F)c3F)ncn2)C[C@@H]1c1ccccc1,CHEMBL1683557,=,=,13.0,13.0,13.0,7.886056647693163
N[C@H]1CN(c2cc(-c3cc(F)c(F)cc3F)ncn2)C[C@@H]1N1CCCC1=O,CHEMBL1683558,=,=,488.0,488.0,488.0,6.311580177997289
N[C@H]1CN(c2cc(-c3cc(F)c(F)cc3F)ncn2)C[C@@H]1N1CCCCC1=O,CHEMBL1683559,=,=,47.0,47.0,47.0,7.327902142064282
N[C@H]1CN(c2cc(N3CCc4nocc4C3)ncn2)C[C@@H]1c1ccccc1,CHEMBL1683560,=,=,1.6,1.6,1.6,8.795880017344075
N[C@H]1CN(c2cc(N3CCc4nocc4C3)ncn2)C[C@@H]1N1CCCC1=O,CHEMBL1683561,=,=,153.0,153.0,153.0,6.815308569182401
N[C@H]1CN(c2cc(N3CCc4nocc4C3)ncn2)C[C@@H]1N1CCCCC1=O,CHEMBL1683562,=,=,12.0,12.0,12.0,7.920818753952375
N[C@H]1CN(c2cc(NC3CC3)ncn2)C[C@@H]1c1ccccc1,CHEMBL1683563,=,=,19.0,19.0,19.0,7.721246399047171
N[C@H]1CN(c2cc(NC3CC3)ncn2)C[C@@H]1N1CCCC1=O,CHEMBL1683564,=,=,1400.0,1400.0,1400.0,5.853871964321762
N[C@H]1CN(c2cc(NC3CC3)ncn2)C[C@@H]1N1CCCCC1=O,CHEMBL1683565,=,=,74.0,74.0,74.0,7.130768280269024
COc1ccc(-c2cc(N3C[C@H](N)[C@@H](N4CCCCC4=O)C3)ncn2)cn1,CHEMBL1683566,=,=,39.0,39.0,39.0,7.4089353929735005
N[C@H]1CN(c2ncnc(-c3ccccc3)n2)C[C@@H]1N1CCCCC1=O,CHEMBL1683567,=,=,59.0,59.0,59.0,7.229147988357855
N[C@H]1CN(c2cc(N3CCC(F)(F)C3)ncn2)C[C@@H]1N1CCCCC1=O,CHEMBL1683568,=,=,26.0,26.0,26.0,7.585026652029182
N[C@H]1CN(c2ncnc(N3CCC(F)(F)C3)n2)C[C@@H]1N1CCCCC1=O,CHEMBL1683569,=,=,37.0,37.0,37.0,7.431798275933005
N[C@H]1CN(c2cc(N3CCC(F)(F)C3)ncn2)C[C@@H]1N1CC(F)(F)CCC1=O,CHEMBL1683570,=,=,8.4,8.4,8.4,8.075720713938118
N[C@H]1CN(c2ncnc(N3CCC(F)(F)C3)n2)C[C@@H]1N1CC(F)(F)CCC1=O,CHEMBL1683571,=,=,23.0,23.0,23.0,7.638272163982407
Cc1nc(N2C[C@H](N)[C@@H](N3CC(F)(F)CCC3=O)C2)cc(N2CCC(F)(F)C2)n1,CHEMBL1683572,=,=,13.0,13.0,13.0,7.886056647693163
N[C@@H](CC(=O)N1CCn2c(nnc2C(F)(F)F)C1)Cc1cc(F)c(F)cc1F,CHEMBL1422,=,=,19.4,19.4,19.4,7.7121982700697735
N[C@@H](CC(=O)N1CCn2nnc(-c3cnco3)c2C1)Cc1cc(F)c(F)cc1F.O=C(O)/C=C/C(=O)O,CHEMBL1684000,=,=,17.83,17.83,17.83,7.748848656824645
N[C@@H](CC(=O)N1CCn2nnc(-c3ccsc3)c2C1)Cc1cc(F)c(F)cc1F.O=C(O)/C=C/C(=O)O,CHEMBL1683999,=,=,47.27,47.27,47.27,7.325414397697086
Cl.N[C@@H](CC(=O)N1CCn2nnc(-c3cccs3)c2C1)Cc1cc(F)c(F)cc1F,CHEMBL1683998,=,=,22.76,22.76,22.76,7.642827742276967
N[C@@H](CC(=O)N1CCn2nnc(-c3ccoc3)c2C1)Cc1cc(F)c(F)cc1F.O=C(O)/C=C/C(=O)O,CHEMBL1683997,=,=,26.17,26.17,26.17,7.582196277360119
Cl.N[C@@H](CC(=O)N1CCn2nnc(-c3ccco3)c2C1)Cc1cc(F)c(F)cc1F,CHEMBL1683996,=,=,15.8,15.8,15.8,7.801342913045577
N[C@@H](CC(=O)N1CCn2nnc(-c3ccccn3)c2C1)Cc1cc(F)c(F)cc1F.O=C(O)/C=C/C(=O)O,CHEMBL1683995,=,=,33.25,33.25,33.25,7.478208350360877
Cl.N[C@@H](CC(=O)N1CCn2nnc(-c3ccncc3)c2C1)Cc1cc(F)c(F)cc1F,CHEMBL1683994,=,=,28.6,28.6,28.6,7.543633966870956
CS(=O)(=O)c1ccc(-c2nnn3c2CN(C(=O)C[C@H](N)Cc2cc(F)c(F)cc2F)CC3)cc1.Cl,CHEMBL1683993,=,=,33.17,33.17,33.17,7.479254528480517
Cl.N[C@@H](CC(=O)N1CCn2nnc(-c3ccc(C(=O)O)cc3)c2C1)Cc1cc(F)c(F)cc1F,CHEMBL1683992,=,=,33.78,33.78,33.78,7.47134035476501
COC(=O)c1ccc(-c2nnn3c2CN(C(=O)C[C@H](N)Cc2cc(F)c(F)cc2F)CC3)cc1.O=P(O)(O)O,CHEMBL1683991,=,=,12.4,12.4,12.4,7.906578314837764
CN(C)C(=O)c1ccc(-c2nnn3c2CN(C(=O)C[C@H](N)Cc2cc(F)c(F)cc2F)CC3)cc1.Cl,CHEMBL1683990,=,=,26.64,26.64,26.64,7.574465779501736
Cl.NC(=O)c1ccc(-c2nnn3c2CN(C(=O)C[C@H](N)Cc2cc(F)c(F)cc2F)CC3)cc1,CHEMBL1683989,=,=,36.43,36.43,36.43,7.438540828758084
COC(=O)c1cccc(-c2nnn3c2CN(C(=O)C[C@H](N)Cc2cc(F)c(F)cc2F)CC3)c1.Cl,CHEMBL1683988,=,=,46.61,46.61,46.61,7.331520897067414
Cl.N#Cc1ccc(-c2nnn3c2CN(C(=O)C[C@H](N)Cc2cc(F)c(F)cc2F)CC3)cc1,CHEMBL1683987,=,=,30.03,30.03,30.03,7.522444667801019
Cl.N[C@@H](CC(=O)N1CCn2nnc(-c3ccc(C(F)(F)F)cc3)c2C1)Cc1cc(F)c(F)cc1F,CHEMBL1683986,=,=,75.35,75.35,75.35,7.122916743349349
Cl.N[C@@H](CC(=O)N1CCn2nnc(-c3ccc(Cl)cc3)c2C1)Cc1cc(F)c(F)cc1F,CHEMBL1683985,=,=,46.89,46.89,46.89,7.328919767261151
N[C@@H](CC(=O)N1CCn2nnc(-c3ccc(F)cc3)c2C1)Cc1cc(F)c(F)cc1F.O=P(O)(O)O,CHEMBL1683984,=,=,45.2,45.2,45.2,7.3448615651886175
N[C@@H](CC(=O)N1CCn2nnc(-c3ccccc3)c2C1)Cc1cc(F)c(F)cc1F.O=P(O)(O)O,CHEMBL1683983,=,=,37.54,37.54,37.54,7.425505731714672
CN(C)C(=O)c1nnn2c1CN(C(=O)C[C@H](N)Cc1cc(F)c(F)cc1F)CC2.Cl,CHEMBL1683982,=,=,52.34,52.34,52.34,7.281166281696137
Cl.NC(=O)c1nnn2c1CN(C(=O)C[C@H](N)Cc1cc(F)c(F)cc1F)CC2,CHEMBL1683981,=,=,29.92,29.92,29.92,7.524038410807576
COC(=O)c1nnn2c1CN(C(=O)C[C@H](N)Cc1cc(F)c(F)cc1F)CC2.Cl,CHEMBL1683980,=,=,15.09,15.09,15.09,7.82131076022441
N[C@@H](CC(=O)N1CCn2nnc(C(F)(F)F)c2C1)Cc1cc(F)c(F)cc1F.O=C(O)/C=C/C(=O)O,CHEMBL1683979,=,=,50.66,50.66,50.66,7.295334814545471
Cl.N[C@@H](CC(=O)N1CCn2nnc(C(F)F)c2C1)Cc1cc(F)c(F)cc1F,CHEMBL1683978,=,=,22.53,22.53,22.53,7.647238808276169
Cc1nnn2c1CN(C(=O)C[C@H](N)Cc1cc(F)c(F)cc1F)CC2.Cl,CHEMBL1681811,=,=,77.06,77.06,77.06,7.113170995323018
N[C@@H](CC(=O)N1CCn2nncc2C1)Cc1cc(F)c(F)cc1F.O=C(O)/C=C/C(=O)O,CHEMBL1683977,=,=,89.5,89.5,89.5,7.048176964684088
Cc1nc(C(=O)NC2CC2)cc(-c2ccc(F)cc2)c1CN,CHEMBL1688415,=,=,80.0,0.08,80.0,7.096910013008056
Cc1nc(C(=O)N2CCCC2)cc(-c2ccc(F)cc2)c1CN,CHEMBL1688416,=,=,686.0,0.686,686.0,6.163675884293248
CCOC(=O)C1CCN(C(=O)c2cc(-c3ccc(F)cc3)c(CN)c(C)n2)CC1,CHEMBL1688418,=,=,937.0,0.937,937.0,6.028260409112222
Cc1nc(C(=O)NC2CC2)cc(-c2ccc(F)cc2F)c1CN,CHEMBL1688419,=,=,674.0,0.674,674.0,6.17134010346468
Cc1cc(NC(=O)c2cc(-c3ccc(F)cc3F)c(CN)c(C)n2)no1,CHEMBL1688423,=,=,674.0,0.674,674.0,6.17134010346468
Cc1nc(C(N)=O)cc(-c2ccc(Cl)cc2Cl)c1CN,CHEMBL1688425,=,=,16.0,0.016,16.0,7.795880017344075
CNC(=O)c1cc(-c2ccc(Cl)cc2Cl)c(CN)c(C)n1,CHEMBL1688426,=,=,11.0,0.011,11.0,7.958607314841775
Cc1nc(C(=O)N2CCCC2)cc(-c2ccc(Cl)cc2Cl)c1CN,CHEMBL1688428,=,=,44.0,0.044,44.0,7.356547323513812
Cc1nc(C(=O)NCC#N)cc(-c2ccc(Cl)cc2Cl)c1CN,CHEMBL1688431,=,=,10.0,0.01,10.0,8.0
CC[C@H](C)[C@H](N)C(=O)N1CCC[C@H]1C(=O)N[C@H](C(=O)O)[C@@H](C)CC,CHEMBL214381,=,=,3000.0,3.0,3000.0,5.522878745280337
CNC(=O)c1cc(-c2ccc(Cl)cc2Cl)c(CN)c(C)n1,CHEMBL1688426,=,=,6.0,0.006,6.0,8.221848749616356
CC(=O)O[C@H]1CC[C@@]2(C)C(=CC[C@@H]3[C@@H]2CC[C@]2(C)C(C(C)=O)=CC[C@@H]32)C1,CHEMBL1761683,=,=,35600.0,35.6,35600.0,4.448550002027125
CC(=O)[C@H]1C(NCc2ccccc2)C[C@H]2[C@@H]3CC=C4C[C@@H](O)CC[C@]4(C)[C@H]3CC[C@]12C,CHEMBL1761684,=,=,21300.0,21.3,21300.0,4.671620396561262
COc1ccc(/C=C/C(=O)C2=CC[C@H]3[C@@H]4CC=C5C[C@@H](O)CC[C@]5(C)[C@H]4CC[C@]23C)cc1OC,CHEMBL1761685,=,=,26200.0,26.2,26200.0,4.581698708680254
CCCN1C(c2ccc(OC)cc2)CC(=O)[C@H]2C1C[C@H]1[C@@H]3CC=C4C[C@@H](O)CC[C@]4(C)[C@H]3CC[C@]21C,CHEMBL1761686,=,=,32700.0,32.7,32700.0,4.485452247339714
CCCN1C(c2ccc(C(C)C)cc2)CC(=O)[C@H]2C1C[C@H]1[C@@H]3CC=C4C[C@@H](O)CC[C@]4(C)[C@H]3CC[C@]21C,CHEMBL1761687,=,=,29100.0,29.1,29100.0,4.536107011014093
C[C@H](NC(=O)CCC(=O)O)C(=O)N[C@@H](C)C(=O)N1CCC[C@H]1C(=O)N[C@@H](Cc1ccccc1)C(=O)N[C@@H](C)C(=O)N1CCC[C@H]1B(O)O,CHEMBL1765236,=,=,0.7,0.7,0.7,9.154901959985743
C[C@H](N)C(=O)N1CCC[C@H]1B(O)O,CHEMBL63860,=,=,1.0,1.0,1.0,9.0
C[C@H](NC(=O)[C@@H]1CCCN1C(=O)[C@@H](N)Cc1ccccc1)C(=O)N1CCC[C@H]1B(O)O,CHEMBL1765235,=,=,7.0,7.0,7.0,8.154901959985743
CC(C)[C@H](NC(=O)[C@@H]1CCCN1C(=O)[C@@H](N)C1CCCCC1)C(=O)N1CCC[C@H]1B(O)O,CHEMBL1765234,=,=,19.0,19.0,19.0,7.721246399047171
C[C@H](N)C(=O)N1CCC[C@H]1B(O)O,CHEMBL63860,=,=,1600.0,1600.0,1600.0,5.795880017344075
CC(C)[C@H](N)C(=O)N1CCC[C@H]1B(O)O,CHEMBL67279,=,=,470.0,470.0,470.0,6.327902142064282
C[C@H](NC(=O)[C@@H]1CCCN1C(=O)[C@@H](N)Cc1ccccc1)C(=O)N1CCC[C@H]1B(O)O,CHEMBL1765235,=,=,8.3,8.3,8.3,8.080921907623926
CC(C)[C@H](NC(=O)[C@@H]1CCCN1C(=O)[C@@H](N)C1CCCCC1)C(=O)N1CCC[C@H]1B(O)O,CHEMBL1765234,=,=,20.0,20.0,20.0,7.698970004336019
CC(C)[C@H](N)C(=O)N1CCC[C@H]1B(O)O,CHEMBL67279,=,=,1.5,1.5,1.5,8.823908740944319
O=C1c2c(Cl)c(Cl)c(Cl)c(Cl)c2C(=O)N1c1cccc(CCc2cccc(C(F)(F)F)c2)c1,CHEMBL1771583,=,=,3100.0,3.1,3100.0,5.508638306165727
O=C1c2c(Cl)c(Cl)c(Cl)c(Cl)c2C(=O)N1c1cccc(CCc2ccccc2C(F)(F)F)c1,CHEMBL1771584,=,=,4000.0,4.0,4000.0,5.3979400086720375
CN1CCN(C(=O)C[C@H](N)Cc2cc(F)c(F)cc2F)CC1=O,CHEMBL1779688,=,=,92.6,92.6,92.6,7.033389013318065
N[C@@H](CC(=O)N1CCN(c2ccccn2)C(=O)C1)Cc1cc(F)c(F)cc1F,CHEMBL1779689,=,=,311.0,311.0,311.0,6.507239610973162
N[C@@H](CC(=O)N1CCN(Cc2ccc(-c3ccccc3)cc2)C(=O)C1)Cc1cc(F)c(F)cc1F,CHEMBL1779690,=,=,44.8,44.8,44.8,7.3487219860018556
N[C@@H](CC(=O)N1CCN(Cn2nnc3ccccc32)C(=O)C1)Cc1cc(F)c(F)cc1F,CHEMBL1779691,=,=,42.7,42.7,42.7,7.369572124974976
N[C@@H](CC(=O)N1CCN(CCN2CCOCC2)C(=O)C1)Cc1cc(F)c(F)cc1F,CHEMBL1779692,=,=,116.0,116.0,116.0,6.935542010773082
N[C@@H](CC(=O)N1CCN(Cc2ccccc2)C(=O)C1)Cc1cc(F)c(F)cc1F,CHEMBL1779693,=,=,54.1,54.1,54.1,7.266802734893431
N[C@@H](CC(=O)N1CCN(Cc2ccc([N+](=O)[O-])cc2)C(=O)C1)Cc1cc(F)c(F)cc1F,CHEMBL1779694,=,=,38.5,38.5,38.5,7.414539270491499
N[C@@H](CC(=O)N1CCN(Cc2ccccc2[N+](=O)[O-])C(=O)C1)Cc1cc(F)c(F)cc1F,CHEMBL1779695,=,=,13.7,13.7,13.7,7.863279432843593
N#Cc1ccccc1CN1CCN(C(=O)C[C@H](N)Cc2cc(F)c(F)cc2F)CC1=O,CHEMBL1779696,=,=,48.9,48.9,48.9,7.310691140876379
N[C@@H](CC(=O)N1CCN(Cc2ccccc2C(F)(F)F)C(=O)C1)Cc1cc(F)c(F)cc1F,CHEMBL1779697,=,=,50.7,50.7,50.7,7.2949920406666635
CCc1ccc(CN2CCN(C(=O)C[C@H](N)Cc3cc(F)c(F)cc3F)CC2=O)cc1,CHEMBL1779698,=,=,38.9,38.9,38.9,7.410050398674292
COc1ccc(CN2CCN(C(=O)C[C@H](N)Cc3cc(F)c(F)cc3F)CC2=O)cc1,CHEMBL1779699,=,=,33.9,33.9,33.9,7.4698003017969175
N[C@@H](CC(=O)N1CCN(Cc2ccc(F)cc2)C(=O)C1)Cc1cc(F)c(F)cc1F,CHEMBL1779700,=,=,33.8,33.8,33.8,7.471083299722345
N[C@@H](CC(=O)N1CCN(Cc2ccc(I)cc2)C(=O)C1)Cc1cc(F)c(F)cc1F,CHEMBL1779701,=,=,30.8,30.8,30.8,7.511449283499555
N[C@@H](CC(=O)N1CCN(Cc2cccc(Cl)c2)C(=O)C1)Cc1cc(F)c(F)cc1F,CHEMBL1779702,=,=,26.7,26.7,26.7,7.573488738635425
N[C@@H](CC(=O)N1CCN(Cc2ccccc2Cl)C(=O)C1)Cc1cc(F)c(F)cc1F,CHEMBL1779703,=,=,29.0,29.0,29.0,7.537602002101044
COc1cc(CN2CCN(C(=O)C[C@H](N)Cc3cc(F)c(F)cc3F)CC2=O)c([N+](=O)[O-])cc1OC,CHEMBL1779704,=,=,7.4,7.4,7.4,8.130768280269024
N[C@@H](CC(=O)N1CCNC(=O)[C@H]1CO)Cc1cc(F)c(F)cc1F,CHEMBL1779705,=,=,12.0,12.0,12.0,7.920818753952375
COC[C@@H]1C(=O)NCCN1C(=O)C[C@H](N)Cc1cc(F)c(F)cc1F,CHEMBL1779706,=,=,7.4,7.4,7.4,8.130768280269024
CCOC[C@@H]1C(=O)NCCN1C(=O)C[C@H](N)Cc1cc(F)c(F)cc1F,CHEMBL1779707,=,=,4.3,4.3,4.3,8.366531544420413
N[C@@H](CC(=O)N1CCNC(=O)[C@H]1COC1CCCC1)Cc1cc(F)c(F)cc1F,CHEMBL1779708,=,=,1.7,1.7,1.7,8.769551078621726
CC(C)OC[C@@H]1C(=O)NCCN1C(=O)C[C@H](N)Cc1cc(F)c(F)cc1F,CHEMBL1779709,=,=,2.2,2.2,2.2,8.657577319177793
CC(C)(C)OC[C@@H]1C(=O)NCCN1C(=O)C[C@H](N)Cc1cc(F)c(F)cc1F,CHEMBL1779710,=,=,0.9,0.9,0.9,9.045757490560675
CCN(C)C[C@@H]1C(=O)NCCN1C(=O)C[C@H](N)Cc1cc(F)c(F)cc1F,CHEMBL1779711,=,=,17.0,17.0,17.0,7.769551078621726
CCN(CC)C[C@@H]1C(=O)NCCN1C(=O)C[C@H](N)Cc1cc(F)c(F)cc1F,CHEMBL1779712,=,=,11.0,11.0,11.0,7.958607314841775
N[C@@H](CC(=O)N1CCNC(=O)[C@H]1CN1CCOCC1)Cc1cc(F)c(F)cc1F,CHEMBL1779713,=,=,5.2,5.2,5.2,8.2839966563652
CC(C)(C)SC[C@@H]1C(=O)NCCN1C(=O)C[C@H](N)Cc1cc(F)c(F)cc1F,CHEMBL1779714,=,=,1.3,1.3,1.3,8.886056647693163
CC(C)Cc1nc2ccc(OCC(N)=O)cc2c(-c2ccccc2)c1CN,CHEMBL1809262,=,=,34.0,34.0,34.0,7.468521082957745
CC(C)Cc1nc2ccc(OCC(N)=O)cc2c(-c2cccc(F)c2)c1CN,CHEMBL1809263,=,=,49.0,49.0,49.0,7.309803919971486
Cc1cccc(-c2c(CN)c(CC(C)C)nc3ccc(OCC(N)=O)cc23)c1,CHEMBL1809264,=,=,57.0,57.0,57.0,7.2441251443275085
CC(C)Cc1nc2ccc(OCC(N)=O)cc2c(-c2ccc(F)cc2)c1CN,CHEMBL1808463,=,=,26.0,26.0,26.0,7.585026652029182
Cc1ccc(-c2c(CN)c(CC(C)C)nc3ccc(OCC(N)=O)cc23)cc1,CHEMBL1808464,=,=,4.2,4.2,4.2,8.3767507096021
COC(=O)COc1ccc2nc(CC(C)C)c(CN)c(-c3ccc(C)cc3)c2c1.Cl.Cl,CHEMBL3216514,=,=,84.0,84.0,84.0,7.075720713938118
CNC(=O)COc1ccc2nc(CC(C)C)c(CN)c(-c3ccc(C)cc3)c2c1.Cl.Cl,CHEMBL3215633,=,=,52.0,52.0,52.0,7.2839966563652006
Cc1ccc(-c2c(CN)c(CC(C)C)nc3ccc(CCC(N)=O)cc23)cc1.Cl.Cl,CHEMBL3216748,=,=,7.5,7.5,7.5,8.1249387366083
Cc1ccc(-c2c(CN)c(CC(C)C)nc3ccc(/C=C/C(N)=O)cc23)cc1,CHEMBL1808468,=,=,1.8,1.8,1.8,8.744727494896694
Cc1ccc(-c2c(CN)c(CC(C)C)nc3ccc(C(N)=O)cc23)cc1.Cl.Cl,CHEMBL3216749,=,=,55.0,55.0,55.0,7.259637310505756
Cc1ccc(-c2c(CN)c(CC(C)C)nc3ccc(C(=O)O)cc23)cc1.Cl.Cl,CHEMBL3215858,=,=,100.0,100.0,100.0,7.0
Cc1ccc(-c2c(CN)c(CC(C)C)nc3ccc(-c4nn[nH]n4)cc23)cc1.Cl.Cl,CHEMBL3215634,=,=,9.2,9.2,9.2,8.036212172654444
Cc1ccc(-c2c(CN)c(CC(C)C)nc3ccc(-c4noc(=O)[nH]4)cc23)cc1.Cl.Cl,CHEMBL3215859,=,=,11.0,11.0,11.0,7.958607314841775
Cc1ccc(-c2c(CN)c(CC(C)C)nc3ccc(N4CCNC(=O)C4)cc23)cc1,CHEMBL1808473,=,=,2.2,2.2,2.2,8.657577319177793
Cc1ccc(-c2c(CN)c(CC(C)C)nc3ccc(N4CCNC(=O)C4=O)cc23)cc1,CHEMBL1808474,=,=,2.7,2.7,2.7,8.568636235841012
Cc1ccc(-c2c(CN)c(CC(C)C)nc3ccc(N4CC(=O)NCC4=O)cc23)cc1.Cl.Cl,CHEMBL3142227,=,=,1.3,1.3,1.3,8.886056647693163
CC(C)Cn1c(CN)c(-c2ccccc2)c2cc(OCC(N)=O)ccc2c1=O.Cl,CHEMBL1808475,=,=,47.0,47.0,47.0,7.327902142064282
Cl.O=C([C@@H]1C[C@H](NCc2ccnc3ccccc23)CN1)N1Cc2ccccc2C1,CHEMBL1814760,=,=,17700.0,17.7,17700.0,4.752026733638194
N[C@@H](CC(=O)N1CCn2c(nnc2C(F)(F)F)C1)Cc1cc(F)c(F)cc1F,CHEMBL1422,=,=,40.0,0.04,40.0,7.3979400086720375
N#C[C@@H]1CCCN1C(=O)CNC12CC3CC(CC(O)(C3)C1)C2,CHEMBL142703,=,=,120.0,0.12,120.0,6.920818753952375
N#C[C@@H]1C[C@@H]2C[C@@H]2N1C(=O)[C@@H](N)C12CC3CC(CC(O)(C3)C1)C2,CHEMBL385517,=,=,0.6,0.6,0.6,9.221848749616356
N[C@@H](CCNCc1ccc(Cl)cc1)C(=O)N1CCCCC1,CHEMBL98869,=,=,165000.0,165.0,165000.0,3.7825160557860933
Cn1c(CN)c(-c2ccccc2)c2cc(Cl)ccc2c1=O,CHEMBL1812728,=,=,16000.0,16.0,16000.0,4.795880017344075
Cl.Cn1c(CCN)c(-c2ccccc2)c2cc(Cl)ccc2c1=O,CHEMBL1812729,=,=,87000.0,87.0,87000.0,4.060480747381382
CCn1c(CN)c(-c2ccccc2)c2cc(Cl)ccc2c1=O,CHEMBL1812733,=,=,8300.0,8.3,8300.0,5.080921907623926
CCCn1c(CN)c(-c2ccccc2)c2cc(Cl)ccc2c1=O,CHEMBL1812734,=,=,2400.0,2.4,2400.0,5.619788758288394
CCCCn1c(CN)c(-c2ccccc2)c2cc(Cl)ccc2c1=O,CHEMBL1812735,=,=,2400.0,2.4,2400.0,5.619788758288394
CC(C)Cn1c(CN)c(-c2ccccc2)c2cc(Cl)ccc2c1=O,CHEMBL1812736,=,=,1600.0,1.6,1600.0,5.795880017344075
CCCCCn1c(CN)c(-c2ccccc2)c2cc(Cl)ccc2c1=O,CHEMBL1812737,=,=,3800.0,3.8,3800.0,5.42021640338319
CC(C)(C)Cn1c(CN)c(-c2ccccc2)c2cc(Cl)ccc2c1=O,CHEMBL1812738,=,=,1900.0,1.9,1900.0,5.721246399047171
CC(C)Cn1c(CN)c(-c2ccccc2)c2cc(C(=O)O)ccc2c1=O.Cl,CHEMBL1812900,=,=,980.0,0.98,980.0,6.008773924307505
CC(C)Cn1c(CN)c(-c2ccccc2)c2cc(C(N)=O)ccc2c1=O.Cl,CHEMBL1812901,=,=,360.0,0.36,360.0,6.443697499232712
CC(C)Cn1c(CN)c(-c2ccccc2)c2cc(C#N)ccc2c1=O.Cl,CHEMBL1812902,=,=,1100.0,1.1,1100.0,5.958607314841775
CC(C)Cn1c(CN)c(-c2ccccc2)c2ccc(C(N)=O)cc2c1=O.Cl,CHEMBL1812903,=,=,2400.0,2.4,2400.0,5.619788758288394
CNC(=O)c1ccc2c(=O)n(CC(C)C)c(CN)c(-c3ccccc3)c2c1.Cl,CHEMBL1812904,=,=,1900.0,1.9,1900.0,5.721246399047171
CC(C)Cn1c(CN)c(-c2ccccc2)c2cc(C(=O)N(C)C)ccc2c1=O.Cl,CHEMBL1812905,=,=,4000.0,4.0,4000.0,5.3979400086720375
CC(C)Cn1c(CN)c(-c2ccccc2)c2cc(O)ccc2c1=O.Cl,CHEMBL1812906,=,=,790.0,0.79,790.0,6.102372908709558
COc1ccc2c(=O)n(CC(C)C)c(CN)c(-c3ccccc3)c2c1,CHEMBL1812907,=,=,870.0,0.87,870.0,6.060480747381382
CC(C)Cn1c(CN)c(-c2ccccc2)c2cc(OCC(N)=O)ccc2c1=O.Cl,CHEMBL1808475,=,=,240.0,0.24,240.0,6.619788758288394
CC(C)Cn1c(CN)c(-c2ccccc2)c2ccc(OCC(N)=O)cc2c1=O.Cl,CHEMBL1812909,=,=,1100.0,1.1,1100.0,5.958607314841775
CC(C)Cn1c(CN)c(-c2ccccc2)c2cc(/C=C/C(N)=O)ccc2c1=O.Cl,CHEMBL1812910,=,=,280.0,0.28,280.0,6.552841968657781
CC(C)Cn1c(CN)c(-c2ccccc2)c2cc(CCC(N)=O)ccc2c1=O.Cl,CHEMBL1812911,=,=,1500.0,1.5,1500.0,5.823908740944319
N[C@@H](CC(=O)N1CCn2c(nnc2C(F)(F)F)C1)Cc1cc(F)c(F)cc1F,CHEMBL1422,=,=,3.5,3.5,3.5,8.455931955649724
N#C[C@@H]1CCCN1C(=O)CNC12CC3CC(CC(O)(C3)C1)C2,CHEMBL142703,=,=,0.58,0.58,0.58,9.236572006437063
Cn1c(=O)cc(N2CCC[C@@H](N)C2)n(Cc2ccccc2C#N)c1=O,CHEMBL376359,=,=,1.0,1.0,1.0,9.0
Cl.Cn1c(=O)c2c(cc(N3CCC[C@@H](N)C3)n2Cc2cc(F)ccc2C#N)n(C)c1=O,CHEMBL1819089,=,=,0.34,0.34,0.34,9.468521082957745
CC[C@@]1(N)CCCN(c2cc3c(c(=O)n(C)c(=O)n3C)n2Cc2cc(F)ccc2C#N)C1,CHEMBL1819091,=,=,26.0,26.0,26.0,7.585026652029182
Cn1c(=O)c2c(cc(N3CCC[C@@](C)(N)C3)n2Cc2cc(F)ccc2C#N)n(C)c1=O,CHEMBL1819090,=,=,1.1,1.1,1.1,8.958607314841775
NCc1c(N)nc(-c2ccccc2)nc1-c1ccc(Cl)cc1,CHEMBL34603,=,=,1400.0,1400.0,1400.0,5.853871964321762
NCc1c(N)nc(-c2ccccc2)nc1-c1ccccc1,CHEMBL289562,=,=,42000.0,42000.0,42000.0,4.376750709602099
NCc1c(N)nc(-c2ccccc2)nc1-c1ccc(Cl)cc1Cl,CHEMBL36020,=,=,10.0,10.0,10.0,8.0
COc1cc(OC)cc(-c2nc(N)c(CN)c(-c3ccc(Cl)cc3Cl)n2)c1,CHEMBL34062,=,=,0.1,0.1,0.1,10.0
NCc1c(N)nc(-c2cc(F)cc(F)c2)nc1-c1ccc(Cl)cc1Cl,CHEMBL1909975,=,=,3.0,3.0,3.0,8.522878745280337
COc1cc2c(cc1OC)-c1nc(N)c(CN)c(-c3ccc(Cl)cc3Cl)c1C2,CHEMBL122206,=,=,7.0,7.0,7.0,8.154901959985743
NCc1c(-c2ccc(Cl)cc2Cl)cc(-c2ccccc2)nc1N,CHEMBL331950,=,=,920.0,0.92,920.0,6.036212172654444
Cc1cc2ncc(C(=O)NCC(C)(C)NCC(=O)N3CCC[C@H]3C#N)cn2n1.Cl,CHEMBL1929387,=,=,3.8,3.8,3.8,8.42021640338319
Cc1cc2ncc(C(=O)NCC(C)(C)NCC(=O)N3CCC[C@H]3C#N)c(C)n2n1.Cl,CHEMBL1929388,=,=,13.0,13.0,13.0,7.886056647693163
Cc1cc2ncc(C(=O)NCC(C)(C)NCC(=O)N3CCC[C@H]3C#N)c(C(F)(F)F)n2n1.Cl,CHEMBL1929389,=,=,32.0,32.0,32.0,7.494850021680094
Cc1cc2ncc(C(=O)NCC(C)(C)NCC(=O)N3CCC[C@H]3C#N)c(O)n2n1.Cl,CHEMBL1929390,=,=,1.8,1.8,1.8,8.744727494896694
Cc1c(C(=O)NCC(C)(C)NCC(=O)N2CCC[C@H]2C#N)cnc2cc(C(C)(C)C)nn12.Cl,CHEMBL1929391,=,=,15.0,15.0,15.0,7.823908740944319
Cc1c(C(=O)NCC(C)(C)NCC(=O)N2CCC[C@H]2C#N)cnc2cc(-c3ccccc3)nn12.Cl,CHEMBL1929392,=,=,11.0,11.0,11.0,7.958607314841775
Cc1nc2cc(C(C)(C)C)nn2c(C)c1C(=O)NCC(C)(C)NCC(=O)N1CCC[C@H]1C#N.Cl,CHEMBL1929393,=,=,80.0,80.0,80.0,7.096910013008056
Cc1nc2cc(-c3ccccc3)nn2c(C)c1C(=O)NCC(C)(C)NCC(=O)N1CCC[C@H]1C#N.Cl,CHEMBL1929394,=,=,28.0,28.0,28.0,7.552841968657781
Cc1cc2nc(C)c(C(=O)NCC(C)(C)NCC(=O)N3CCC[C@H]3C#N)c(C)n2n1.Cl,CHEMBL1929395,=,=,110.0,110.0,110.0,6.958607314841775
Cn1cnc2c(C#N)c(N3CCNCC3)n(Cc3ccccc3)c2c1=O,CHEMBL1951417,=,=,2100.0,2100.0,2100.0,5.6777807052660805
COc1cccc(C(=O)Cn2cnc3c(C#N)c(N4CCNCC4)n(Cc4ccccc4)c3c2=O)c1,CHEMBL1951418,=,=,400.0,400.0,400.0,6.3979400086720375
CC#CCn1c(N2CCNCC2)c(C#N)c2ncn(CC(=O)c3cccc(OC)c3)c(=O)c21,CHEMBL1951419,=,=,23.0,23.0,23.0,7.638272163982407
COc1cccc(C(=O)Cn2cnc3c(C#N)c(N4CCNCC4)n(CC=C(C)C)c3c2=O)c1,CHEMBL1951420,=,=,10.0,10.0,10.0,8.0
Cn1cnc2c(C#N)c(N3CCC[C@H](N)C3)n(Cc3ccccc3)c2c1=O,CHEMBL1951421,=,=,20.0,20.0,20.0,7.698970004336019
COc1cccc(C(=O)Cn2cnc3c(C#N)c(N4CCC[C@@H](N)C4)n(Cc4ccccc4)c3c2=O)c1,CHEMBL1951422,=,=,25.0,25.0,25.0,7.6020599913279625
COc1cccc(C(=O)Cn2cnc3c(C#N)c(N4CCC[C@H](N)C4)n(Cc4ccccc4)c3c2=O)c1,CHEMBL1951423,=,=,4.0,4.0,4.0,8.397940008672037
N#Cc1c(N2CCC[C@H](N)C2)n(Cc2ccccc2)c2c(=O)n(Cc3ccnc4ccccc34)cnc12,CHEMBL1951424,=,=,17.0,17.0,17.0,7.769551078621726
CC#CCn1c(N2CCC[C@@H](N)C2)c(C#N)c2ncn(CC(=O)c3cccc(OC)c3)c(=O)c21,CHEMBL1951425,=,=,60.0,60.0,60.0,7.221848749616356
CC#CCn1c(N2CCC[C@H](N)C2)c(C#N)c2ncn(CC(=O)c3cccc(OC)c3)c(=O)c21,CHEMBL1951426,=,=,15.0,15.0,15.0,7.823908740944319
CC#CCn1c(N2CCC[C@H](N)C2)c(C#N)c2ncn(Cc3ccnc4ccccc34)c(=O)c21,CHEMBL1951427,=,=,10.0,10.0,10.0,8.0
CC#CCn1c(N2CCC[C@H](N)C2)c(C#N)c2ncn(Cc3nccc4ccccc34)c(=O)c21,CHEMBL1951428,=,=,5.0,5.0,5.0,8.301029995663981
COc1cccc(C(=O)Cn2cnc3c(C#N)c(N4CCC[C@@H](N)C4)n(CC=C(C)C)c3c2=O)c1,CHEMBL1951429,=,=,4.0,4.0,4.0,8.397940008672037
COc1cccc(C(=O)Cn2cnc3c(C#N)c(N4CCC[C@H](N)C4)n(CC=C(C)C)c3c2=O)c1,CHEMBL1951430,=,=,1.0,1.0,1.0,9.0
CC(C)=CCn1c(N2CCC[C@H](N)C2)c(C#N)c2ncn(Cc3ccnc4ccccc34)c(=O)c21,CHEMBL1951431,=,=,4.0,4.0,4.0,8.397940008672037
CC(C)=CCn1c(N2CCC[C@H](N)C2)c(C#N)c2ncn(Cc3nccc4ccccc34)c(=O)c21,CHEMBL1951432,=,=,0.5,0.5,0.5,9.301029995663981
CC(C)=CCn1c(N2CCC[C@H](N)C2)c(C#N)c2ncn(Cc3nc(C)c4ccccc4n3)c(=O)c21,CHEMBL1951433,=,=,3.0,3.0,3.0,8.522878745280337
CC(C)=CCn1c(N2CCC[C@H](N)C2)c(C#N)c2ncn(Cc3ncc4ccccc4n3)c(=O)c21,CHEMBL1951434,=,=,8.0,8.0,8.0,8.096910013008056
CC(C)=CCn1c(N2CCC[C@H](N)C2)c(C#N)c2ncn(C)c(=O)c21,CHEMBL1951435,=,=,9.0,9.0,9.0,8.045757490560675
CC#CCn1c(N2CCC[C@@H](N)C2)nc2c1c(=O)n(Cc1nc(C)c3ccccc3n1)c(=O)n2C,CHEMBL237500,=,=,0.1,0.1,0.1,10.0
N#Cc1c(N2CCCNCC2)n(Cc2ccccc2)c2c(=O)n(Cc3nccc4ccccc34)cnc12,CHEMBL1951436,=,=,60.0,60.0,60.0,7.221848749616356
CC(C)=CCn1c(N2CCCNCC2)c(C#N)c2ncn(Cc3nccc4ccccc34)c(=O)c21,CHEMBL1951437,=,=,7.0,7.0,7.0,8.154901959985743
CC#CCn1c(N2CCCNCC2)c(C#N)c2ncn(Cc3nccc4ccccc34)c(=O)c21,CHEMBL1951438,=,=,6.0,6.0,6.0,8.221848749616356
CC#CCn1c(N2CCCNCC2)c(C#N)c2ncn(Cc3nc(C)c4ccccc4n3)c(=O)c21,CHEMBL1951439,=,=,9.0,9.0,9.0,8.045757490560675
CC#CCn1c(N2CCCNCC2)c(C#N)c2ncn(Cc3ncc4ccccc4n3)c(=O)c21,CHEMBL1951440,=,=,45.0,45.0,45.0,7.346787486224656
COc1cccc(C(=O)Cn2c(=O)c3c(c(C#N)c(N4CCC[C@H](N)C4)n3Cc3ccccc3)n(C)c2=O)c1,CHEMBL1951595,=,=,1.5,1.5,1.5,8.823908740944319
Cn1c(=O)n(Cc2nccc3ccccc23)c(=O)c2c1c(C#N)c(N1CCC[C@H](N)C1)n2Cc1ccccc1,CHEMBL1951596,=,=,4.0,4.0,4.0,8.397940008672037
Cn1c(=O)c2c(c(C#N)c(N3CCC[C@H](N)C3)n2Cc2ccccc2)n(C)c1=O,CHEMBL1951597,=,=,10.0,10.0,10.0,8.0
COc1cccc(C(=O)Cn2c(=O)c3c(c(C#N)c(N4CCC[C@H](N)C4)n3CC=C(C)C)n(C)c2=O)c1,CHEMBL1951598,=,=,0.5,0.5,0.5,9.301029995663981
CC(C)=CCn1c(N2CCC[C@H](N)C2)c(C#N)c2c1c(=O)n(Cc1nccc3ccccc13)c(=O)n2C,CHEMBL1951599,=,=,1.0,1.0,1.0,9.0
CC(C)=CCn1c(N2CCC[C@H](N)C2)c(C#N)c2c1c(=O)n(Cc1nc(C)c3ccccc3n1)c(=O)n2C,CHEMBL1951600,=,=,2.0,2.0,2.0,8.698970004336019
CC(C)=CCn1c(N2CCC[C@H](N)C2)c(C#N)c2c1c(=O)n(Cc1cnc3ccccc3n1)c(=O)n2C,CHEMBL1951601,=,=,9.0,9.0,9.0,8.045757490560675
CC(C)=CCn1c(N2CCC[C@H](N)C2)c(C#N)c2c1c(=O)n(Cc1ncccc1C#N)c(=O)n2C,CHEMBL1951602,=,=,25.0,25.0,25.0,7.6020599913279625
CC#CCn1c(N2CCC[C@H](N)C2)c(C#N)c2c1c(=O)n(CC(=O)c1cccc(OC)c1)c(=O)n2C,CHEMBL1951603,=,=,2.0,2.0,2.0,8.698970004336019
CC#CCn1c(N2CCC[C@H](N)C2)c(C#N)c2c1c(=O)n(Cc1nccc3ccccc13)c(=O)n2C,CHEMBL1951604,=,=,4.0,4.0,4.0,8.397940008672037
CC#CCn1c(N2CCC[C@@H](N)C2)c(C#N)c2c1c(=O)n(Cc1nc(C)c3ccccc3n1)c(=O)n2C,CHEMBL1951605,=,=,20.0,20.0,20.0,7.698970004336019
CC#CCn1c(N2CCC[C@H](N)C2)c(C#N)c2c1c(=O)n(Cc1nc(C)c3ccccc3n1)c(=O)n2C,CHEMBL1951606,=,=,250.0,250.0,250.0,6.6020599913279625
COc1cccc(C(=O)Cn2c(=O)c3c(c(C#N)c(N4CCCNCC4)n3CC=C(C)C)n(C)c2=O)c1,CHEMBL1951607,=,=,2.0,2.0,2.0,8.698970004336019
CC(C)=CCn1c(N2CCCNCC2)c(C#N)c2c1c(=O)n(Cc1nccc3ccccc13)c(=O)n2C,CHEMBL1951608,=,=,3.0,3.0,3.0,8.522878745280337
CC(C)=CCn1c(N2CCCNCC2)c(C#N)c2c1c(=O)n(Cc1nc(C)c3ccccc3n1)c(=O)n2C,CHEMBL1951609,=,=,2.0,2.0,2.0,8.698970004336019
CC(C)=CCn1c(N2CCCNCC2)c(C#N)c2c1c(=O)n(Cc1cn3ccccc3n1)c(=O)n2C,CHEMBL1951610,=,=,10.0,10.0,10.0,8.0
CC(C)=CCn1c(N2CCCNCC2)c(C#N)c2c1c(=O)n(Cc1ncc3ccccc3c1C#N)c(=O)n2C,CHEMBL1951611,=,=,1.0,1.0,1.0,9.0
CC(C)=CCn1c(N2CCCNCC2)c(C#N)c2c1c(=O)n(Cc1c(C#N)cnc3ccccc13)c(=O)n2C,CHEMBL1949693,=,=,5.5,5.5,5.5,8.259637310505756
CC#CCn1c(N2CCCNCC2)c(C#N)c2c1c(=O)n(Cc1nccc3ccccc13)c(=O)n2C,CHEMBL1951612,=,=,5.0,5.0,5.0,8.301029995663981
CC#CCn1c(N2CCCNCC2)c(C#N)c2c1c(=O)n(Cc1nc(C)c3ccccc3n1)c(=O)n2C,CHEMBL1951613,=,=,7.5,7.5,7.5,8.1249387366083
CC#CCn1c(N2CCCNCC2)c(C#N)c2c1c(=O)n(Cc1ncc3ccccc3c1C#N)c(=O)n2C,CHEMBL1951416,=,=,1.0,1.0,1.0,9.0
CC#CCn1c(N2CCCNCC2)c(C#N)c2c1c(=O)n(Cc1c(C#N)cnc3ccccc13)c(=O)n2C,CHEMBL1951614,=,=,2.0,2.0,2.0,8.698970004336019
N[C@H]1CN(c2ccc(-n3ccc(OCc4ccccc4)cc3=O)cn2)C[C@@H]1c1cc(F)ccc1F,CHEMBL2011528,=,=,1650.0,1.65,1650.0,5.782516055786093
N[C@H]1CN(c2ccc(-n3ccc(OCc4ccccc4)cc3=O)cn2)C[C@@H]1c1cc(F)c(F)cc1F,CHEMBL2011534,=,=,1100.0,1.1,1100.0,5.958607314841775
N[C@H]1CN(c2ccc(-n3ccc(OCc4ccccc4)cc3=O)cn2)CC[C@@H]1c1cc(F)c(F)cc1F,CHEMBL2011535,=,=,350.0,0.35,350.0,6.455931955649724
CC(C)[C@H](N)C(=O)N1CCC[C@H]1B(O)O,CHEMBL67279,=,=,22.0,0.022,22.0,7.657577319177793
N[C@@H](CC(=O)N1CCn2c(nnc2C(F)(F)F)C1)Cc1cc(F)c(F)cc1F,CHEMBL1422,=,=,40.0,0.04,40.0,7.3979400086720375
N#C[C@@H]1CCCN1C(=O)CNC12CC3CC(CC(O)(C3)C1)C2,CHEMBL142703,=,=,120.0,0.12,120.0,6.920818753952375
N#C[C@@H]1CCCN1C(=O)CNC(=O)c1ccc(-c2cccs2)cc1,CHEMBL2022512,=,=,13100.0,13.1,13100.0,4.882728704344236
Cn1c(=O)cc(N2CCC[C@@H](N)C2)n(Cc2ccccc2C#N)c1=O,CHEMBL376359,=,=,3.4,3.4,3.4,8.468521082957745
N#Cc1ccccc1Cn1c(N2CCC[C@@H](N)C2)nc2c(Br)c[nH]c2c1=O,CHEMBL2023067,=,=,1.4,1.4,1.4,8.853871964321762
N#Cc1ccccc1Cn1c(N2CCC[C@@H](N)C2)nc2[nH]c(-c3cccnc3)cc2c1=O,CHEMBL2023066,=,=,2.34,2.34,2.34,8.630784142589857
Cc1cc2c(=O)n(Cc3ccccc3C#N)c(N3CCC[C@@H](N)C3)nc2[nH]1,CHEMBL2022464,=,=,13.78,13.78,13.78,7.8607507824283935
N#Cc1ccccc1Cn1c(N2CCC[C@@H](N)C2)nc2[nH]c(Br)cc2c1=O,CHEMBL2022467,=,=,2.64,2.64,2.64,8.578396073130168
O=C([C@@H]1C[C@H](N2CCN(c3ccc([N+](=O)[O-])cn3)CC2)CN1)N1CCSC1,CHEMBL399610,=,=,0.92,0.92,0.92,9.036212172654444
O=C([C@@H]1C[C@H](N2CCN(c3ccc([N+](=O)[O-])cc3)CC2)CN1)N1CCSC1,CHEMBL391466,=,=,1.6,1.6,1.6,8.795880017344075
O=C([C@@H]1C[C@H](N2CCN(c3nccc4ccccc34)CC2)CN1)N1CCSC1,CHEMBL2058973,=,=,0.61,0.61,0.61,9.214670164989233
O=C([C@@H]1C[C@H](N2CCN(c3ncc(Cl)c4ccccc34)CC2)CN1)N1CCSC1,CHEMBL2058974,=,=,0.73,0.73,0.73,9.136677139879545
N#Cc1cnc(N2CCN([C@@H]3CN[C@H](C(=O)N4CCSC4)C3)CC2)c2ccccc12,CHEMBL2058975,=,=,0.51,0.51,0.51,9.292429823902063
O=C([C@@H]1C[C@H](N2CCN(c3ccc4ccccc4n3)CC2)CN1)N1CCSC1,CHEMBL2058968,=,=,2.2,2.2,2.2,8.657577319177793
O=C([C@@H]1C[C@H](N2CCN(c3ccnc4ccccc34)CC2)CN1)N1CCSC1,CHEMBL2058969,=,=,0.95,0.95,0.95,9.022276394711152
Cc1cc(N2CCN([C@@H]3CN[C@H](C(=O)N4CCSC4)C3)CC2)c2ccccc2n1,CHEMBL2058970,=,=,0.56,0.56,0.56,9.2518119729938
O=C([C@@H]1C[C@H](N2CCN(c3cc(C(F)(F)F)nc4ccccc34)CC2)CN1)N1CCSC1,CHEMBL2058971,=,=,0.37,0.37,0.37,9.431798275933005
O=C([C@@H]1C[C@H](N2CCN(c3ccnc4cc(Cl)ccc34)CC2)CN1)N1CCSC1,CHEMBL2058972,=,=,0.61,0.61,0.61,9.214670164989233
O=C([C@@H]1C[C@H](N2CCN(c3ccnc4cc(C(F)(F)F)ccc34)CC2)CN1)N1CCSC1,CHEMBL2058759,=,=,1.6,1.6,1.6,8.795880017344075
O=C([C@@H]1C[C@H](N2CCN(c3nc4ccccc4[nH]3)CC2)CN1)N1CCSC1,CHEMBL2058760,=,=,0.8,0.8,0.8,9.096910013008056
O=C([C@@H]1C[C@H](N2CCN(c3nc4cc(Cl)ccc4[nH]3)CC2)CN1)N1CCSC1,CHEMBL2058761,=,=,0.59,0.59,0.59,9.229147988357855
N#Cc1ccc2[nH]c(N3CCN([C@@H]4CN[C@H](C(=O)N5CCSC5)C4)CC3)nc2c1,CHEMBL2058762,=,=,0.39,0.39,0.39,9.4089353929735
O=C([C@@H]1C[C@H](N2CCN(c3nc4ccccc4o3)CC2)CN1)N1CCSC1,CHEMBL2058967,=,=,1.2,1.2,1.2,8.920818753952375
N#Cc1ccc2oc(N3CCN([C@@H]4CN[C@H](C(=O)N5CCSC5)C4)CC3)nc2c1,CHEMBL2058756,=,=,0.5,0.5,0.5,9.301029995663981
O=C([C@@H]1C[C@H](N2CCN(c3nc4ccccc4s3)CC2)CN1)N1CCSC1,CHEMBL2058757,=,=,0.55,0.55,0.55,9.259637310505756
N#Cc1ccc2sc(N3CCN([C@@H]4CN[C@H](C(=O)N5CCSC5)C4)CC3)nc2c1,CHEMBL2058758,=,=,0.42,0.42,0.42,9.3767507096021
C[C@H](N)C(=O)N1C[C@@H](O)C[C@H]1B(O)O,CHEMBL2063024,=,=,2.3,2.3,2.3,8.638272163982407
C[C@H](N)C(=O)N1C[C@H](O)C[C@H]1B(O)O,CHEMBL2063025,=,=,23.0,23.0,23.0,7.638272163982407
C[C@H](N)C(=O)N1C[C@H](F)C[C@H]1B(O)O,CHEMBL2063026,=,=,2.1,2.1,2.1,8.67778070526608
C[C@H](N)C(=O)N1CC(=O)C[C@H]1B(O)O,CHEMBL2063027,=,=,200.0,200.0,200.0,6.698970004336019
C[C@H](N)C(=O)N1C[C@@H](Cl)C[C@H]1B(O)O,CHEMBL2063028,=,=,18000.0,18.0,18000.0,4.7447274948966935
N[C@@H](CCC(=O)O)C(=O)N1C[C@@H](O)C[C@H]1B(O)O,CHEMBL2063029,=,=,29.0,29.0,29.0,7.537602002101044
N[C@@H](CCC(=O)O)C(=O)N1C[C@H](O)C[C@H]1B(O)O,CHEMBL2063030,=,=,17.0,17.0,17.0,7.769551078621726
CC(C)(C)[C@H](N)C(=O)N1C[C@@H](O)C[C@H]1B(O)O,CHEMBL2063031,=,=,53.0,53.0,53.0,7.275724130399211
CC(C)(C)[C@H](N)C(=O)N1C[C@H](O)C[C@H]1B(O)O,CHEMBL2063032,=,=,59.0,59.0,59.0,7.229147988357855
O=C([C@@H]1CCCN1)N1C[C@@H](O)C[C@H]1B(O)O,CHEMBL2063033,=,=,6.2,6.2,6.2,8.207608310501746
O=C([C@@H]1CCCN1)N1C[C@H](O)C[C@H]1B(O)O,CHEMBL2063034,=,=,6.5,6.5,6.5,8.187086643357144
O=C([C@@H]1C[C@@H](O)CN1)N1C[C@@H](O)C[C@H]1B(O)O,CHEMBL2063035,=,=,20.0,20.0,20.0,7.698970004336019
O=C([C@@H]1C[C@@H](O)CN1)N1C[C@H](O)C[C@H]1B(O)O,CHEMBL2063036,=,=,48.0,48.0,48.0,7.318758762624412
O=C([C@@H]1C[C@H](O)CN1)N1C[C@@H](O)C[C@H]1B(O)O,CHEMBL2063037,=,=,15.0,15.0,15.0,7.823908740944319
O=C([C@@H]1C[C@H](O)CN1)N1C[C@H](O)C[C@H]1B(O)O,CHEMBL2063038,=,=,16.0,16.0,16.0,7.795880017344075
N[C@@H](CCCC(=O)O)C(=O)N1C[C@H](O)C[C@H]1B(O)O,CHEMBL2063039,=,=,17.0,17.0,17.0,7.769551078621726
N=C(N)NCCC[C@H](N)C(=O)N1C[C@@H](O)C[C@H]1B(O)O,CHEMBL2063040,=,=,0.3,0.3,0.3,9.522878745280337
C[C@H](N)C(=O)N1CCC[C@H]1B(O)O,CHEMBL63860,=,=,0.46,0.46,0.46,9.337242168318426
N[C@@H](CC(=O)N1CCn2c(nnc2C(F)(F)F)C1)Cc1cc(F)c(F)cc1F.O=P(O)(O)O,CHEMBL393336,=,=,6.0,6.0,6.0,8.221848749616356
N[C@@H](CC(=O)N1CCN(c2ccc([N+](=O)[O-])cc2)CC1)Cc1cc(F)c(F)cc1F,CHEMBL2069828,=,=,85.7,85.7,85.7,7.0670191780768015
N[C@@H](CC(=O)N1CCN(c2ccc([N+](=O)[O-])cc2F)CC1)Cc1cc(F)c(F)cc1F,CHEMBL2069829,=,=,194.0,194.0,194.0,6.7121982700697735
N[C@@H](CC(=O)N1CCN(c2ccc(F)cc2F)CC1)Cc1cc(F)c(F)cc1F,CHEMBL2069830,=,=,291.0,291.0,291.0,6.536107011014092
CC(O)c1ccc(N2CCN(C(=O)C[C@H](N)Cc3cc(F)c(F)cc3F)CC2)cc1,CHEMBL2069831,=,=,264.0,264.0,264.0,6.578396073130168
CC(=O)c1ccc(N2CCN(C(=O)C[C@H](N)Cc3cc(F)c(F)cc3F)CC2)cc1,CHEMBL2069832,=,=,99.7,99.7,99.7,7.001304841688344
N[C@@H](CC(=O)N1CCN(c2ccccc2-c2ccccc2)CC1)Cc1cc(F)c(F)cc1F,CHEMBL2069833,=,=,569.0,569.0,569.0,6.244887733604928
N#Cc1ccccc1N1CCN(C(=O)C[C@H](N)Cc2cc(F)c(F)cc2F)CC1,CHEMBL2069834,=,=,50.4,50.4,50.4,7.297569463554475
N#Cc1ccc(N2CCN(C(=O)C[C@H](N)Cc3cc(F)c(F)cc3F)CC2)cc1,CHEMBL2069835,=,=,101.0,101.0,101.0,6.995678626217357
COc1cc(CN2CCN(C(=O)C[C@H](N)Cc3cc(F)c(F)cc3F)CC2)cc(OC)c1,CHEMBL2069836,=,=,103.0,103.0,103.0,6.987162775294828
N[C@@H](CC(=O)N1CCN(C(c2ccc(F)cc2)c2ccc(F)cc2)CC1)Cc1cc(F)c(F)cc1F,CHEMBL2069837,=,=,212.0,212.0,212.0,6.673664139071249
N[C@@H](CC(=O)N1CCN(C(=O)c2ccccc2)CC1)Cc1cc(F)c(F)cc1F,CHEMBL2069838,=,=,52.6,52.6,52.6,7.279014255846261
N[C@@H](CC(=O)N1CCN(C(=O)c2ccc(F)cc2)CC1)Cc1cc(F)c(F)cc1F,CHEMBL2069839,=,=,45.3,45.3,45.3,7.343901797987169
N[C@@H](CC(=O)N1CCN(C(=O)c2ccc(O)cc2)CC1)Cc1cc(F)c(F)cc1F,CHEMBL2069840,=,=,39.0,39.0,39.0,7.4089353929735005
N[C@@H](CC(=O)N1CCN(C(=O)c2ccc(OC(F)(F)F)cc2)CC1)Cc1cc(F)c(F)cc1F,CHEMBL2069841,=,=,64.6,64.6,64.6,7.189767482004916
N[C@@H](CC(=O)N1CCN(C(=O)c2ccc(C(F)(F)F)cc2)CC1)Cc1cc(F)c(F)cc1F,CHEMBL2069842,=,=,56.4,56.4,56.4,7.248720896016658
N[C@@H](CC(=O)N1CCN(C(=O)c2ccc(S(N)(=O)=O)cc2)CC1)Cc1cc(F)c(F)cc1F,CHEMBL2069843,=,=,45.3,45.3,45.3,7.343901797987169
N[C@@H](CC(=O)N1CCN(C(=O)c2ccc(C(=O)O)cc2)CC1)Cc1cc(F)c(F)cc1F,CHEMBL2069844,=,=,53.4,53.4,53.4,7.272458742971444
N[C@@H](CC(=O)N1CCN(C(=O)c2cccc(C(=O)O)c2)CC1)Cc1cc(F)c(F)cc1F,CHEMBL2069845,=,=,56.9,56.9,56.9,7.244887733604929
CN1CCN(c2ccc(C(=O)N3CCN(C(=O)C[C@H](N)Cc4cc(F)c(F)cc4F)CC3)cc2)CC1,CHEMBL2069846,=,=,47.7,47.7,47.7,7.3214816209598865
N[C@@H](CC(=O)N1CCN(C(=O)c2ccco2)CC1)Cc1cc(F)c(F)cc1F,CHEMBL2069847,=,=,67.7,67.7,67.7,7.169411331314856
N[C@@H](CC(=O)N1CCN(C(=O)c2ccc3ccccc3n2)CC1)Cc1cc(F)c(F)cc1F,CHEMBL2069848,=,=,24.9,24.9,24.9,7.603800652904264
COc1cccc2cc(C(=O)N3CCN(C(=O)C[C@H](N)Cc4cc(F)c(F)cc4F)CC3)oc12,CHEMBL2069849,=,=,65.4,65.4,65.4,7.184422251675732
N[C@@H](CC(=O)N1CCN(C(=O)c2ccccn2)CC1)Cc1cc(F)c(F)cc1F,CHEMBL2069850,=,=,57.6,57.6,57.6,7.239577516576788
N[C@@H](CC(=O)N1CCN(C(=O)c2cnccn2)CC1)Cc1cc(F)c(F)cc1F,CHEMBL2069851,=,=,74.4,74.4,74.4,7.128427064454121
N[C@@H](CC(=O)N1CCN(C(=O)c2ccc(O)nc2)CC1)Cc1cc(F)c(F)cc1F,CHEMBL2069852,=,=,91.5,91.5,91.5,7.0385789059335515
N[C@@H](CC(=O)N1CCN(C(=O)c2cc(O)c3cccc(O)c3n2)CC1)Cc1cc(F)c(F)cc1F,CHEMBL2069853,=,=,31.2,31.2,31.2,7.505845405981557
N[C@@H](CC(=O)N1CCN(C(=O)c2cc3ccccc3s2)CC1)Cc1cc(F)c(F)cc1F,CHEMBL2069854,=,=,50.6,50.6,50.6,7.2958494831602
Cn1c(C(=O)N2CCN(C(=O)C[C@H](N)Cc3cc(F)c(F)cc3F)CC2)cc2ccccc21,CHEMBL2069855,=,=,33.9,33.9,33.9,7.4698003017969175
N[C@@H](CC(=O)N1CCN(C(=O)c2cc3ccccc3o2)CC1)Cc1cc(F)c(F)cc1F,CHEMBL2069856,=,=,76.2,76.2,76.2,7.1180450286604
N[C@@H](CC(=O)N1CCN(C(=O)c2ccc3cccnc3n2)CC1)Cc1cc(F)c(F)cc1F,CHEMBL2069308,=,=,36.7,36.7,36.7,7.435333935747911
N[C@@H](CC(=O)N1CCN(C(=O)c2cc(Cl)ccn2)CC1)Cc1cc(F)c(F)cc1F,CHEMBL2069857,=,=,42.2,42.2,42.2,7.374687549038326
N[C@@H](CC(=O)N1CCN(C(=O)c2cccc(-c3ccc(F)cc3)n2)CC1)Cc1cc(F)c(F)cc1F,CHEMBL2069858,=,=,30.5,30.5,30.5,7.515700160653214
N[C@@H](CC(=O)N1CCN(C(=O)c2cccc(F)n2)CC1)Cc1cc(F)c(F)cc1F,CHEMBL2069859,=,=,113.9,113.9,113.9,6.943476275920899
N[C@@H](CC(=O)N1CCN(C(=O)c2ncc(F)cc2F)CC1)Cc1cc(F)c(F)cc1F,CHEMBL2069860,=,=,57.4,57.4,57.4,7.241088107602026
NC(=O)[C@@H]1CCCN1C(=O)CCNC(=O)c1ccccc1,CHEMBL2086587,=,=,320.0,320.0,320.0,6.494850021680094
COc1ccc(C(=O)NCCC(=O)N2CCC[C@H]2C(N)=O)cc1,CHEMBL2086588,=,=,890.0,890.0,890.0,6.050609993355087
NC(=O)[C@@H]1CCCN1C(=O)CCNC(=O)c1ccc(O)cc1,CHEMBL2086589,=,=,863.0,863.0,863.0,6.06398920428479
NC(=O)[C@@H]1CCCN1C(=O)CCNC(=O)c1ccc(F)cc1,CHEMBL2086590,=,=,93.0,93.0,93.0,7.031517051446065
N#Cc1ccc(C(=O)NCCC(=O)N2CCC[C@H]2C(N)=O)cc1,CHEMBL2086591,=,=,31.0,31.0,31.0,7.508638306165727
NC(=O)[C@@H]1CCCN1C(=O)CCNC(=O)c1ccc(C(F)(F)F)cc1,CHEMBL2086592,=,=,28.0,28.0,28.0,7.552841968657781
Cc1ccc(C(=O)NCCC(=O)N2CCC[C@H]2C(N)=O)cc1,CHEMBL2086593,=,=,715.0,715.0,715.0,6.145693958198919
NC(=O)[C@@H]1CCCN1C(=O)CCNC(=O)c1ccc(-c2ccccc2)cc1,CHEMBL2086594,=,=,107.0,107.0,107.0,6.97061622231479
NC(=O)[C@@H]1CCCN1C(=O)CCCNC(=O)c1ccccc1,CHEMBL2086595,=,=,298.0,298.0,298.0,6.525783735923745
COc1ccc(C(=O)NCCCC(=O)N2CCC[C@H]2C(N)=O)cc1,CHEMBL2086596,=,=,869.0,869.0,869.0,6.060980223551334
NC(=O)[C@@H]1CCCN1C(=O)CCCNC(=O)c1ccc(O)cc1,CHEMBL2086597,=,=,843.0,843.0,843.0,6.074172425375258
NC(=O)[C@@H]1CCCN1C(=O)CCCNC(=O)c1ccc(F)cc1,CHEMBL2086598,=,=,74.0,74.0,74.0,7.130768280269024
N#Cc1ccc(C(=O)NCCCC(=O)N2CCC[C@H]2C(N)=O)cc1,CHEMBL2086599,=,=,26.0,26.0,26.0,7.585026652029182
NC(=O)[C@@H]1CCCN1C(=O)CCCNC(=O)c1ccc(C(F)(F)F)cc1,CHEMBL2086600,=,=,19.0,19.0,19.0,7.721246399047171
Cc1ccc(C(=O)NCCCC(=O)N2CCC[C@H]2C(N)=O)cc1,CHEMBL2086601,=,=,694.0,694.0,694.0,6.158640529545146
NC(=O)[C@@H]1CCCN1C(=O)CCCNC(=O)c1ccc(-c2ccccc2)cc1,CHEMBL2086602,=,=,104.0,104.0,104.0,6.982966660701219
NC(=O)[C@@H]1CCCN1C(=O)c1ccc(NC(=O)c2ccccc2)cc1,CHEMBL2086603,=,=,311.0,311.0,311.0,6.507239610973162
COc1ccc(C(=O)Nc2ccc(C(=O)N3CCC[C@H]3C(N)=O)cc2)cc1,CHEMBL2086604,=,=,879.0,879.0,879.0,6.056011124926228
NC(=O)[C@@H]1CCCN1C(=O)c1ccc(NC(=O)c2ccc(O)cc2)cc1,CHEMBL2086605,=,=,863.0,863.0,863.0,6.06398920428479
NC(=O)[C@@H]1CCCN1C(=O)c1ccc(NC(=O)c2ccc(F)cc2)cc1,CHEMBL2086606,=,=,100.0,100.0,100.0,7.0
N#Cc1ccc(C(=O)Nc2ccc(C(=O)N3CCC[C@H]3C(N)=O)cc2)cc1,CHEMBL2086607,=,=,34.0,34.0,34.0,7.468521082957745
NC(=O)[C@@H]1CCCN1C(=O)c1ccc(NC(=O)c2ccc(C(F)(F)F)cc2)cc1,CHEMBL2086608,=,=,31.0,31.0,31.0,7.508638306165727
Cc1ccc(C(=O)Nc2ccc(C(=O)N3CCC[C@H]3C(N)=O)cc2)cc1,CHEMBL2086609,=,=,723.0,723.0,723.0,6.140861702705469
NC(=O)[C@@H]1CCCN1C(=O)c1ccc(NC(=O)c2ccc(-c3ccccc3)cc2)cc1,CHEMBL2086610,=,=,116.0,116.0,116.0,6.935542010773082
N#Cc1ccc(C(=O)NCCC(=O)N2CCC[C@H]2C#N)cc1,CHEMBL2086611,=,=,10.3,10.3,10.3,7.987162775294828
N#C[C@@H]1CCCN1C(=O)CCNC(=O)c1ccc(C(F)(F)F)cc1,CHEMBL2086612,=,=,13.2,13.2,13.2,7.87942606879415
N#Cc1ccc(C(=O)NCCCC(=O)N2CCC[C@H]2C#N)cc1,CHEMBL2086613,=,=,2.3,2.3,2.3,8.638272163982407
N#C[C@@H]1CCCN1C(=O)CCCNC(=O)c1ccc(C(F)(F)F)cc1,CHEMBL2086614,=,=,3.8,3.8,3.8,8.42021640338319
N#Cc1ccc(C(=O)Nc2ccc(C(=O)N3CCC[C@H]3C#N)cc2)cc1,CHEMBL2086615,=,=,11.6,11.6,11.6,7.935542010773082
N#C[C@@H]1CCCN1C(=O)c1ccc(NC(=O)c2ccc(C(F)(F)F)cc2)cc1,CHEMBL2086616,=,=,14.3,14.3,14.3,7.844663962534938
N#Cc1ccc(NCCNCC(=O)N2CCC[C@H]2C#N)nc1,CHEMBL77538,=,=,7.2,7.2,7.2,8.142667503568731
N#C[C@@H]1CCCN1C(=O)CNC12CC3CC(CC(O)(C3)C1)C2,CHEMBL142703,=,=,3.2,3.2,3.2,8.494850021680094
O=C([C@@H]1C[C@H](N2CCN(c3cc(C(F)(F)F)nc4ccccc34)CC2)CN1)N1CCSC1,CHEMBL2058971,=,=,0.37,0.37,0.37,9.431798275933005
O=C([C@@H]1C[C@H](N2CCN(c3ccc4ccccc4n3)CC2)CN1)N1CCSC1,CHEMBL2058968,=,=,2.2,2.2,2.2,8.657577319177793
O=C([C@@H]1C[C@H](N2CCN(c3ccnc4ccccc34)CC2)CN1)N1CCSC1,CHEMBL2058969,=,=,0.95,0.95,0.95,9.022276394711152
O=C([C@@H]1C[C@H](N2CCN(c3nc(-c4ccccc4)cs3)CC2)CN1)N1CCSC1,CHEMBL2147702,=,=,4.5,4.5,4.5,8.346787486224656
O=C([C@@H]1C[C@H](N2CCN(c3nccn3-c3ccccc3)CC2)CN1)N1CCSC1,CHEMBL2147703,=,=,0.26,0.26,0.26,9.585026652029182
O=C([C@@H]1C[C@H](N2CCN(c3nnnn3-c3ccccc3)CC2)CN1)N1CCSC1,CHEMBL2147704,=,=,0.2,0.2,0.2,9.698970004336019
O=C([C@@H]1C[C@H](N2CCC(c3nnnn3-c3ccccc3)CC2)CN1)N1CCSC1,CHEMBL2147705,=,=,4.0,4.0,4.0,8.397940008672037
O=C([C@@H]1C[C@H](N2CCN(c3nnnn3C3CCCCC3)CC2)CN1)N1CCSC1,CHEMBL2147706,=,=,4.3,4.3,4.3,8.366531544420413
O=C([C@@H]1C[C@H](N2CCN(c3ccnn3-c3ccccc3)CC2)CN1)N1CCSC1,CHEMBL2147707,=,=,0.94,0.94,0.94,9.0268721464003
O=C([C@@H]1C[C@H](N2CCN(c3cc(C(F)(F)F)nn3-c3ccccc3)CC2)CN1)N1CCSC1,CHEMBL2147709,=,=,0.32,0.32,0.32,9.494850021680094
O=C([C@@H]1C[C@H](N2CCC(c3cc(C(F)(F)F)nn3-c3ccccc3)CC2)CN1)N1CCSC1,CHEMBL2147710,=,=,5.6,5.6,5.6,8.2518119729938
Cc1cc(N2CCN([C@@H]3CN[C@H](C(=O)N4CCSC4)C3)CC2)n(-c2ccc(F)cc2)n1,CHEMBL2147711,=,=,2.9,2.9,2.9,8.537602002101044
Cc1cc(N2CCN([C@@H]3CN[C@H](C(=O)N4CCSC4)C3)CC2)n(-c2cccc(F)c2)n1,CHEMBL2147712,=,=,0.3,0.3,0.3,9.522878745280337
Cc1cc(N2CCN([C@@H]3CN[C@H](C(=O)N4CCSC4)C3)CC2)n(-c2ccccc2F)n1,CHEMBL2147713,=,=,0.85,0.85,0.85,9.070581074285707
Cc1cc(N2CCN([C@@H]3CN[C@H](C(=O)N4CCSC4)C3)CC2)n(-c2ccc(Cl)cc2)n1,CHEMBL2147714,=,=,3.4,3.4,3.4,8.468521082957745
Cc1cc(N2CCN([C@@H]3CN[C@H](C(=O)N4CCSC4)C3)CC2)n(-c2ccc(C#N)cc2)n1,CHEMBL2147715,=,=,12.0,12.0,12.0,7.920818753952375
Cc1cc(N2CCN([C@@H]3CN[C@H](C(=O)N4CCSC4)C3)CC2)n(-c2ccncc2)n1,CHEMBL2147772,=,=,5.0,5.0,5.0,8.301029995663981
Cc1cc(N2CCN([C@@H]3CN[C@H](C(=O)N4CCSC4)C3)CC2)n(-c2cccnc2)n1,CHEMBL2147773,=,=,0.62,0.62,0.62,9.207608310501746
Cc1cc(N2CCN([C@@H]3CN[C@H](C(=O)N4CCSC4)C3)CC2)n(-c2ccccn2)n1,CHEMBL2147771,=,=,0.63,0.63,0.63,9.200659450546418
Cc1cc(N2CCN([C@@H]3CN[C@H](C(=O)N4CCSC4)C3)CC2)n(-c2ccc(C#N)cn2)n1,CHEMBL2147774,=,=,15.0,15.0,15.0,7.823908740944319
Cc1cc(N2CCN([C@H]3CN[C@H](C(=O)N4CCSC4)C3)CC2)n(-c2ccccc2)n1,CHEMBL2147775,=,=,6.3,6.3,6.3,8.200659450546418
O=C([C@@H]1C[C@H](N2CCN(c3ccc([N+](=O)[O-])cc3)CC2)CN1)N1CCSC1,CHEMBL391466,=,=,1.6,1.6,1.6,8.795880017344075
N#Cc1ccc(N2CCN([C@@H]3CN[C@H](C(=O)N4CCSC4)C3)CC2)nc1,CHEMBL241253,=,=,1.6,1.6,1.6,8.795880017344075
Cc1cc(N2CCN([C@@H]3CN[C@H](C(=O)N4CCSC4)C3)CC2)n(-c2ccccc2)n1,CHEMBL2147777,=,=,0.37,0.37,0.37,9.431798275933005
Cl.Cn1c(=O)c2c(nc(N3CCC[C@@H](N)C3)n2Cc2cc(F)ccc2Cl)c2ccc(C(=O)O)cc21,CHEMBL2147070,=,=,0.48,0.48,0.48,9.318758762624412
N#C[C@@H]1C[C@@H]2C[C@@H]2N1C(=O)[C@@H](N)C12CC3CC(CC(O)(C3)C1)C2,CHEMBL385517,=,=,3.37,3.37,3.37,8.47237009912866
CC#CCn1c(N2CCC[C@@H](N)C2)nc2c1c(=O)n(Cc1nc(C)c3ccccc3n1)c(=O)n2C,CHEMBL237500,=,=,1.0,1.0,1.0,9.0
Cn1c(=O)cc(N2CCC[C@@H](N)C2)n(Cc2ccccc2C#N)c1=O,CHEMBL376359,=,=,4.0,4.0,4.0,8.397940008672037
N[C@@H](CC(=O)N1CCn2c(nnc2C(F)(F)F)C1)Cc1cc(F)c(F)cc1F,CHEMBL1422,=,=,18.0,18.0,18.0,7.7447274948966935
Cl.N[C@@H]1CCCN(c2nc3c4ccccc4[nH]c(=O)c3n2Cc2ccccc2Cl)C1,CHEMBL2147057,=,=,418.0,418.0,418.0,6.3788237182249645
Cl.Cn1c(=O)c2c(nc(N3CCC[C@@H](N)C3)n2Cc2ccccc2Cl)c2ccccc21,CHEMBL2147087,=,=,103.0,103.0,103.0,6.987162775294828
CCn1c(=O)c2c(nc(N3CCC[C@@H](N)C3)n2Cc2ccccc2Cl)c2ccccc21.Cl,CHEMBL2147184,=,=,400.0,400.0,400.0,6.3979400086720375
CCCn1c(=O)c2c(nc(N3CCC[C@@H](N)C3)n2Cc2ccccc2Cl)c2ccccc21.Cl,CHEMBL2147185,=,=,3400.0,3400.0,3400.0,5.468521082957745
COc1cccc2c3nc(N4CCC[C@@H](N)C4)n(Cc4ccccc4Cl)c3c(=O)n(C)c12.Cl,CHEMBL2147187,=,=,660.0,660.0,660.0,6.180456064458131
COC(=O)c1cccc2c3nc(N4CCC[C@@H](N)C4)n(Cc4ccccc4Cl)c3c(=O)n(C)c12.Cl,CHEMBL2147188,=,=,271.0,271.0,271.0,6.567030709125595
Cl.Cn1c(=O)c2c(nc(N3CCC[C@@H](N)C3)n2Cc2ccccc2Cl)c2cccc(C(=O)O)c21,CHEMBL2147189,=,=,72.0,72.0,72.0,7.142667503568731
Cl.Cn1c(=O)c2c(nc(N3CCC[C@@H](N)C3)n2Cc2ccccc2Cl)c2ccc(F)cc21,CHEMBL2147190,=,=,66.0,66.0,66.0,7.180456064458131
Cl.Cn1c(=O)c2c(nc(N3CCC[C@@H](N)C3)n2Cc2ccccc2Cl)c2ccc(-c3ccccc3)cc21,CHEMBL2147191,=,=,72.0,72.0,72.0,7.142667503568731
Cc1ccc2c3nc(N4CCC[C@@H](N)C4)n(Cc4ccccc4Cl)c3c(=O)n(C)c2c1,CHEMBL2147192,=,=,340.0,340.0,340.0,6.468521082957745
COc1ccc2c3nc(N4CCC[C@@H](N)C4)n(Cc4ccccc4Cl)c3c(=O)n(C)c2c1.Cl,CHEMBL2147193,=,=,66.0,66.0,66.0,7.180456064458131
COCc1ccc2c3nc(N4CCC[C@@H](N)C4)n(Cc4ccccc4Cl)c3c(=O)n(C)c2c1.Cl,CHEMBL2147194,=,=,17.0,17.0,17.0,7.769551078621726
Cn1c(=O)c2c(nc(N3CCC[C@@H](N)C3)n2Cc2ccccc2Cl)c2ccc(CO)cc21,CHEMBL2147183,=,=,22.0,22.0,22.0,7.657577319177793
COC(=O)c1ccc2c3nc(N4CCC[C@@H](N)C4)n(Cc4ccccc4Cl)c3c(=O)n(C)c2c1.Cl,CHEMBL2147195,=,=,16.0,16.0,16.0,7.795880017344075
Cl.Cn1c(=O)c2c(nc(N3CCC[C@@H](N)C3)n2Cc2ccccc2Cl)c2ccc(C(N)=O)cc21,CHEMBL2147196,=,=,12.0,12.0,12.0,7.920818753952375
CN(C)C(=O)c1ccc2c3nc(N4CCC[C@@H](N)C4)n(Cc4ccccc4Cl)c3c(=O)n(C)c2c1.Cl,CHEMBL2147071,=,=,10.0,10.0,10.0,8.0
Cn1c(=O)c2c(nc(N3CCC[C@@H](N)C3)n2Cc2ccccc2Cl)c2ccc(C#N)cc21,CHEMBL2147072,=,=,6.3,6.3,6.3,8.200659450546418
Cl.Cn1c(=O)c2c(nc(N3CCC[C@@H](N)C3)n2Cc2ccccc2Cl)c2ccc(C(=O)O)cc21,CHEMBL2147073,=,=,1.6,1.6,1.6,8.795880017344075
Cl.Cn1c(=O)c2c(nc(N3CCC[C@@H](N)C3)n2Cc2ccccc2Cl)c2ccc(CC(=O)O)cc21,CHEMBL2147074,=,=,3.8,3.8,3.8,8.42021640338319
COc1ccc2c(c1)c1nc(N3CCC[C@@H](N)C3)n(Cc3ccccc3Cl)c1c(=O)n2C.Cl,CHEMBL2147075,=,=,90.0,90.0,90.0,7.045757490560675
Cc1ccc2c(c1)c1nc(N3CCC[C@@H](N)C3)n(Cc3ccccc3Cl)c1c(=O)n2C.Cl,CHEMBL2147076,=,=,94.0,94.0,94.0,7.026872146400302
Cl.Cn1c(=O)c2c(nc(N3CCC[C@@H](N)C3)n2Cc2ccccc2Cl)c2cc(F)ccc21,CHEMBL2147077,=,=,56.0,56.0,56.0,7.251811972993799
Cl.Cn1c(=O)c2c(nc(N3CCC[C@@H](N)C3)n2Cc2ccccc2Cl)c2cc(OC(F)F)ccc21,CHEMBL2147078,=,=,60.0,60.0,60.0,7.221848749616356
COC(=O)c1ccc2c(c1)c1nc(N3CCC[C@@H](N)C3)n(Cc3ccccc3Cl)c1c(=O)n2C.Cl,CHEMBL2147079,=,=,21.0,21.0,21.0,7.6777807052660805
Cl.Cn1c(=O)c2c(nc(N3CCC[C@@H](N)C3)n2Cc2ccccc2Cl)c2cc(C(N)=O)ccc21,CHEMBL2147080,=,=,14.0,14.0,14.0,7.853871964321762
CN(C)C(=O)c1ccc2c(c1)c1nc(N3CCC[C@@H](N)C3)n(Cc3ccccc3Cl)c1c(=O)n2C.Cl,CHEMBL2147081,=,=,13.0,13.0,13.0,7.886056647693163
Cl.Cn1c(=O)c2c(nc(N3CCC[C@@H](N)C3)n2Cc2ccccc2Cl)c2cc(C(=O)O)ccc21,CHEMBL2147082,=,=,5.8,5.8,5.8,8.236572006437063
Cl.Cn1c(=O)c2c(nc(N3CCC[C@@H](N)C3)n2Cc2ccccc2Cl)c2cc(CC(=O)O)ccc21,CHEMBL2147083,=,=,3.5,3.5,3.5,8.455931955649724
Cl.Cn1c(=O)c2c(nc(N3CCC[C@@H](N)C3)n2Cc2ccccc2Cl)c2c(C(=O)O)cccc21,CHEMBL2147084,=,=,54.0,54.0,54.0,7.267606240177031
Cl.Cn1c(=O)c2c(nc(N3CCC[C@@H](N)C3)n2Cc2ccccc2Cl)c2c(CC(=O)O)cccc21,CHEMBL2147085,=,=,17.0,17.0,17.0,7.769551078621726
Cl.Cn1c(=O)c2c(nc(N3CCC[C@@H](N)C3)n2Cc2ccccc2)c2cc(C(=O)O)ccc21,CHEMBL2147086,=,=,64.0,64.0,64.0,7.1938200260161125
Cc1ccccc1Cn1c(N2CCC[C@@H](N)C2)nc2c3cc(C(=O)O)ccc3n(C)c(=O)c21.Cl,CHEMBL2147058,=,=,11.0,11.0,11.0,7.958607314841775
COc1ccccc1Cn1c(N2CCC[C@@H](N)C2)nc2c3cc(C(=O)O)ccc3n(C)c(=O)c21.Cl,CHEMBL2147059,=,=,38.0,38.0,38.0,7.42021640338319
Cl.Cn1c(=O)c2c(nc(N3CCC[C@@H](N)C3)n2Cc2ccccc2F)c2cc(C(=O)O)ccc21,CHEMBL2147060,=,=,160.0,160.0,160.0,6.795880017344075
Cl.Cn1c(=O)c2c(nc(N3CCC[C@@H](N)C3)n2Cc2cccc(Cl)c2)c2cc(C(=O)O)ccc21,CHEMBL2147049,=,=,110.0,110.0,110.0,6.958607314841775
COc1cccc(Cn2c(N3CCC[C@@H](N)C3)nc3c4cc(C(=O)O)ccc4n(C)c(=O)c32)c1.Cl,CHEMBL2147062,=,=,150.0,150.0,150.0,6.823908740944319
COc1ccc(Cn2c(N3CCC[C@@H](N)C3)nc3c4cc(C(=O)O)ccc4n(C)c(=O)c32)cc1.Cl,CHEMBL2147063,=,=,6900.0,6900.0,6900.0,5.161150909262744
Cl.Cn1c(=O)c2c(nc(N3CCC[C@@H](N)C3)n2CCc2ccccc2Cl)c2cc(C(=O)O)ccc21,CHEMBL2147064,=,=,3500.0,3500.0,3500.0,5.455931955649724
Cl.Cn1c(=O)c2c(nc(N3CCC[C@@H](N)C3)n2CC2CCCCC2)c2cc(C(=O)O)ccc21,CHEMBL2147065,=,=,8900.0,8900.0,8900.0,5.050609993355087
CC(C)=CCn1c(N2CCC[C@@H](N)C2)nc2c3cc(C(=O)O)ccc3n(C)c(=O)c21.Cl,CHEMBL2147066,=,=,51.0,51.0,51.0,7.292429823902063
CC#CCn1c(N2CCC[C@@H](N)C2)nc2c3cc(C(=O)O)ccc3n(C)c(=O)c21.Cl,CHEMBL2147067,=,=,90.0,90.0,90.0,7.045757490560675
Cl.Cn1c(=O)c2c(nc(N3CCC[C@@H](N)C3)n2Cc2cc(Cl)ccc2Cl)c2cc(C(=O)O)ccc21,CHEMBL2147068,=,=,25.0,25.0,25.0,7.6020599913279625
Cl.Cn1c(=O)c2c(nc(N3CCC[C@@H](N)C3)n2Cc2cc(F)ccc2Cl)c2cc(C(=O)O)ccc21,CHEMBL2147069,=,=,4.8,4.8,4.8,8.318758762624412
Cc1ccc(F)cc1Cn1c(N2CCC[C@@H](N)C2)nc2c3ccc(C(=O)O)cc3n(C)c(=O)c21.Cl,CHEMBL2147056,=,=,0.55,0.55,0.55,9.259637310505756
O=C([C@@H]1CCCN1)N1CCCC1P(=O)(Oc1ccccc1)Oc1ccccc1,CHEMBL1182947,=,=,15000.0,15000.0,15000.0,4.823908740944319
CC(=O)Nc1ccc(OP(=O)(Oc2ccc(NC(C)=O)cc2)C2CCCN2C(=O)[C@@H]2CCCN2)cc1,CHEMBL2153742,=,=,400.0,400.0,400.0,6.3979400086720375
COC(=O)c1ccc(OP(=O)(Oc2ccc(C(=O)OC)cc2)C2CCCN2C(=O)[C@@H]2CCCN2)cc1,CHEMBL2153743,=,=,16.0,16.0,16.0,7.795880017344075
CCOC(=O)CNC(=O)c1ccc(OP(=O)(Oc2ccc(C(=O)NCC(=O)OCC)cc2)C2CCCN2C(=O)[C@@H]2CCCN2)cc1,CHEMBL2153744,=,=,23.0,23.0,23.0,7.638272163982407
Cn1c(=O)c2c(-c3ccccc3)c(CN)c(N)nc2n(C)c1=O,CHEMBL2159175,=,=,257.0,257.0,257.0,6.590066876668706
Cn1c(=O)c2c(-c3ccc(F)cc3)c(CN)c(N)nc2n(C)c1=O,CHEMBL2159176,=,=,1070.0,1070.0,1070.0,5.97061622231479
Cn1c(=O)c2c(-c3ccc(Br)cc3)c(CN)c(N)nc2n(C)c1=O,CHEMBL2159177,=,=,128.0,128.0,128.0,6.892790030352131
COc1cccc(-c2c(CN)c(N)nc3c2c(=O)n(C)c(=O)n3C)c1,CHEMBL2159178,=,=,2800.0,2800.0,2800.0,5.552841968657781
COc1ccccc1-c1c(CN)c(N)nc2c1c(=O)n(C)c(=O)n2C,CHEMBL2159179,=,=,57.0,57.0,57.0,7.2441251443275085
Cn1c(=O)c2c(-c3ccccc3C#N)c(CN)c(N)nc2n(C)c1=O,CHEMBL2159180,=,=,69.0,69.0,69.0,7.161150909262744
Cn1c(=O)c2c(-c3ccccc3Cl)c(CN)c(N)nc2n(C)c1=O,CHEMBL2159181,=,=,33.0,33.0,33.0,7.481486060122112
Cn1c(=O)c2c(-c3ccccc3Br)c(CN)c(N)nc2n(C)c1=O,CHEMBL2159182,=,=,17.0,17.0,17.0,7.769551078621726
Cn1c(=O)c2c(-c3cccc(Cl)c3Cl)c(CN)c(N)nc2n(C)c1=O,CHEMBL2159183,=,=,371.0,371.0,371.0,6.430626090384954
Cn1c(=O)c2c(-c3ccc(Cl)cc3Cl)c(CN)c(N)nc2n(C)c1=O,CHEMBL2159184,=,=,24.0,24.0,24.0,7.619788758288394
Cn1c(=O)c2c(-c3cc(Cl)ccc3Cl)c(CN)c(N)nc2n(C)c1=O,CHEMBL2159185,=,=,29.0,29.0,29.0,7.537602002101044
COc1ccc(F)cc1-c1c(CN)c(N)nc2c1c(=O)n(C)c(=O)n2C,CHEMBL2159186,=,=,20.0,20.0,20.0,7.698970004336019
Cn1c(=O)c2c(-c3cc(F)ccc3Cl)c(CN)c(N)nc2n(C)c1=O,CHEMBL2159187,=,=,7.6,7.6,7.6,8.119186407719209
Cn1c(=O)c2c(-c3cc(F)ccc3Br)c(CN)c(N)nc2n(C)c1=O,CHEMBL2159188,=,=,4.8,4.8,4.8,8.318758762624412
Cn1c(=O)c2c(-c3cc(F)ccc3Br)c(CN)c(O)nc2n(C)c1=O,CHEMBL2159189,=,=,260.0,260.0,260.0,6.585026652029182
CNc1nc2c(c(-c3cc(F)ccc3Br)c1CN)c(=O)n(C)c(=O)n2C,CHEMBL2159190,=,=,2.8,2.8,2.8,8.55284196865778
CCNc1nc2c(c(-c3cc(F)ccc3Br)c1CN)c(=O)n(C)c(=O)n2C,CHEMBL2159191,=,=,6.9,6.9,6.9,8.161150909262744
CCN(CC)c1nc2c(c(-c3cc(F)ccc3Br)c1CN)c(=O)n(C)c(=O)n2C,CHEMBL2159192,=,=,2.8,2.8,2.8,8.55284196865778
Cn1c(=O)c2c(-c3cc(F)ccc3Br)c(CN)c(N3CCOCC3)nc2n(C)c1=O,CHEMBL2159193,=,=,4.6,4.6,4.6,8.337242168318426
CN1CCN(c2nc3c(c(-c4cc(F)ccc4Br)c2CN)c(=O)n(C)c(=O)n3C)CC1,CHEMBL2159194,=,=,9.9,9.9,9.9,8.00436480540245
NCc1ccccc1-c1ccccc1,CHEMBL257036,=,=,30000.0,30.0,30000.0,4.522878745280337
N[C@@H](CC(=O)NC1(c2nc(-c3ccc(Cl)cc3)cs2)CCS(=O)(=O)CC1)Cc1cc(F)c(F)cc1F,CHEMBL2206479,=,=,1100.0,1.1,1100.0,5.958607314841775
COc1ccc(-c2csc(C3(NC(=O)C[C@H](N)Cc4ccccc4F)CCS(=O)(=O)CC3)n2)cc1,CHEMBL2206477,=,=,670.0,0.67,670.0,6.173925197299173
N[C@@H](CC(=O)NC1(c2ccccc2)CCS(=O)(=O)CC1)Cc1ccccc1F,CHEMBL512145,=,=,570.0,0.57,570.0,6.2441251443275085
N[C@@H](CC(=O)NC1(c2cccc(-c3ccncc3)c2)CCS(=O)(=O)CC1)Cc1ccccc1F,CHEMBL2206466,=,=,490.0,0.49,490.0,6.309803919971486
N[C@@H](CC(=O)NC1(c2cccc(-c3nccs3)c2)CCS(=O)(=O)CC1)Cc1ccccc1F,CHEMBL2206467,=,=,390.0,0.39,390.0,6.4089353929735005
N[C@@H](CC(=O)NC1(c2cccc(-c3cn[nH]c3)c2)CCS(=O)(=O)CC1)Cc1ccccc1F,CHEMBL2206470,=,=,330.0,0.33,330.0,6.481486060122112
Cc1ncc(-c2cccc(C3(NC(=O)C[C@H](N)Cc4ccccc4F)CCS(=O)(=O)CC3)c2)s1,CHEMBL2206472,=,=,280.0,0.28,280.0,6.552841968657781
N[C@@H](CC(=O)NC1(c2cccc(-c3cnc(C4CCCCN4)s3)c2)CCS(=O)(=O)CC1)Cc1ccccc1F,CHEMBL2206473,=,=,250.0,0.25,250.0,6.6020599913279625
N[C@@H](CC(=O)NC1(c2nc(-c3cccc(C(F)(F)F)c3)cs2)CCS(=O)(=O)CC1)Cc1cc(F)c(F)cc1F,CHEMBL2206481,=,=,190.0,0.19,190.0,6.721246399047171
N[C@@H](CC(=O)NC1(c2nccs2)CCS(=O)(=O)CC1)Cc1ccccc1F,CHEMBL469538,=,=,190.0,0.19,190.0,6.721246399047171
Cn1cc(-c2ccccc2)nc1C1(NC(=O)C[C@H](N)Cc2cc(F)c(F)cc2F)CCS(=O)(=O)CC1,CHEMBL2206486,=,=,160.0,0.16,160.0,6.795880017344075
N[C@@H](CC(=O)NC1(c2nc(-c3ccc(C(F)(F)F)cc3)cs2)CCS(=O)(=O)CC1)Cc1cc(F)c(F)cc1F,CHEMBL2206480,=,=,110.0,0.11,110.0,6.958607314841775
N[C@@H](CC(=O)NC1(c2nc(-c3ccc(F)cc3)cs2)CCS(=O)(=O)CC1)Cc1ccccc1F,CHEMBL2206482,=,=,100.0,0.1,100.0,7.0
N[C@@H](CC(=O)NC1(c2nnc(-c3ccccc3)o2)CCS(=O)(=O)CC1)Cc1cc(F)c(F)cc1F,CHEMBL2206483,=,=,94.0,0.094,94.0,7.026872146400302
Cn1cncc1-c1cccc(C2(NC(=O)C[C@H](N)Cc3ccccc3F)CCS(=O)(=O)CC2)c1,CHEMBL2206471,=,=,84.0,0.084,84.0,7.075720713938118
N[C@@H](CC(=O)NC1(c2ccccc2)CCS(=O)(=O)CC1)Cc1cc(F)c(F)cc1F,CHEMBL2206488,=,=,83.0,0.083,83.0,7.080921907623926
Cc1sc(C2(NC(=O)C[C@H](N)Cc3ccccc3F)CCS(=O)(=O)CC2)nc1-c1ccccc1,CHEMBL2206487,=,=,72.0,0.072,72.0,7.142667503568731
N[C@@H](CC(=O)NC1(c2nc(-c3ccccc3)cs2)CCS(=O)(=O)CC1)Cc1ccccc1F,CHEMBL2206474,=,=,60.0,0.06,60.0,7.221848749616356
COc1ccccc1-c1csc(C2(NC(=O)C[C@H](N)Cc3cc(F)c(F)cc3F)CCS(=O)(=O)CC2)n1,CHEMBL2206478,=,=,59.0,0.059,59.0,7.229147988357855
N[C@@H](CC(=O)NC1(c2nnc(-c3cccc(F)c3)o2)CCS(=O)(=O)CC1)Cc1cc(F)c(F)cc1F,CHEMBL2206484,=,=,55.0,0.055,55.0,7.259637310505756
COc1cccc(-c2nnc(C3(NC(=O)C[C@H](N)Cc4cc(F)c(F)cc4F)CCS(=O)(=O)CC3)o2)c1,CHEMBL2206485,=,=,50.0,0.05,50.0,7.301029995663981
N[C@@H](CC(=O)NC1(c2cccc(-c3cncs3)c2)CCS(=O)(=O)CC1)Cc1ccccc1F,CHEMBL2206468,=,=,41.0,0.041,41.0,7.3872161432802645
COc1cccc(-c2csc(C3(NC(=O)C[C@H](N)Cc4ccccc4F)CCS(=O)(=O)CC3)n2)c1,CHEMBL2206476,=,=,24.0,0.024,24.0,7.619788758288394
N[C@@H](CC(=O)NC1(c2nc(-c3ccccc3)cs2)CCS(=O)(=O)CC1)Cc1cc(F)c(F)cc1F,CHEMBL2206475,=,=,16.0,0.016,16.0,7.795880017344075
N[C@@H](CC(=O)NC1(c2cccc(-n3ccnc3)c2)CCS(=O)(=O)CC1)Cc1cc(F)c(F)cc1F,CHEMBL2203319,=,=,12.0,0.012,12.0,7.920818753952375
N[C@@H](CC(=O)NC1(c2cccc(-c3cncs3)c2)CCS(=O)(=O)CC1)Cc1cc(F)c(F)cc1F,CHEMBL2206469,=,=,7.8,0.0078,7.8,8.10790539730952
COc1cc(OC)cc(-c2nc(N)c(CN)c(-c3ccc(Cl)cc3Cl)n2)c1,CHEMBL34062,=,=,0.1,0.1,0.1,10.0
N[C@@H](CC(=O)N1CCC[C@H]1CNC(=O)c1ccccc1)Cc1ccccc1F,CHEMBL425584,=,=,90.0,90.0,90.0,7.045757490560675
CN(C)C(=O)[C@@H](c1ccc(-c2ccc3ncnn3c2)cc1)[C@H](N)C(=O)N1CC[C@H](F)C1,CHEMBL237337,=,=,4.3,4.3,4.3,8.366531544420413
C[C@H](CCc1ccc(C(N)=O)cc1)NCC(=O)c1ccc(F)cc1,CHEMBL218289,=,=,84.0,84.0,84.0,7.075720713938118
CC(=O)N(C)[C@H]1CC[C@H]([C@H](C)[C@H](N)C(=O)N2CC[C@H](F)C2)CC1,CHEMBL1229855,=,=,16.0,16.0,16.0,7.795880017344075
N[C@H]1C[C@@H](N2CCn3c(nnc3C(F)(F)F)C2)CC[C@@H]1c1cc(F)c(F)cc1F,CHEMBL233360,=,=,21.0,21.0,21.0,7.6777807052660805
CC#CCn1c(N2CCC[C@@H](N)C2)nc2c1c(=O)n(Cc1nc(C)c3ccccc3n1)c(=O)n2C,CHEMBL237500,=,=,1.0,1.0,1.0,9.0
CN(C)C(=O)[C@@H]([C@H]1CC[C@H](c2cccc3ncnn32)CC1)[C@H](N)C(=O)N1CCC(F)(F)C1,CHEMBL237997,=,=,4.8,4.8,4.8,8.318758762624412
CN(C)C(=O)[C@@H]([C@H]1CC[C@H](c2cccc3ncnn32)CC1)[C@H](N)C(=O)N1CC[C@H](F)C1,CHEMBL400841,=,=,2.3,2.3,2.3,8.638272163982407
C[C@@H]1c2nc(C(F)(F)F)nn2CCN1C(=O)C[C@H](N)Cc1cc(F)c(F)cc1F,CHEMBL250787,=,=,25.0,25.0,25.0,7.6020599913279625
N[C@@H](CC(=O)N1CCCCCN1C(=O)c1ccccc1)Cc1cc(F)c(F)cc1F,CHEMBL513425,=,=,70.0,70.0,70.0,7.154901959985743
N#Cc1ccccc1Cn1c(N2CCC[C@@H](N)C2)nc2ccccc2c1=O,CHEMBL227954,=,=,13.0,13.0,13.0,7.886056647693163
CC(C)(CO)NCC(=O)N1C[C@@H](F)C[C@H]1[C@@H](O)c1nnc(C(C)(C)C)o1,CHEMBL1229644,=,=,22.0,22.0,22.0,7.657577319177793
N[C@H]1CN(C(=O)c2cnc3ccccc3n2)C[C@H]1C(=O)N1CCCC1,CHEMBL1230044,=,=,65.0,65.0,65.0,7.187086643357144
CS(=O)(=O)c1ccc(-c2noc([C@@H](CC3CC3)[C@H](N)C(F)=C3CCCC3)n2)c(Cl)c1,CHEMBL1185242,=,=,12.0,12.0,12.0,7.920818753952375
CS(=O)(=O)c1ccc([C@H]2NO[C@H]([C@@H](CC3CC3)[C@H](N)C(=O)N3CC[C@H](F)C3)N2)c(F)c1,CHEMBL1230015,=,=,19.0,19.0,19.0,7.721246399047171
N#C[C@@H]1C[C@@H]2C[C@@H]2N1C(=O)[C@@H](N)C12C[C@H]3C[C@@H](C1)C[C@](O)(C3)C2,CHEMBL2298396,=,=,23.0,23.0,23.0,7.638272163982407
NC(=O)c1cccc(-c2ccc([C@H](N)Cc3cc(F)ccc3F)cc2)c1,CHEMBL452289,=,=,32.0,32.0,32.0,7.494850021680094
Cn1cnc2cc(C#N)c(-c3ccccc3Cl)c(CN)c21,CHEMBL272114,=,=,8.0,8.0,8.0,8.096910013008056
NCc1ccccc1-c1ccccc1,CHEMBL257036,=,=,30000.0,30000.0,30000.0,4.522878745280337
N[C@@H](CC(=O)N1CCCN(C(=O)c2ccc(C(=O)O)cc2)CC1)Cc1cc(F)c(F)cc1F,CHEMBL1186902,=,=,223.0,223.0,223.0,6.651695136951839
O=C([C@@H]1C[C@H](N2CCN(c3ncccn3)CC2)CN1)N1CCC(F)(F)C1,CHEMBL515387,=,=,12.9,12.9,12.9,7.889410289700751
N[C@H]1Cn2c(nc3cnccc32)C[C@@H]1c1cc(F)c(F)cc1F,CHEMBL1194345,=,=,67.0,67.0,67.0,7.173925197299173
CS(=O)(=O)c1ccc2c(c1)nc1n2C[C@H](N)[C@@H](c2cc(F)c(F)cc2F)C1,CHEMBL1197118,=,=,42.0,42.0,42.0,7.376750709602099
COc1cc2c(cc1OC)[C@@H]1C[C@H](N)[C@@H](N3C[C@@H](CF)CC3=O)CN1CC2,CHEMBL591118,=,=,6.8,6.8,6.8,8.167491087293763
COc1cc2c(cc1OC)[C@@H]1C[C@H](N)[C@@H](c3cccc(CF)c3)CN1CC2,CHEMBL1229820,=,=,0.5,0.5,0.5,9.301029995663981
Nc1nc(Cl)c2nc[nH]c2n1,CHEMBL226396,=,=,5.0,5.0,5.0,8.301029995663981
OCCC(CCO)C(CO)(CO)CO,CHEMBL1236897,=,=,2000.0,2000.0,2000.0,5.698970004336019
O=C(O)c1c(Cl)ccc(Cl)c1O,CHEMBL1233461,=,=,7.0,7.0,7.0,8.154901959985743
O=C(NCC(=O)N1CCC[C@H]1B(O)O)c1cccnc1,CHEMBL2333023,=,=,1800.0,1800.0,1800.0,5.7447274948966935
CC(C)[C@H](N)C(=O)N1CCC[C@H]1B(O)O,CHEMBL67279,=,=,0.9,0.9,0.9,9.045757490560675
O=C(NCC(=O)N1CCC[C@H]1B(O)O)c1ccncc1,CHEMBL2333025,=,=,2800.0,2800.0,2800.0,5.552841968657781
NCC(=O)N1CCC[C@H]1B(O)O,CHEMBL67089,=,=,13.0,13.0,13.0,7.886056647693163
CC#CCn1c(N2CCC[C@@H](N)C2)nc2ccn(C)c2c1=O,CHEMBL2346919,=,=,211.9,211.9,211.9,6.673869043289205
CC#CCn1c(N2CCC[C@@H](N)C2)nc2ccn(Cc3nc(C)c4ccccc4n3)c2c1=O,CHEMBL2347039,=,=,1.55,1.55,1.55,8.809668301829708
CC#CCn1c(N2CCC[C@@H](N)C2)nc2ccn(Cc3nc4ccccc4nc3C)c2c1=O,CHEMBL2347038,=,=,15.5,15.5,15.5,7.809668301829708
CC#CCn1c(N2CCC[C@@H](N)C2)nc2ccn(Cc3cnc4ccccc4n3)c2c1=O,CHEMBL2347037,=,=,5.93,5.93,5.93,8.226945306635738
CC#CCn1c(N2CCC[C@@H](N)C2)nc2ccn(Cc3ccc4ccc(F)cc4n3)c2c1=O,CHEMBL2347036,=,=,4.67,4.67,4.67,8.330683119433887
CC#CCn1c(N2CCC[C@@H](N)C2)nc2ccn(Cc3ccc4ccc(Cl)cc4n3)c2c1=O,CHEMBL2347035,=,=,11.4,11.4,11.4,7.943095148663527
CC#CCn1c(N2CCC[C@@H](N)C2)nc2ccn(Cc3ccc4cc(C)ccc4n3)c2c1=O,CHEMBL2346930,=,=,52.6,52.6,52.6,7.279014255846261
CC#CCn1c(N2CCC[C@@H](N)C2)nc2ccn(Cc3ccc4cc(F)ccc4n3)c2c1=O,CHEMBL2346929,=,=,14.5,14.5,14.5,7.838631997765026
CC#CCn1c(N2CCC[C@@H](N)C2)nc2ccn(Cc3ccc4cc(Cl)ccc4n3)c2c1=O,CHEMBL2346928,=,=,60.1,60.1,60.1,7.221125527997261
CC#CCn1c(N2CCC[C@@H](N)C2)nc2ccn(Cc3ccc4cc(Br)ccc4n3)c2c1=O,CHEMBL2346927,=,=,139.2,139.2,139.2,6.856360764725457
CC#CCn1c(N2CCC[C@@H](N)C2)nc2ccn(Cc3ccc4ccccc4n3)c2c1=O,CHEMBL2346926,=,=,7.05,7.05,7.05,8.1518108830086
CC#CCn1c(N2CCC[C@@H](N)C2)nc2ccn(Cc3ccnc4ccccc34)c2c1=O,CHEMBL2346925,=,=,48.2,48.2,48.2,7.31695296176115
CC#CCn1c(N2CCC[C@@H](N)C2)nc2ccn(Cc3nc4ccccc4[nH]3)c2c1=O,CHEMBL2346924,=,=,27.6,27.6,27.6,7.559090917934782
CC#CCn1c(N2CCC[C@@H](N)C2)nc2ccn(Cc3c[nH]c4ccccc34)c2c1=O,CHEMBL2346923,=,=,44.1,44.1,44.1,7.355561410532161
CC#CCn1c(N2CCC[C@@H](N)C2)nc2ccn(Cc3ncccn3)c2c1=O,CHEMBL2346922,=,=,44.0,44.0,44.0,7.356547323513812
CC#CCn1c(N2CCC[C@@H](N)C2)nc2cc[nH]c2c1=O,CHEMBL2346921,=,=,460.0,0.46,460.0,6.337242168318426
CC#CCn1c(N2CCC[C@@H](N)C2)nc2c(Br)c[nH]c2c1=O,CHEMBL2346920,=,=,860.0,0.86,860.0,6.065501548756432
N#Cc1ccccc1Cn1c(N2CCC[C@@H](N)C2)nc2c(Br)c[nH]c2c1=O,CHEMBL2023067,=,=,44.0,44.0,44.0,7.356547323513812
N#C[C@@H]1CCCN1C(=O)CNC12CC3CC(CC(O)(C3)C1)C2,CHEMBL142703,=,=,62.0,62.0,62.0,7.207608310501746
N#C[C@@H]1C[C@@H]2C[C@@H]2N1C(=O)[C@@H](N)C12CC3CC(CC(O)(C3)C1)C2,CHEMBL385517,=,=,50.0,50.0,50.0,7.301029995663981
Cn1c(=O)cc(N2CCC[C@@H](N)C2)n(Cc2ccccc2C#N)c1=O,CHEMBL376359,=,=,24.0,24.0,24.0,7.619788758288394
N[C@@H](CC(=O)N1CCn2c(nnc2C(F)(F)F)C1)Cc1cc(F)c(F)cc1F,CHEMBL1422,=,=,19.0,19.0,19.0,7.721246399047171
CC#CCn1c(N2CCC[C@@H](N)C2)nc2c1c(=O)n(Cc1nc(C)c3ccccc3n1)c(=O)n2C,CHEMBL237500,=,=,1.0,1.0,1.0,9.0
CC#CCn1c(N2CCC[C@@H](N)C2)nc2c1c(=O)n(Cc1nc(C)c3ccccc3n1)c(=O)n2C,CHEMBL237500,=,=,2.0,0.002,2.0,8.698970004336019
CC(C)[C@H](N)C(=O)N1CCC[C@H]1B(O)O,CHEMBL67279,=,=,22.0,0.022,22.0,7.657577319177793
CC(C)=CCn1c(OCC(C)(C)CN)nc2c1c(=O)n(CC(=O)c1ccccc1)c(=O)n2C,CHEMBL2408638,=,=,120.0,120.0,120.0,6.920818753952375
CC(C)=CCn1c(N2CCC[C@@H](N)C2)nc2c1c(=O)n(CC(=O)c1ccccc1)c(=O)n2C,CHEMBL237488,=,=,1.0,1.0,1.0,9.0
CC(C)=CCn1c(N2CCC3CNCC32)nc2c1c(=O)n(CC(=O)c1ccccc1)c(=O)n2C,CHEMBL2408655,=,=,9.0,9.0,9.0,8.045757490560675
CC(C)=CCn1c(OCC(C)(C)N)nc2c1c(=O)n(CC(=O)c1ccccc1)c(=O)n2C,CHEMBL2408639,=,=,2500.0,2500.0,2500.0,5.6020599913279625
CC(C)=CCn1c(OCC(C)(C)CN)nc2c1c(=O)n(CC(=O)c1ccccc1)c(=O)n2C,CHEMBL2408638,=,=,73.0,73.0,73.0,7.136677139879544
CC(C)=CCn1c(OC[C@@H]2CCCN2)nc2c1c(=O)n(CC(=O)c1ccccc1)c(=O)n2C,CHEMBL2408651,=,=,290.0,290.0,290.0,6.537602002101044
CC(C)=CCn1c(O[C@@H]2CCNC2)nc2c1c(=O)n(CC(=O)c1ccccc1)c(=O)n2C,CHEMBL2408646,=,=,910.0,910.0,910.0,6.040958607678906
CC(C)=CCn1c(O[C@H]2CCNC2)nc2c1c(=O)n(CC(=O)c1ccccc1)c(=O)n2C,CHEMBL2408644,=,=,715.0,715.0,715.0,6.145693958198919
CC(C)=CCn1c(N2CCC3CNCC32)nc2c1c(=O)n(C)c(=O)n2C,CHEMBL2408642,=,=,100.0,100.0,100.0,7.0
CC(C)=CCn1c(N2CC3CCNC3C2)nc2c1c(=O)n(CC(=O)c1ccccc1)c(=O)n2C,CHEMBL2408774,=,=,645.0,645.0,645.0,6.1904402853647325
CC(C)=CCn1c(N2CC3CCCNC3C2)nc2c1c(=O)n(CC(=O)c1ccccc1)c(=O)n2C,CHEMBL2408771,=,=,1.6,1.6,1.6,8.795880017344075
CC(C)=CCn1c(N2CCC[C@@H](N)C2)nc2c1c(=O)n(CC(=O)c1ccccc1)c(=O)n2C,CHEMBL237488,=,=,1.1,1.1,1.1,8.958607314841775
CC(C)=CCn1c(N2CCC3CNCC32)nc2c1c(=O)n(CC(=O)c1ccccc1)c(=O)n2C,CHEMBL2408655,=,=,11.0,11.0,11.0,7.958607314841775
N[C@@H](CC(=O)N1CCn2c(nnc2C(F)(F)F)C1)Cc1cc(F)c(F)cc1F,CHEMBL1422,=,=,24.83,24.83,24.83,7.605023280445436
N#C[C@@H]1CCCN1C(=O)CNC12CC3CC(CC(O)(C3)C1)C2,CHEMBL142703,=,=,3.0,3.0,3.0,8.522878745280337
COc1ccc(Cn2cc(-c3ccc(C[C@H](N)C(=O)N4CCC[C@H]4C#N)cc3)nn2)cc1OC.Cl,CHEMBL2418634,=,=,15.7,15.7,15.7,7.804100347590766
Cl.N#C[C@@H]1CCCN1C(=O)[C@@H](N)Cc1ccc(-c2cn(Cc3ccc(Cl)c(Cl)c3)nn2)cc1,CHEMBL2418633,=,=,10.02,10.02,10.02,7.999132278468773
Cl.N#C[C@@H]1CCCN1C(=O)[C@@H](N)Cc1ccc(-c2cn(Cc3ccc(F)c(F)c3)nn2)cc1,CHEMBL2418632,=,=,8.57,8.57,8.57,8.067019178076801
COc1ccc(Cn2cc(-c3ccc(C[C@H](N)C(=O)N4CCC[C@H]4C#N)cc3)nn2)cc1.Cl,CHEMBL2418631,=,=,4.35,4.35,4.35,8.361510743045363
COc1cccc(Cn2cc(-c3ccc(C[C@H](N)C(=O)N4CCC[C@H]4C#N)cc3)nn2)c1.Cl,CHEMBL2418630,=,=,7.5,7.5,7.5,8.1249387366083
COc1ccccc1Cn1cc(-c2ccc(C[C@H](N)C(=O)N3CCC[C@H]3C#N)cc2)nn1.Cl,CHEMBL2418629,=,=,20.84,20.84,20.84,7.681102285372513
Cl.N#C[C@@H]1CCCN1C(=O)[C@@H](N)Cc1ccc(-c2cn(Cc3ccc(Cl)cc3)nn2)cc1,CHEMBL2418628,=,=,6.05,6.05,6.05,8.21824462534753
Cl.N#C[C@@H]1CCCN1C(=O)[C@@H](N)Cc1ccc(-c2cn(Cc3cccc(Cl)c3)nn2)cc1,CHEMBL2417563,=,=,10.45,10.45,10.45,7.980883709552927
Cl.N#C[C@@H]1CCCN1C(=O)[C@@H](N)Cc1ccc(-c2cn(Cc3ccccc3Cl)nn2)cc1,CHEMBL2418627,=,=,15.24,15.24,15.24,7.8170150329964185
Cl.N#C[C@@H]1CCCN1C(=O)[C@@H](N)Cc1ccc(-c2cn(Cc3ccc(F)cc3)nn2)cc1,CHEMBL2418626,=,=,3.79,3.79,3.79,8.421360790031928
Cl.N#C[C@@H]1CCCN1C(=O)[C@@H](N)Cc1ccc(-c2cn(Cc3cccc(F)c3)nn2)cc1,CHEMBL2418625,=,=,7.56,7.56,7.56,8.121478204498793
Cl.N#C[C@@H]1CCCN1C(=O)[C@@H](N)Cc1ccc(-c2cn(Cc3ccccc3F)nn2)cc1,CHEMBL2418624,=,=,19.54,19.54,19.54,7.709075440617246
Cl.N#C[C@@H]1CCCN1C(=O)[C@@H](N)Cc1ccc(-c2cn(Cc3cccs3)nn2)cc1,CHEMBL2418639,=,=,8.28,8.28,8.28,8.08196966321512
Cl.N#C[C@@H]1CCCN1C(=O)[C@@H](N)Cc1ccc(-c2cn(Cc3ccncc3)nn2)cc1,CHEMBL2418638,=,=,17.61,17.61,17.61,7.754240644032723
Cl.N#C[C@@H]1CCCN1C(=O)[C@@H](N)Cc1ccc(-c2cn(CCc3ccccc3)nn2)cc1,CHEMBL2418637,=,=,25.5,25.5,25.5,7.5934598195660445
Cl.N#C[C@@H]1CCCN1C(=O)[C@@H](N)Cc1ccc(-c2cn(Cc3ccccc3)nn2)cc1,CHEMBL2418636,=,=,9.39,9.39,9.39,8.027334407733889
Cl.Cn1cc(-c2ccc(C[C@H](N)C(=O)N3CCC[C@H]3C#N)cc2)nn1,CHEMBL2418635,=,=,265.0,265.0,265.0,6.576754126063192
CC#CCn1c(N2CCC[C@@H](N)C2)cc(=O)n(CC#CC)c1=O,CHEMBL2425882,=,=,2177.5,2177.5,2177.5,5.662041836320299
CC#CCn1c(N2CCC[C@@H](N)C2)cc(=O)n(C)c1=O,CHEMBL2424672,=,=,198.0,198.0,198.0,6.703334809738469
CC#CCn1c(N2CCC[C@@H](N)C2)cc(=O)n(Cc2ccc3c(ccc4ccccc43)n2)c1=O,CHEMBL2425887,=,=,31.3,31.3,31.3,7.504455662453552
CC#CCn1c(N2CCC[C@@H](N)C2)cc(=O)n(Cc2nc3ccccc3[nH]2)c1=O,CHEMBL2425885,=,=,22.0,22.0,22.0,7.657577319177793
CC#CCn1c(N2CCC[C@@H](N)C2)cc(=O)n(Cc2ccc3cc(Br)ccc3n2)c1=O,CHEMBL2425888,=,=,10.8,10.8,10.8,7.966576244513051
CC#CCn1c(N2CCC[C@@H](N)C2)cc(=O)n(Cc2ccc3cc(C)ccc3n2)c1=O,CHEMBL2425891,=,=,9.1,9.1,9.1,8.040958607678906
CC#CCn1c(N2CCC[C@@H](N)C2)cc(=O)n(Cc2ccc3cc(Cl)ccc3n2)c1=O,CHEMBL2425889,=,=,6.6,6.6,6.6,8.18045606445813
CC#CCn1c(N2CCC[C@@H](N)C2)cc(=O)n(Cc2ncccn2)c1=O,CHEMBL2425884,=,=,3.4,3.4,3.4,8.468521082957745
CC#CCn1c(N2CCC[C@@H](N)C2)cc(=O)n(Cc2ccc3ccccc3n2)c1=O,CHEMBL2425886,=,=,3.1,3.1,3.1,8.508638306165727
CC#CCn1c(N2CCC[C@@H](N)C2)cc(=O)n(Cc2ccc3cc(F)ccc3n2)c1=O,CHEMBL2425890,=,=,2.0,2.0,2.0,8.698970004336019
CC#CCn1c(N2CCC[C@@H](N)C2)cc(=O)n(Cc2ccc3cc(OC)ccc3n2)c1=O,CHEMBL2425892,=,=,1.9,1.9,1.9,8.721246399047171
Cn1c(=O)cc(N2CCC[C@@H](N)C2)n(Cc2ccccc2C#N)c1=O,CHEMBL376359,=,=,1.5,1.5,1.5,8.823908740944319
CC#CCn1c(N2CCC[C@@H](N)C2)cc(=O)n(Cc2cc(Cl)c3ccccc3n2)c1=O,CHEMBL2425895,=,=,1.2,1.2,1.2,8.920818753952375
CC#CCn1c(N2CCC[C@@H](N)C2)cc(=O)n(Cc2ccc3ccc(F)cc3n2)c1=O,CHEMBL2425894,=,=,0.7,0.7,0.7,9.154901959985743
CC#CCn1c(N2CCC[C@@H](N)C2)cc(=O)n(Cc2ccc3ccc(Cl)cc3n2)c1=O,CHEMBL2425893,=,=,0.4,0.4,0.4,9.397940008672037
N[C@@H]1C[C@@H](N2Cc3cn[nH]c3C2)CO[C@H]1c1cc(F)ccc1F,CHEMBL2425078,=,=,38000.0,38000.0,38000.0,4.42021640338319
N[C@H]1C[C@H](N2Cc3cn[nH]c3C2)CO[C@H]1c1cc(F)ccc1F,CHEMBL2425080,=,=,26600.0,26600.0,26600.0,4.575118363368933
N[C@@H]1C[C@H](N2Cc3cn[nH]c3C2)CO[C@H]1c1cc(F)ccc1F,CHEMBL2425077,=,=,24400.0,24400.0,24400.0,4.61261017366127
N[C@@H]1C[C@H](N2Cc3cn[nH]c3C2)CO[C@@H]1c1cc(F)ccc1F,CHEMBL2425081,=,=,13100.0,13100.0,13100.0,4.882728704344236
CC1(C)c2cnc(C3CC3)nc2CN1[C@H]1CO[C@H](c2cc(F)ccc2F)[C@@H](N)C1,CHEMBL2425065,=,=,12600.0,12600.0,12600.0,4.8996294548824375
N[C@H]1C[C@@H](N2Cc3cn[nH]c3C2)CO[C@H]1c1cc(F)ccc1F,CHEMBL2425079,=,=,2800.0,2800.0,2800.0,5.552841968657781
N[C@H]1C[C@@H](N2Cc3ccccc3C2=O)CO[C@@H]1c1cc(F)ccc1F,CHEMBL2425066,=,=,720.0,720.0,720.0,6.142667503568731
N[C@H]1C[C@@H](n2cc3cnc(C4CC4)nc3c2)CO[C@@H]1c1cc(F)c(F)cc1F,CHEMBL2425062,=,=,140.0,140.0,140.0,6.853871964321762
N[C@H]1C[C@@H](N2Cc3ccccc3O2)CO[C@@H]1c1cc(F)ccc1F,CHEMBL2425067,=,=,125.0,125.0,125.0,6.903089986991944
N[C@H]1C[C@@H](N2Cc3cn[nH]c3C2)CO[C@@H]1c1ccccc1Cl,CHEMBL2425071,=,=,64.0,64.0,64.0,7.1938200260161125
N[C@H]1C[C@H](N2Cc3cn[nH]c3C2)CO[C@@H]1c1cc(F)ccc1F,CHEMBL2425076,=,=,56.0,56.0,56.0,7.251811972993799
N[C@H]1C[C@@H](N2Cc3cn[nH]c3C2)CO[C@@H]1c1cc(F)c(Cl)cc1F,CHEMBL2425073,=,=,48.0,48.0,48.0,7.318758762624412
N[C@H]1C[C@@H](N2Cc3cn[nH]c3C2)CO[C@@H]1c1cc(F)ccc1Cl,CHEMBL2425074,=,=,37.0,37.0,37.0,7.431798275933005
N[C@H]1C[C@@H](N2CCn3c(nnc3C(F)(F)F)C2)CO[C@@H]1c1cc(F)ccc1F,CHEMBL2425063,=,=,37.0,37.0,37.0,7.431798275933005
N[C@H]1C[C@@H](N2Cc3cn[nH]c3C2)CO[C@@H]1c1ccc(F)cc1F,CHEMBL2425072,=,=,27.0,27.0,27.0,7.568636235841012
CC1(C)c2nc(C3CC3)ncc2CN1[C@H]1CO[C@H](c2cc(F)ccc2F)[C@@H](N)C1,CHEMBL2425064,=,=,27.0,27.0,27.0,7.568636235841012
Cc1nc2c(o1)CN([C@H]1CO[C@H](c3cc(F)ccc3F)[C@@H](N)C1)C2,CHEMBL2425068,=,=,11.0,11.0,11.0,7.958607314841775
N[C@H]1C[C@@H](N2Cc3nc(C(F)(F)F)[nH]c3C2)CO[C@@H]1c1cc(F)ccc1F,CHEMBL2425069,=,=,1.6,1.6,1.6,8.795880017344075
N[C@H]1C[C@@H](N2Cc3cn[nH]c3C2)CO[C@@H]1c1cc(F)ccc1F,CHEMBL2425070,=,=,1.4,1.4,1.4,8.853871964321762
N[C@H]1C[C@@H](N2Cc3cnc(C(F)(F)F)nc3C2)CO[C@@H]1c1cc(F)c(F)cc1F,CHEMBL2425060,=,=,1.3,1.3,1.3,8.886056647693163
N[C@H]1C[C@@H](N2Cc3cn[nH]c3C2)CO[C@@H]1c1cc(F)c(F)cc1F,CHEMBL2425075,=,=,1.0,1.0,1.0,9.0
N[C@H]1C[C@@H](N2Cc3cnc(C4CC4)nc3C2)CO[C@@H]1c1cc(F)c(F)cc1F,CHEMBL2425061,=,=,0.66,0.66,0.66,9.18045606445813
N[C@H]1C[C@@H](N2Cc3cnc(C(F)(F)F)nc3C2)CC[C@@H]1c1cc(F)c(F)cc1F,CHEMBL2425059,=,=,0.5,0.5,0.5,9.301029995663981
N#C[C@@H]1CCCN1C(=O)CNC12CC3CC(CC(O)(C3)C1)C2,CHEMBL142703,=,=,20.0,0.02,20.0,7.698970004336019
N#C[C@@H]1CCCN1C(=O)[C@@H](N)Cc1cccc(C(F)(F)F)c1,CHEMBL3093901,=,=,209.0,0.209,209.0,6.679853713888946
N#Cc1cccc(C[C@H](N)C(=O)N2CCC[C@H]2C#N)c1,CHEMBL3093900,=,=,63.0,0.063,63.0,7.200659450546418
N#C[C@@H]1CCCN1C(=O)[C@@H](N)Cc1ccccc1C(F)(F)F,CHEMBL3093899,=,=,46.0,0.046,46.0,7.337242168318426
N#Cc1ccccc1C[C@H](N)C(=O)N1CCC[C@H]1C#N,CHEMBL3093898,=,=,27.0,0.027,27.0,7.568636235841012
Cc1ccccc1C[C@H](N)C(=O)N1CCC[C@H]1C#N,CHEMBL3093897,=,=,42.0,0.042,42.0,7.376750709602099
N#C[C@@H]1CCCN1C(=O)[C@@H](N)Cc1ccc(-c2ccccc2)cc1,CHEMBL200347,=,=,145.0,0.145,145.0,6.838631997765026
N#C[C@@H]1CCCN1C(=O)[C@@H](N)Cc1ccc(Br)cc1,CHEMBL3093896,=,=,4.0,0.004,4.0,8.397940008672037
N#C[C@@H]1CCCN1C(=O)[C@@H](N)Cc1ccc(Cl)cc1,CHEMBL3093925,=,=,4.0,0.004,4.0,8.397940008672037
N#C[C@@H]1CCCN1C(=O)[C@@H](N)Cc1ccc(C(F)(F)F)cc1,CHEMBL3093924,=,=,31.0,0.031,31.0,7.508638306165727
N#Cc1ccc(C[C@H](N)C(=O)N2CCC[C@H]2C#N)cc1,CHEMBL3093923,=,=,21.0,0.021,21.0,7.6777807052660805
N#C[C@@H]1CCCN1C(=O)[C@@H](N)Cc1ccc([N+](=O)[O-])cc1,CHEMBL3093922,=,=,20.0,0.02,20.0,7.698970004336019
N#C[C@@H]1CCCN1C(=O)[C@@H](N)Cc1ccc(N)cc1,CHEMBL3093921,=,=,75.0,0.075,75.0,7.1249387366083
COc1ccc(C[C@H](N)C(=O)N2CCC[C@H]2C#N)cc1,CHEMBL3093920,=,=,29.0,0.029,29.0,7.537602002101044
Cc1ccc(C[C@H](N)C(=O)N2CCC[C@H]2C#N)cc1,CHEMBL3093919,=,=,17.0,0.017,17.0,7.769551078621726
N#C[C@@H]1CCCN1C(=O)[C@@H](N)Cc1ccc(F)cc1,CHEMBL3093918,=,=,11.0,0.011,11.0,7.958607314841775
N#C[C@@H]1CCCN1C(=O)[C@@H](N)Cc1cccc(F)c1,CHEMBL3093917,=,=,248.0,0.248,248.0,6.605548319173783
N#C[C@@H]1CCCN1C(=O)[C@@H](N)Cc1ccccc1F,CHEMBL3093916,=,=,18.0,0.018,18.0,7.7447274948966935
N#C[C@@H]1CCCN1C(=O)[C@@H](N)Cc1ccccc1,CHEMBL201268,=,=,27.0,0.027,27.0,7.568636235841012
N#C[C@@H]1C[C@H](F)CN1C(=O)[C@@H](N)Cc1cc(F)cc(F)c1F,CHEMBL3093915,=,=,60.0,0.06,60.0,7.221848749616356
N#C[C@@H]1C[C@H](F)CN1C(=O)[C@@H](N)Cc1ccc(F)c(F)c1F,CHEMBL3091488,=,=,23.0,0.023,23.0,7.638272163982407
N#C[C@@H]1C[C@H](F)CN1C(=O)[C@@H](N)Cc1cc(F)c(F)cc1F,CHEMBL3093914,=,=,17.0,0.017,17.0,7.769551078621726
N#C[C@@H]1C[C@H](F)CN1C(=O)[C@@H](N)Cc1ccc(F)cc1F,CHEMBL3093913,=,=,6.0,0.006,6.0,8.221848749616356
N#C[C@@H]1C[C@H](F)CN1C(=O)[C@@H](N)Cc1ccccc1C(F)(F)F,CHEMBL3093912,=,=,20.0,0.02,20.0,7.698970004336019
N#Cc1ccccc1C[C@H](N)C(=O)N1C[C@@H](F)C[C@H]1C#N,CHEMBL3093911,=,=,22.0,0.022,22.0,7.657577319177793
N#C[C@@H]1C[C@H](F)CN1C(=O)[C@@H](N)Cc1ccc(OCc2ccccc2)cc1,CHEMBL3093910,=,=,94.0,0.094,94.0,7.026872146400302
CC(C)(C)c1ccc(C[C@H](N)C(=O)N2C[C@@H](F)C[C@H]2C#N)cc1,CHEMBL3093909,=,=,125.0,0.125,125.0,6.903089986991944
N#C[C@@H]1C[C@H](F)CN1C(=O)[C@@H](N)Cc1ccc(C(F)(F)F)cc1,CHEMBL3093908,=,=,6.0,0.006,6.0,8.221848749616356
N#Cc1ccc(C[C@H](N)C(=O)N2C[C@@H](F)C[C@H]2C#N)cc1,CHEMBL3093907,=,=,5.0,0.005,5.0,8.301029995663981
N#C[C@@H]1C[C@H](F)CN1C(=O)[C@@H](N)Cc1ccc([N+](=O)[O-])cc1,CHEMBL3093906,=,=,292.0,0.292,292.0,6.534617148551582
COc1ccc(C[C@H](N)C(=O)N2C[C@@H](F)C[C@H]2C#N)cc1,CHEMBL3093905,=,=,15.0,0.015,15.0,7.823908740944319
Cc1ccc(C[C@H](N)C(=O)N2C[C@@H](F)C[C@H]2C#N)cc1,CHEMBL3093904,=,=,4.0,0.004,4.0,8.397940008672037
N#C[C@@H]1C[C@H](F)CN1C(=O)[C@@H](N)Cc1ccc(F)cc1,CHEMBL3093903,=,=,3.0,0.003,3.0,8.522878745280337
N#C[C@@H]1C[C@H](F)CN1C(=O)[C@@H](N)Cc1ccccc1,CHEMBL3093902,=,=,17.0,0.017,17.0,7.769551078621726
CO[C@H]1CC[C@](CN)(c2ccccc2)CC1,CHEMBL3112963,=,=,60000.0,60.0,60000.0,4.221848749616356
NC[C@]1(c2ccccc2)CC[C@H](OCc2ccccc2)CC1,CHEMBL3112962,=,=,19900.0,19.9,19900.0,4.701146923590294
CO[C@H]1CC[C@](CN)(c2cc(F)c(F)cc2F)CC1,CHEMBL3112965,=,=,15700.0,15.7,15700.0,4.804100347590766
NC[C@]1(c2ccccc2)CC[C@H](OC/C=C/c2ccccc2)CC1,CHEMBL3112961,=,=,11900.0,11.9,11900.0,4.924453038607469
CO[C@H]1CC[C@](CN)(c2cccc(Cl)c2)CC1,CHEMBL3112964,=,=,4200.0,4.2,4200.0,5.376750709602099
NC[C@]1(c2cccc(Cl)c2)CC[C@H](N2CCCCC2)CC1,CHEMBL3112969,=,=,250.0,0.25,250.0,6.6020599913279625
NC[C@]1(c2cccc(Cl)c2)CC[C@H](n2ncccc2=O)CC1,CHEMBL3112957,=,=,200.0,0.2,200.0,6.698970004336019
Cc1ccc(=O)n([C@H]2CC[C@](CN)(c3cccc(Cl)c3)CC2)n1,CHEMBL3112958,=,=,40.0,0.04,40.0,7.3979400086720375
NC[C@]1(c2cccc(Cl)c2)CC[C@H](N2CCn3c(nnc3C(F)(F)F)C2)CC1,CHEMBL3112970,=,=,40.0,0.04,40.0,7.3979400086720375
NC[C@]1(c2cccc(Cl)c2)CC[C@H](N2CCCCC2=O)CC1,CHEMBL3112966,=,=,20.0,0.02,20.0,7.698970004336019
N[C@@H](CC(=O)N1CCn2c(nnc2C(F)(F)F)C1)Cc1cc(F)c(F)cc1F,CHEMBL1422,=,=,10.0,0.01,10.0,8.0
N#C[C@@H]1CCCN1C(=O)CNC12CC3CC(CC(O)(C3)C1)C2,CHEMBL142703,=,=,10.0,0.01,10.0,8.0
NC[C@]1(c2cccc(Cl)c2)CC[C@H](N2CCc3c(nc(C(F)(F)F)nc3C3CC3)C2)CC1,CHEMBL3112971,=,=,9.0,0.009,9.0,8.045757490560675
NC[C@]1(c2cccc(Cl)c2)CC[C@H](N2CCn3c(nnc3C(F)(F)F)C2=O)CC1,CHEMBL3112967,=,=,7.0,0.007,7.0,8.154901959985743
N[C@@H](CC(=O)N1CCn2c(nnc2C(F)(F)F)C1)Cc1cc(F)c(F)cc1F,CHEMBL1422,=,=,7.0,0.007,7.0,8.154901959985743
NC[C@]1(c2cccc(Cl)c2)CC[C@H](n2nc(-c3cccnc3)ccc2=O)CC1,CHEMBL3112960,=,=,4.0,0.004,4.0,8.397940008672037
NC[C@]1(c2cccc(Cl)c2)CC[C@H](n2nc(-c3ccccc3)ccc2=O)CC1,CHEMBL3112959,=,=,3.0,0.003,3.0,8.522878745280337
NC[C@]1(c2cccc(Cl)c2)CC[C@H](N2CCc3c(nc(C(F)(F)F)nc3C3CC3)C2=O)CC1,CHEMBL3112968,=,=,2.0,0.002,2.0,8.698970004336019
N#C[C@@H]1C[C@H]2C[C@H]2N1C(=O)[C@@H](N)C12CC3CC(CC(O)(C3)C1)C2,CHEMBL3114069,=,=,4364.0,4364.0,4364.0,5.360115258083695
N#C[C@@H]1C[C@@H]2C[C@@H]2N1C(=O)[C@@H](N)C12CC3CC(CC(O)(C3)C1)C2,CHEMBL385517,=,=,30.3,30.3,30.3,7.518557371497695
N#C[C@@H]1CCCN1C(=O)[C@@H](N)Cc1ccoc1,CHEMBL3127979,=,=,113600.0,113.6,113600.0,3.9446216686249995
N#C[C@@H]1CCCN1C(=O)[C@@H](N)Cc1ccccn1,CHEMBL3127983,=,=,520.0,0.52,520.0,6.2839966563652006
N#C[C@@H]1C[C@H](F)CN1C(=O)[C@@H](N)Cc1csc(-c2ccccc2)n1,CHEMBL3127988,=,=,390.0,0.39,390.0,6.4089353929735005
N#C[C@@H]1CCCN1C(=O)[C@@H](N)Cc1cscn1,CHEMBL3127982,=,=,330.0,0.33,330.0,6.481486060122112
N#C[C@@H]1CCCN1C(=O)[C@@H](N)Cc1ccsc1,CHEMBL3127980,=,=,170.0,0.17,170.0,6.769551078621726
N#C[C@@H]1C[C@H](F)CN1C(=O)[C@@H](N)Cc1csc(-c2cccs2)n1,CHEMBL3127991,=,=,120.0,0.12,120.0,6.920818753952375
N#C[C@@H]1C[C@H](F)CN1C(=O)[C@@H](N)Cc1csc(-c2ccc(C(F)(F)F)cc2)n1,CHEMBL3127990,=,=,50.0,0.05,50.0,7.301029995663981
N#C[C@@H]1C[C@H](F)CN1C(=O)[C@@H](N)Cc1csc(-c2ccc(Cl)cc2)n1,CHEMBL3127989,=,=,50.0,0.05,50.0,7.301029995663981
N#C[C@@H]1C[C@H](F)CN1C(=O)[C@@H](N)Cc1csc2ccccc12,CHEMBL3127985,=,=,50.0,0.05,50.0,7.301029995663981
Cc1nc(C[C@H](N)C(=O)N2C[C@@H](F)C[C@H]2C#N)cs1,CHEMBL3127987,=,=,40.0,0.04,40.0,7.3979400086720375
N#C[C@@H]1CCCN1C(=O)[C@@H](N)Cc1csc2ccccc12,CHEMBL3127981,=,=,30.0,0.03,30.0,7.522878745280337
N[C@@H](CC(=O)N1CCn2c(nnc2C(F)(F)F)C1)Cc1cc(F)c(F)cc1F,CHEMBL1422,=,=,20.0,0.02,20.0,7.698970004336019
N#C[C@@H]1C[C@H](F)CN1C(=O)[C@@H](N)Cc1cc2c(cc1Br)OCO2,CHEMBL3127992,=,=,10.0,0.01,10.0,8.0
N#C[C@@H]1C[C@H](F)CN1C(=O)[C@@H](N)Cc1cccs1,CHEMBL3127984,=,=,5.0,0.005,5.0,8.301029995663981
N#C[C@@H]1C[C@H](F)CN1C(=O)[C@@H](N)Cc1cscn1,CHEMBL3127986,=,=,4.0,0.004,4.0,8.397940008672037
CCOC(=O)c1c(O)cc(O)c2c1OC(c1ccc(O)cc1)CC2,CHEMBL3121246,=,=,113760.0,113.76,113760.0,3.944010416614309
COc1cc(O)c(C(=O)/C=C/c2ccc(O)cc2)c(OC)c1,CHEMBL251958,=,=,33110.0,33.11,33110.0,4.4800408192479315
O=C(/C=C/c1ccc(O[C@@H]2O[C@H](CO)[C@@H](O)[C@H](O)[C@H]2O)cc1)c1ccc(O)cc1O,CHEMBL599763,=,=,26920.0,26.92,26920.0,4.5699249444480605
O=c1c(O)c(-c2ccc(O)c(O)c2)oc2cc(O)cc(O)c12,CHEMBL50,=,=,32730.0,32.73,32730.0,4.485053994691996
COc1cc(O)c2c(=O)c(O)c(-c3ccc(OC)c(O)c3)oc2c1,CHEMBL75589,=,=,41690.0,41.69,41690.0,4.3799681048737025
O=c1c(O)c(-c2cc(O)c(O)c(O)c2)oc2cc(O)cc(O)c12,CHEMBL164,=,=,37150.0,37.15,37150.0,4.430041181903406
O=C(CC(O)CCc1ccccc1)c1ccc(O)cc1,CHEMBL1724888,=,=,38430.0,38.43,38430.0,4.415329615535652
COC(=O)C1(O)CC(O)C(O)C(OC(=O)/C=C/c2ccc(O)c(O)c2)C1,CHEMBL2048503,=,=,41400.0,41.4,41400.0,4.382999658879101
O=C(CCCCc1ccccc1)c1ccc(O)cc1,CHEMBL3220151,=,=,22390.0,22.39,22390.0,4.64994590642097
CCOC(=O)/C=C/c1ccc(O)c(O)c1,CHEMBL17347,=,=,87720.0,87.72,87720.0,4.056901376994515
O=C(O)/C=C/c1ccc(O)cc1,CHEMBL66879,=,=,83180.0,83.18,83180.0,4.079981083971085
COc1cc2cc(Oc3ccc4ccc(=O)oc4c3)c(=O)oc2cc1O,CHEMBL508494,=,=,87100.0,87.1,87100.0,4.059981844992337
C=C(C)[C@@H]1CC[C@]2(C(=O)O)CC[C@]3(C)[C@H](CC[C@@H]4[C@@]5(C)CC[C@H](O)C(C)(C)[C@@H]5CC[C@]43C)[C@@H]12,CHEMBL269277,=,=,55820.0,55.82,55820.0,4.253210167847388
COc1ccc2c(c1OC)CN(C)c1c-2ccc2cc3c(cc12)OCO3,CHEMBL400359,=,=,56230.0,56.23,56230.0,4.250031916490597
COc1ccc2c(c1OC)C(O)N(C)c1c-2ccc2cc3c(cc12)OCO3,CHEMBL3220152,=,=,32360.0,32.36,32360.0,4.489991487059766
CCCCCCCCCCCCCCCCC(=O)OC[C@H]1O[C@@H](O[C@H]2CC[C@@]3(C)C(=CC[C@H]4[C@@H]5CC[C@H]([C@H](C)/C=C/[C@@H](CC)C(C)C)[C@@]5(C)CC[C@@H]43)C2)[C@H](O)[C@@H](O)[C@@H]1O,CHEMBL3220153,=,=,16580.0,16.58,16580.0,4.780415473785745
CC[C@H](CC[C@@H](C)[C@H]1CC[C@H]2[C@@H]3CC=C4C[C@@H](O)CC[C@]4(C)[C@H]3CC[C@]12C)C(C)C,CHEMBL221542,=,=,28840.0,28.84,28840.0,4.540004743952609
COc1cc([C@@H]2Oc3ccc4ccc(=O)oc4c3O[C@H]2CO)ccc1O,CHEMBL574038,=,=,14130.0,14.13,14130.0,4.849857838151442
NC[C@H]1CN(c2ccccc2)C(=O)C[C@@H]1c1cc(F)ccc1F,CHEMBL3236100,=,=,1436.0,1436.0,1436.0,5.842845560093719
N#Cc1ccc(N2C[C@H](CN)[C@@H](c3cc(F)ccc3F)CC2=O)cc1,CHEMBL3236101,=,=,378.0,378.0,378.0,6.422508200162774
NC[C@H]1CN(c2ccc(F)cc2)C(=O)C[C@@H]1c1cc(F)ccc1F,CHEMBL3236102,=,=,382.0,382.0,382.0,6.417936637088291
NC[C@H]1CN(c2ccc(C(F)(F)F)cc2)C(=O)C[C@@H]1c1cc(F)ccc1F,CHEMBL3236103,=,=,342.0,342.0,342.0,6.465973893943865
COc1ccc(N2C[C@H](CN)[C@@H](c3cc(F)ccc3F)CC2=O)cc1,CHEMBL3236104,=,=,217.0,217.0,217.0,6.66354026615147
CS(=O)(=O)c1ccc(N2C[C@H](CN)[C@@H](c3cc(F)ccc3F)CC2=O)cc1,CHEMBL3236105,=,=,193.0,193.0,193.0,6.714442690992226
NC[C@H]1CN(c2cccnc2)C(=O)C[C@@H]1c1cc(F)ccc1F,CHEMBL3236106,=,=,1388.0,1388.0,1388.0,5.857610533881164
COc1ccc(N2C[C@H](CN)[C@@H](c3cc(F)ccc3F)CC2=O)cn1,CHEMBL3236107,=,=,452.0,452.0,452.0,6.3448615651886175
NC[C@H]1CN(c2ccc(C(F)(F)F)nc2)C(=O)C[C@@H]1c1cc(F)ccc1F,CHEMBL3236108,=,=,443.0,443.0,443.0,6.3535962737769305
N#Cc1ccc(N2C[C@H](CN)[C@@H](c3cc(F)ccc3F)CC2=O)cn1,CHEMBL3236109,=,=,404.0,404.0,404.0,6.393618634889394
NC[C@H]1CN(Cc2ccccc2)C(=O)C[C@@H]1c1cc(F)ccc1F,CHEMBL3236110,=,=,885.0,885.0,885.0,6.053056729302174
NC[C@H]1CN(Cc2ccc(C(F)(F)F)cc2)C(=O)C[C@@H]1c1cc(F)ccc1F,CHEMBL3236111,=,=,910.0,910.0,910.0,6.040958607678906
NC[C@H]1CN(c2ccc3ccccc3n2)C(=O)C[C@@H]1c1cc(F)ccc1F,CHEMBL3236112,=,=,1034.0,1034.0,1034.0,5.985479461242076
NC[C@H]1CN(c2nccn3cnnc23)C(=O)C[C@@H]1c1cc(F)ccc1F,CHEMBL3236113,=,=,1023.0,1023.0,1023.0,5.99012436628784
Cc1cc(=O)n2nc(N3C[C@H](CN)[C@@H](c4cc(F)ccc4F)CC3=O)ccc2n1,CHEMBL3236114,=,=,997.0,997.0,997.0,6.001304841688344
NC[C@H]1CN(CCc2ccccc2)C(=O)C[C@@H]1c1cc(F)ccc1F,CHEMBL3236115,=,=,119.0,119.0,119.0,6.924453038607469
NC[C@H]1CN(CCc2ccncc2)C(=O)C[C@@H]1c1cc(F)ccc1F,CHEMBL3236116,=,=,84.0,84.0,84.0,7.075720713938118
Cc1cc2ncc(N3C[C@H](CN)[C@@H](c4cc(F)ccc4F)CC3=O)c(C)n2n1,CHEMBL3236117,=,=,77.6,77.6,77.6,7.110138278741812
Cc1nnc2ccc(N3C[C@H](CN)[C@@H](c4cc(F)ccc4F)CC3=O)nn12,CHEMBL3236118,=,=,122.0,122.0,122.0,6.913640169325252
NC[C@H]1CN(c2ccc3nnc(C(F)(F)F)n3n2)C(=O)C[C@@H]1c1cc(F)ccc1F,CHEMBL3236119,=,=,79.0,79.0,79.0,7.102372908709558
NC[C@H]1CN(c2ccc3nc(C(F)(F)F)nn3n2)C(=O)C[C@@H]1c1cc(F)ccc1F,CHEMBL3236120,=,=,74.0,74.0,74.0,7.130768280269024
NC[C@H]1CN(CCc2ccc3c(c2)OCO3)C(=O)C[C@@H]1c1cc(F)ccc1F,CHEMBL3236121,=,=,8.5,8.5,8.5,8.070581074285707
NC[C@H]1CN(CCc2ccncc2)C(=O)C[C@@H]1c1cc(F)c(F)cc1F,CHEMBL3236122,=,=,157.0,157.0,157.0,6.804100347590767
Cc1cc2ncc(N3C[C@H](CN)[C@@H](c4cc(F)c(F)cc4F)CC3=O)c(C)n2n1,CHEMBL3236123,=,=,119.0,119.0,119.0,6.924453038607469
NC[C@H]1CN(c2ccc3nnc(C(F)(F)F)n3n2)C(=O)C[C@@H]1c1cc(F)c(F)cc1F,CHEMBL3236124,=,=,125.0,125.0,125.0,6.903089986991944
NC[C@H]1CN(c2ccc3nc(C(F)(F)F)nn3n2)C(=O)C[C@@H]1c1cc(F)c(F)cc1F,CHEMBL3236125,=,=,111.0,111.0,111.0,6.954677021213342
NC[C@H]1CN(CCc2ccc3c(c2)OCO3)C(=O)C[C@@H]1c1cc(F)c(F)cc1F,CHEMBL3236126,=,=,19.0,19.0,19.0,7.721246399047171
NC[C@H]1CN(CCc2ccncc2)C(=O)C[C@@H]1c1ccc(Cl)cc1Cl,CHEMBL3236127,=,=,197.0,197.0,197.0,6.7055337738384075
Cc1cc2ncc(N3C[C@H](CN)[C@@H](c4ccc(Cl)cc4Cl)CC3=O)c(C)n2n1,CHEMBL3236128,=,=,148.0,148.0,148.0,6.8297382846050425
NC[C@H]1CN(c2ccc3nnc(C(F)(F)F)n3n2)C(=O)C[C@@H]1c1ccc(Cl)cc1Cl,CHEMBL3236129,=,=,134.0,134.0,134.0,6.872895201635192
NC[C@H]1CN(c2ccc3nc(C(F)(F)F)nn3n2)C(=O)C[C@@H]1c1ccc(Cl)cc1Cl,CHEMBL3236130,=,=,137.0,137.0,137.0,6.863279432843593
NC[C@H]1CN(CCc2ccc3c(c2)OCO3)C(=O)C[C@@H]1c1ccc(Cl)cc1Cl,CHEMBL3236131,=,=,43.0,43.0,43.0,7.366531544420414
N[C@@H](CC(=O)N1CCn2c(nnc2C(F)(F)F)C1)Cc1cc(F)c(F)cc1F,CHEMBL1422,=,=,18.0,18.0,18.0,7.7447274948966935
N[C@@H](CC(=O)N1CCn2c(nnc2C(F)(F)F)C1)Cc1cc(F)c(F)cc1F,CHEMBL1422,=,=,19.0,19.0,19.0,7.721246399047171
N#Cc1ccc(NCCNCC(=O)N2CCC[C@H]2C#N)nc1,CHEMBL77538,=,=,22.0,22.0,22.0,7.657577319177793
N#C[C@@H]1C[C@@H]2C[C@@H]2N1C(=O)[C@@H](N)C12CC3CC(CC(O)(C3)C1)C2,CHEMBL385517,=,=,50.0,50.0,50.0,7.301029995663981
N#C[C@@H]1CCCN1C(=O)CNC12CC3CC(CC(O)(C3)C1)C2,CHEMBL142703,=,=,3.5,3.5,3.5,8.455931955649724
CC#CCn1c(N2CCC[C@@H](N)C2)nc2c1c(=O)n(Cc1nc(C)c3ccccc3n1)c(=O)n2C,CHEMBL237500,=,=,2.0,0.002,2.0,8.698970004336019
CC(C)[C@H](N)C(=O)N1CCC[C@H]1B(O)O,CHEMBL67279,=,=,22.0,0.022,22.0,7.657577319177793
COc1ccc2nccc(C(=O)NCC(=O)N3CC(F)(F)C[C@H]3C#N)c2c1,CHEMBL3233843,=,=,19000.0,19.0,19000.0,4.721246399047171
N[C@@H](CC(=O)N1CCn2c(nnc2C(F)(F)F)C1)Cc1cc(F)c(F)cc1F,CHEMBL1422,=,=,18.0,18.0,18.0,7.7447274948966935
CS(=O)(=O)n1cc2c(n1)CN([C@H]1CO[C@H](c3cc(F)ccc3F)[C@@H](N)C1)C2,CHEMBL2105762,=,=,1.6,1.6,1.6,8.795880017344075
CC[C@H](C)[C@H](N)C(=O)N1CCC[C@H]1C(=O)N[C@H](C(=O)O)[C@@H](C)CC,CHEMBL214381,=,=,2530.0,2.53,2530.0,5.596879478824182
O=Cc1ccc(-c2ccc(-c3cccs3)s2)s1,CHEMBL91933,=,=,890.0,0.89,890.0,6.050609993355087
CCOCc1ccc(-c2ccc(-c3cccs3)s2)s1,CHEMBL3343903,=,=,510.0,0.51,510.0,6.292429823902063
COCc1ccc(-c2ccc(-c3cccs3)s2)s1,CHEMBL3343902,=,=,2390.0,2.39,2390.0,5.621602099051863
OCc1ccc(-c2ccc(-c3cccs3)s2)s1,CHEMBL90170,=,=,3350.0,3.35,3350.0,5.474955192963154
CC(C)CC(=O)OCCC#Cc1ccc(-c2ccc(COC(=O)CC(C)C)s2)s1,CHEMBL3343901,=,=,750.0,0.75,750.0,6.1249387366083
OCc1ccc(-c2ccc(C#CC(O)CO)s2)s1,CHEMBL3343900,=,=,2810.0,2.81,2810.0,5.55129368009492
CC#CC#Cc1ccc(C#CC(O)CO)s1,CHEMBL3343899,=,=,2740.0,2.74,2740.0,5.562249437179612
N[C@@H](CC(=O)N1[C@H](CNS(=O)(=O)C(F)(F)F)C[C@@H]2CCCC[C@@H]21)Cc1cc(F)c(F)cc1F,CHEMBL3357782,=,=,170.0,0.17,170.0,6.769551078621726
CS(=O)(=O)NC[C@@H]1C[C@@H]2CCCC[C@@H]2N1C(=O)C[C@H](N)Cc1cc(F)c(F)cc1F,CHEMBL3357781,=,=,430.0,0.43,430.0,6.366531544420413
Cc1ccc(S(=O)(=O)NC[C@@H]2C[C@@H]3CCCC[C@@H]3N2C(=O)C[C@H](N)Cc2cc(F)c(F)cc2F)cc1,CHEMBL3357780,=,=,140.0,0.14,140.0,6.853871964321762
N[C@@H](CC(=O)N1[C@H](CNC(=O)c2ccccc2)C[C@@H]2CCCC[C@@H]21)Cc1cc(F)c(F)cc1F,CHEMBL3357779,=,=,610.0,0.61,610.0,6.214670164989233
N[C@@H](CC(=O)N1[C@H](CNC(=O)C2CCCC2)C[C@@H]2CCCC[C@@H]21)Cc1cc(F)c(F)cc1F,CHEMBL3357778,=,=,430.0,0.43,430.0,6.366531544420413
N[C@@H](CC(=O)N1[C@H](CNC(=O)C2CCC2)C[C@@H]2CCCC[C@@H]21)Cc1cc(F)c(F)cc1F,CHEMBL3357777,=,=,330.0,0.33,330.0,6.481486060122112
N[C@@H](CC(=O)N1[C@H](CNC(=O)C2CC2)C[C@@H]2CCCC[C@@H]21)Cc1cc(F)c(F)cc1F,CHEMBL3357776,=,=,540.0,0.54,540.0,6.267606240177031
CC(=O)NC[C@@H]1C[C@@H]2CCCC[C@@H]2N1C(=O)C[C@H](N)Cc1cc(F)c(F)cc1F,CHEMBL3357775,=,=,290.0,0.29,290.0,6.537602002101044
N[C@@H](CC(=O)N1[C@H](CO)C[C@@H]2CCCC[C@@H]21)Cc1cc(F)c(F)cc1F,CHEMBL3357774,=,=,510.0,0.51,510.0,6.292429823902063
N[C@@H](CC(=O)N1[C@H](COC(=O)c2ccccc2)C[C@@H]2CCCC[C@@H]21)Cc1cc(F)c(F)cc1F,CHEMBL3357773,=,=,320.0,0.32,320.0,6.494850021680094
N[C@@H](CC(=O)N1[C@H](COC(=O)C2CCCC2)C[C@@H]2CCCC[C@@H]21)Cc1cc(F)c(F)cc1F,CHEMBL3357772,=,=,180.0,0.18,180.0,6.7447274948966935
N[C@@H](CC(=O)N1[C@H](COC(=O)C2CCC2)C[C@@H]2CCCC[C@@H]21)Cc1cc(F)c(F)cc1F,CHEMBL3357771,=,=,70.0,0.07,70.0,7.154901959985743
N[C@@H](CC(=O)N1[C@H](COC(=O)C2CC2)C[C@@H]2CCCC[C@@H]21)Cc1cc(F)c(F)cc1F,CHEMBL3357770,=,=,80.0,0.08,80.0,7.096910013008056
CC(=O)OC[C@@H]1C[C@@H]2CCCC[C@@H]2N1C(=O)C[C@H](N)Cc1cc(F)c(F)cc1F,CHEMBL3357769,=,=,70.0,0.07,70.0,7.154901959985743
N[C@@H](CC(=O)N1CCn2c(nnc2C(F)(F)F)C1)Cc1cc(F)c(F)cc1F,CHEMBL1422,=,=,20.0,0.02,20.0,7.698970004336019
N[C@@H](CC(=O)N1[C@H](C(=O)O)C[C@@H]2CCCC[C@@H]21)Cc1cc(F)c(F)cc1F,CHEMBL3357768,=,=,3660.0,3.66,3660.0,5.436518914605589
CCOC(=O)[C@@H]1C[C@@H]2CCCC[C@@H]2N1C(=O)C[C@H](N)Cc1cc(F)c(F)cc1F,CHEMBL3357767,=,=,70.0,0.07,70.0,7.154901959985743
N[C@@H](CC(=O)N1[C@H](C(=O)NCC2CC2)C[C@@H]2CCCC[C@@H]21)Cc1cc(F)c(F)cc1F,CHEMBL3357766,=,=,760.0,0.76,760.0,6.119186407719209
N[C@@H](CC(=O)N1[C@H](C(=O)NC2CC2)C[C@@H]2CCCC[C@@H]21)Cc1cc(F)c(F)cc1F,CHEMBL3357765,=,=,380.0,0.38,380.0,6.42021640338319
N[C@@H](CC(=O)N1[C@H](C(=O)NCc2ccccc2)C[C@@H]2CCCC[C@@H]21)Cc1cc(F)c(F)cc1F,CHEMBL3357764,=,=,340.0,0.34,340.0,6.468521082957745
N[C@@H](CC(=O)N1[C@H](C(=O)Nc2ccccc2)C[C@@H]2CCCC[C@@H]21)Cc1cc(F)c(F)cc1F,CHEMBL3357763,=,=,5810.0,5.81,5810.0,5.235823867609669
Cn1c(=O)c(C(C)(NN)Nc2ccccc2)c(O)c2ccccc21,CHEMBL3310986,=,=,730.0,0.73,730.0,6.136677139879544
CCn1c(=O)c(C(C)(NN)Nc2ccc(C)cc2)c(O)c2ccccc21,CHEMBL3310987,=,=,2950.0,2.95,2950.0,5.530177984021837
Br.Cc1ccc(=N)n(Cc2cccc(F)c2)c1,CHEMBL3310988,=,=,34650.0,34.65,34650.0,4.460296761052175
N[C@@H](CC(=O)N1CCn2c(nnc2C(F)(F)F)C1)Cc1cc(F)c(F)cc1F,CHEMBL1422,=,=,18.0,0.018,18.0,7.7447274948966935
CN[C@@H]1CCCN(c2ccnc3c2n(Cc2ccccc2C#N)c(=O)n3C)C1,CHEMBL3329692,=,=,430.0,430.0,430.0,6.366531544420413
Cn1c(=O)n(Cc2ccccc2C#N)c2c(N3CCCNCC3)ccnc21,CHEMBL3329691,=,=,5200.0,5200.0,5200.0,5.2839966563652006
N[C@@H](CC(=O)N1CCn2c(nnc2C(F)(F)F)C1)Cc1cc(F)c(F)cc1F,CHEMBL1422,=,=,29.0,29.0,29.0,7.537602002101044
Cn1c(=O)cc(N2CCC[C@@H](N)C2)n(Cc2ccccc2C#N)c1=O,CHEMBL376359,=,=,7.0,7.0,7.0,8.154901959985743
N#Cc1ccccc1Cn1c(=O)oc2nccc(N3CCC[C@@H](N)C3)c21,CHEMBL3329624,=,=,100.0,100.0,100.0,7.0
CC1(C)C(=O)N(Cc2ccccc2C#N)c2c(N3CCC[C@@H](N)C3)ccnc21,CHEMBL3329625,=,=,3400.0,3400.0,3400.0,5.468521082957745
N#Cc1ccccc1Cn1c(=O)[nH]c2nccc(N3CCC[C@@H](N)C3)c21,CHEMBL3329626,=,=,45.0,45.0,45.0,7.346787486224656
Cn1c(=O)n(Cc2ccccc2C#N)c2c(N3CCC[C@@H](N)C3)ccnc21,CHEMBL3329627,=,=,13.0,13.0,13.0,7.886056647693163
CC(C)n1c(=O)n(Cc2ccccc2C#N)c2c(N3CCC[C@@H](N)C3)ccnc21,CHEMBL3329628,=,=,480.0,480.0,480.0,6.318758762624412
Cn1c(=S)n(Cc2ccccc2C#N)c2c(N3CCC[C@@H](N)C3)ccnc21,CHEMBL3329629,=,=,38000.0,38000.0,38000.0,4.42021640338319
Cn1c(=O)c(=O)n(Cc2ccccc2C#N)c2c(N3CCC[C@@H](N)C3)ccnc21,CHEMBL3329630,=,=,55000.0,55000.0,55000.0,4.259637310505756
Cn1c(=O)n(Cc2ccccc2C#N)c2c(N3CCC[C@@H](N)C3)c3ccccc3nc21,CHEMBL3329631,=,=,1100.0,1100.0,1100.0,5.958607314841775
Cn1c(=O)n(Cc2ccccc2C#N)c2c(N3CCC[C@@H](N)C3)ncnc21,CHEMBL3329632,=,=,10.0,10.0,10.0,8.0
Cn1c(=O)n(Cc2ccccc2C#N)c2c(N3CCC[C@@H](N)C3)cccc21,CHEMBL3329633,=,=,45.0,45.0,45.0,7.346787486224656
Cn1c(=O)n(Cc2cccc(C#N)c2)c2c(N3CCC[C@@H](N)C3)ccnc21,CHEMBL3329634,=,=,88000.0,88000.0,88000.0,4.055517327849832
Cn1c(=O)n(Cc2ccccc2Cl)c2c(N3CCC[C@@H](N)C3)ccnc21,CHEMBL3329636,=,=,110.0,110.0,110.0,6.958607314841775
Cn1c(=O)n(Cc2ccccc2F)c2c(N3CCC[C@@H](N)C3)ccnc21,CHEMBL3329637,=,=,2500.0,2500.0,2500.0,5.6020599913279625
Cn1c(=O)n(Cc2ccc(Cl)cc2C#N)c2c(N3CCC[C@@H](N)C3)ccnc21,CHEMBL3329638,=,=,16000.0,16000.0,16000.0,4.795880017344075
Cn1c(=O)n(Cc2ccc3ccccc3c2C#N)c2c(N3CCC[C@@H](N)C3)ccnc21,CHEMBL3329639,=,=,20000.0,20000.0,20000.0,4.698970004336019
Cn1c(=O)n(Cc2ccccc2C#N)c2c(N3CC[C@@H](N)C3)ccnc21,CHEMBL3329641,=,=,22.0,22.0,22.0,7.657577319177793
Cn1c(=O)n(Cc2ccccc2C#N)c2c(N3CCCCC(N)C3)ccnc21,CHEMBL3329688,=,=,530.0,530.0,530.0,6.275724130399211
Cn1c(=O)n(Cc2ccccc2C#N)c2c(N3CCNCC3)ccnc21,CHEMBL3329689,=,=,23000.0,23000.0,23000.0,4.638272163982407
N#C[C@@H]1C[C@H](F)CN1C(=O)C[C@H](N)Cc1ccc(C(F)(F)F)cc1,CHEMBL3330055,=,=,640.0,0.64,640.0,6.1938200260161125
N#C[C@@H]1C[C@H](F)CN1C(=O)C[C@H](N)Cc1ccc(I)cc1,CHEMBL3330054,=,=,430.0,0.43,430.0,6.366531544420413
N#C[C@@H]1C[C@H](F)CN1C(=O)C[C@H](N)Cc1ccc(F)cc1,CHEMBL3330053,=,=,320.0,0.32,320.0,6.494850021680094
N#C[C@@H]1C[C@H](F)CN1C(=O)C[C@H](N)Cc1cccc(F)c1,CHEMBL3330052,=,=,220.0,0.22,220.0,6.657577319177793
Cc1ccccc1C[C@@H](N)CC(=O)N1C[C@@H](F)C[C@H]1C#N,CHEMBL3330051,=,=,160.0,0.16,160.0,6.795880017344075
N#C[C@@H]1C[C@H](F)CN1C(=O)C[C@H](N)Cc1ccccc1Cl,CHEMBL3330050,=,=,220.0,0.22,220.0,6.657577319177793
N#C[C@@H]1C[C@H](F)CN1C(=O)C[C@H](N)Cc1ccccc1,CHEMBL3330049,=,=,450.0,0.45,450.0,6.346787486224656
N#C[C@@H]1C[C@@H]2CCC[C@@H]2N1C(=O)C[C@H](N)Cc1cc(F)c(F)cc1F,CHEMBL3330073,=,=,10.0,0.01,10.0,8.0
N#C[C@@H]1C[C@@H]2CCC[C@@H]2N1C(=O)C[C@H](N)Cc1cc(F)cc(F)c1,CHEMBL3330072,=,=,9650.0,9.65,9650.0,5.015472686656207
N#C[C@@H]1C[C@@H]2CCC[C@@H]2N1C(=O)C[C@H](N)Cc1ccc(Cl)c(Cl)c1,CHEMBL3330071,=,=,47440.0,47.44,47440.0,4.323855319643794
N#C[C@@H]1C[C@@H]2CCC[C@@H]2N1C(=O)C[C@H](N)Cc1ccc(Cl)cc1Cl,CHEMBL3330070,=,=,70.0,0.07,70.0,7.154901959985743
N#C[C@@H]1C[C@@H]2CCC[C@@H]2N1C(=O)C[C@H](N)Cc1ccc(C(F)(F)F)cc1,CHEMBL3330068,=,=,1980.0,1.98,1980.0,5.703334809738469
N#C[C@@H]1C[C@@H]2CCC[C@@H]2N1C(=O)C[C@H](N)Cc1ccc(I)cc1,CHEMBL3330067,=,=,8800.0,8.8,8800.0,5.055517327849831
N#C[C@@H]1C[C@@H]2CCC[C@@H]2N1C(=O)C[C@H](N)Cc1ccc(F)cc1,CHEMBL3330066,=,=,270.0,0.27,270.0,6.568636235841012
N#C[C@@H]1C[C@@H]2CCC[C@@H]2N1C(=O)C[C@H](N)Cc1cccc(F)c1,CHEMBL3330065,=,=,130.0,0.13,130.0,6.886056647693163
Cc1ccccc1C[C@@H](N)CC(=O)N1[C@H](C#N)C[C@@H]2CCC[C@@H]21,CHEMBL3330064,=,=,360.0,0.36,360.0,6.443697499232712
N#C[C@@H]1C[C@@H]2CCC[C@@H]2N1C(=O)C[C@H](N)Cc1ccccc1Cl,CHEMBL3330063,=,=,70.0,0.07,70.0,7.154901959985743
N#C[C@@H]1C[C@@H]2CCC[C@@H]2N1C(=O)C[C@H](N)Cc1ccccc1,CHEMBL3330062,=,=,440.0,0.44,440.0,6.356547323513812
N#C[C@@H]1CCCN1C(=O)CNC12CC3CC(CC(O)(C3)C1)C2,CHEMBL142703,=,=,70.0,0.07,70.0,7.154901959985743
N[C@@H](CC(=O)N1CCn2c(nnc2C(F)(F)F)C1)Cc1cc(F)c(F)cc1F,CHEMBL1422,=,=,20.0,0.02,20.0,7.698970004336019
N#C[C@@H]1C[C@H](F)CN1C(=O)C[C@@H](N)Cc1ccccc1,CHEMBL3330061,=,=,1940.0,1.94,1940.0,5.7121982700697735
N#C[C@@H]1C[C@H](F)CN1C(=O)C[C@H](N)Cc1cc(F)c(F)cc1F,CHEMBL3330060,=,=,50.0,0.05,50.0,7.301029995663981
N#C[C@@H]1C[C@H](F)CN1C(=O)C[C@H](N)Cc1cc(F)cc(F)c1,CHEMBL3330059,=,=,1580.0,1.58,1580.0,5.801342913045577
N#C[C@@H]1C[C@H](F)CN1C(=O)C[C@H](N)Cc1ccc(Cl)c(Cl)c1,CHEMBL3330058,=,=,530.0,0.53,530.0,6.275724130399211
N#C[C@@H]1C[C@H](F)CN1C(=O)C[C@H](N)Cc1ccc(Cl)cc1Cl,CHEMBL3330057,=,=,40.0,0.04,40.0,7.3979400086720375
COc1ccc(C[C@@H](N)CC(=O)N2C[C@@H](F)C[C@H]2C#N)cc1,CHEMBL3330056,=,=,770.0,0.77,770.0,6.113509274827518
Cc1oc(=O)oc1COC(=O)c1ccc2c(c1)c1nc(N3CCC[C@@H](N)C3)n(Cc3ccccc3Cl)c1c(=O)n2C.Cl,CHEMBL3400963,=,=,6.0,6.0,6.0,8.221848749616356
Cc1oc(=O)oc1COC(=O)c1ccc2c(c1)c1nc(N3CCC[C@@H](N)C3)n(Cc3cc(F)ccc3Cl)c1c(=O)n2C.Cl,CHEMBL3400964,=,=,4.7,4.7,4.7,8.327902142064282
Cc1oc(=O)oc1COC(=O)c1ccc2c3nc(N4CCC[C@@H](N)C4)n(Cc4ccccc4Cl)c3c(=O)n(C)c2c1.Cl,CHEMBL3400965,=,=,1.4,1.4,1.4,8.853871964321762
Cc1oc(=O)oc1COC(=O)c1ccc2c3nc(N4CCC[C@@H](N)C4)n(Cc4cc(F)ccc4Cl)c3c(=O)n(C)c2c1.Cl,CHEMBL3400966,=,=,3.4,3.4,3.4,8.468521082957745
Cn1c(=O)n(Cc2cc(C(=O)O)cc(C(=O)O)c2)c(=O)c2c1nc(N1CCC[C@@H](N)C1)n2Cc1ccccc1Cl,CHEMBL3402118,=,=,500.0,0.5,500.0,6.301029995663981
Cn1c(=O)n(Cc2cccc(C(=O)O)c2)c(=O)c2c1nc(N1CCC[C@@H](N)C1)n2Cc1ccccc1Cl,CHEMBL3402120,=,=,230.0,0.23,230.0,6.638272163982407
Cn1c(=O)n(Cc2ccc(F)c(C(=O)O)c2)c(=O)c2c1nc(N1CCC[C@@H](N)C1)n2Cc1ccccc1Cl,CHEMBL3402125,=,=,640.0,0.64,640.0,6.1938200260161125
COc1ccc(Cn2c(=O)c3c(nc(N4CCC[C@@H](N)C4)n3Cc3ccccc3Cl)n(C)c2=O)cc1C(=O)O,CHEMBL3402129,=,=,36.0,0.036,36.0,7.443697499232712
N[C@@H](CC(=O)N1CCn2c(nnc2C(F)(F)F)C1)Cc1cc(F)c(F)cc1F,CHEMBL1422,=,=,16.0,0.016,16.0,7.795880017344075
N[C@@H](CC(=O)N1CC[C@@H]2[C@@H](CCc3nnc(C(F)(F)F)n32)C1)Cc1ccccc1,CHEMBL3425745,=,=,695.0,695.0,695.0,6.158015195409886
N[C@@H](CC(=O)N1CC[C@@H]2[C@H](CCc3nnc(C(F)(F)F)n32)C1)Cc1ccccc1,CHEMBL3425746,=,=,2801.0,2801.0,2801.0,5.552686891176432
N[C@@H](CC(=O)N1CC[C@@H]2[C@@H](CCc3nnc(C(F)(F)F)n32)C1)Cc1cc(F)c(F)cc1F,CHEMBL3425747,=,=,28.0,28.0,28.0,7.552841968657781
N[C@@H](CC(=O)N1CC[C@@H]2[C@@H](CCc3nnc(C(F)(F)F)n32)C1)Cc1cc(F)c(F)cc1F,CHEMBL3425747,=,=,70.0,70.0,70.0,7.154901959985743
N[C@@H](CC(=O)N1CC[C@@H]2[C@H](CCc3nnc(C(F)(F)F)n32)C1)Cc1cc(F)c(F)cc1F,CHEMBL3425748,=,=,145.0,145.0,145.0,6.838631997765026
N[C@@H](CC(=O)N1CC[C@@H]2[C@H](CCc3nnc(C(F)(F)F)n32)C1)Cc1cc(F)c(F)cc1F,CHEMBL3425748,=,=,537.0,537.0,537.0,6.270025714300445
CCc1nnc2n1[C@@H]1CCN(C(=O)C[C@H](N)Cc3cc(F)c(F)cc3F)C[C@@H]1CC2,CHEMBL3425749,=,=,85.0,85.0,85.0,7.070581074285707
CCc1nnc2n1[C@@H]1CCN(C(=O)C[C@H](N)Cc3cc(F)c(F)cc3F)C[C@H]1CC2,CHEMBL3425750,=,=,108.0,108.0,108.0,6.96657624451305
N[C@@H](CC(=O)N1CC[C@@H]2[C@@H](CCc3nnc(C(F)(F)C(F)(F)F)n32)C1)Cc1cc(F)c(F)cc1F,CHEMBL3425751,=,=,67.0,67.0,67.0,7.173925197299173
N[C@@H](CC(=O)N1CC[C@@H]2[C@H](CCc3nnc(C(F)(F)C(F)(F)F)n32)C1)Cc1cc(F)c(F)cc1F,CHEMBL3425752,=,=,258.0,258.0,258.0,6.58838029403677
N[C@@H](CC(=O)N1CCn2c(nnc2C(F)(F)F)C1)Cc1cc(F)c(F)cc1F,CHEMBL1422,=,=,22.0,22.0,22.0,7.657577319177793
Cc1nnc(C(F)(F)F)n1C1CCN(C(=O)C[C@H](N)Cc2cc(F)c(F)cc2F)CC1.Cl,CHEMBL3425753,=,=,100.0,100.0,100.0,7.0
Cl.N[C@@H](CC(=O)N1CC[C@@H]2[C@@H](Cc3nnc(C(F)(F)F)n32)C1)Cc1cc(F)c(F)cc1F,CHEMBL3425754,=,=,94.0,94.0,94.0,7.026872146400302
N[C@@H](CC(=O)N1CC(=O)Nc2cc(C(F)(F)F)ccc2C1)[C@H]1CCc2cc(F)c(F)cc21,CHEMBL3580781,=,=,19.2,19.2,19.2,7.71669877129645
COc1ccc2c(c1)NC(=O)CN(C(=O)C[C@H](N)[C@H]1CCc3cc(F)c(F)cc31)C2,CHEMBL3580780,=,=,20.0,20.0,20.0,7.698970004336019
N[C@@H](CC(=O)N1CC(=O)Nc2cc(F)ccc2C1)[C@H]1CCc2cc(F)c(F)cc21,CHEMBL3580779,=,=,3.8,3.8,3.8,8.42021640338319
N[C@@H](CC(=O)N1CC(=O)Nc2nccnc2C1)[C@H]1CCc2cc(F)c(F)cc21,CHEMBL3580778,=,=,89.6,89.6,89.6,7.047691990337874
N[C@@H](CC(=O)N1CC(=O)Nc2cccnc2C1)[C@H]1CCc2cc(F)c(F)cc21,CHEMBL3580777,=,=,148.0,148.0,148.0,6.8297382846050425
N[C@@H](CC(=O)N1CC(=O)Nc2cc(Br)ccc2C1)[C@H]1CCc2cc(F)c(F)cc21,CHEMBL3580782,=,=,15.4,15.4,15.4,7.8124792791635365
N[C@@H](CC(=O)N1CC(=O)Nc2ccccc2C1)[C@H]1CCc2cc(F)c(F)cc21,CHEMBL3580776,=,=,4.9,4.9,4.9,8.309803919971486
N[C@@H](CC(=O)N1CCn2c(nnc2C(F)(F)F)C1)[C@H]1CCc2cc(F)c(F)cc21,CHEMBL3580775,=,=,10.8,10.8,10.8,7.966576244513051
N#Cc1ccc2c(c1)NC(=O)CN(C(=O)C[C@H](N)[C@H]1CCc3cc(F)c(F)cc31)C2,CHEMBL3580783,=,=,18.6,18.6,18.6,7.730487055782084
N[C@@H](CC(=O)N1CC(=O)Nc2cc(F)c(F)cc2C1)[C@H]1CCc2cc(F)c(F)cc21,CHEMBL3580784,=,=,19.8,19.8,19.8,7.703334809738469
N[C@@H](CC(=O)N1CCNc2ccccc2C1)[C@H]1CCc2cc(F)c(F)cc21,CHEMBL3580785,=,=,299.0,299.0,299.0,6.52432881167557
N[C@@H](CC(=O)N1CCNc2cc(F)ccc2C1)[C@H]1CCc2cc(F)c(F)cc21,CHEMBL3580786,=,=,346.0,346.0,346.0,6.460923901207224
N[C@@H](CC(=O)N1CCNc2cc(C(F)(F)F)ccc2C1)[C@H]1CCc2cc(F)c(F)cc21,CHEMBL3580787,=,=,2290.0,2290.0,2290.0,5.6401645176601125
CN1C(=O)CN(C(=O)C[C@H](N)[C@H]2CCc3cc(F)c(F)cc32)Cc2ccccc21,CHEMBL3580788,=,=,3.0,3.0,3.0,8.522878745280337
CN1C(=O)CN(C(=O)C[C@H](N)[C@H]2CCc3cc(F)c(F)cc32)Cc2ccc(F)cc21,CHEMBL3580789,=,=,3.4,3.4,3.4,8.468521082957745
CCN1C(=O)CN(C(=O)C[C@H](N)[C@H]2CCc3cc(F)c(F)cc32)Cc2ccccc21,CHEMBL3580790,=,=,2.9,2.9,2.9,8.537602002101044
CC(C)N1C(=O)CN(C(=O)C[C@H](N)[C@H]2CCc3cc(F)c(F)cc32)Cc2ccccc21,CHEMBL3580791,=,=,6.4,6.4,6.4,8.193820026016112
CCOC(=O)CN1C(=O)CN(C(=O)C[C@H](N)[C@H]2CCc3cc(F)c(F)cc32)Cc2ccccc21,CHEMBL3580792,=,=,3.4,3.4,3.4,8.468521082957745
N[C@@H](CC(=O)N1CCn2c(nnc2C(F)(F)F)C1)Cc1cc(F)c(F)cc1F,CHEMBL1422,=,=,19.0,19.0,19.0,7.721246399047171
CC(C)N(C)C(=O)n1cnc(S(=O)(=O)C2CC3CCC2C3)n1,CHEMBL537586,=,=,9.0,9.0,9.0,8.045757490560675
CC(C)[C@H](N)C(=O)N1CCC[C@H]1B(O)O,CHEMBL67279,=,=,22.0,0.022,22.0,7.657577319177793
CC#CCn1c(N2CCC[C@@H](N)C2)nc2c1c(=O)n(Cc1nc(C)c3ccccc3n1)c(=O)n2C,CHEMBL237500,=,=,2.0,0.002,2.0,8.698970004336019
CC#CCn1c(N2CCNCC2)nc2c1c(=O)n(Cc1nc(C)c3ccccc3n1)c(=O)n2C,CHEMBL3616890,=,=,19.4,0.0194,19.4,7.7121982700697735
CC#CCn1c(N2CCN3CCC[C@H]3C2)nc2c1c(=O)n(Cc1nc(C)c3ccccc3n1)c(=O)n2C,CHEMBL3616891,=,=,13900.0,13.9,13900.0,4.856985199745905
CC#CCn1c(N2CCC[C@@H](NC(C)=O)C2)nc2c1c(=O)n(Cc1nc(C)c3ccccc3n1)c(=O)n2C,CHEMBL3616894,=,=,12200.0,12.2,12200.0,4.913640169325252
CC#CCn1c(N2CC(=O)N[C@H](CO)C2)nc2c1c(=O)n(Cc1nc(C)c3ccccc3n1)c(=O)n2C,CHEMBL3616896,=,=,18100.0,18.1,18100.0,4.7423214251308154
CC#CCn1c(N2CCNCC2)nc2c1c(=O)n(Cc1ncc3ccccc3n1)c(=O)n2C,CHEMBL3616900,=,=,5.8,0.0058,5.8,8.236572006437063
CC#CCn1c(N2CCNCC2)nc2c1c(=O)n(Cc1nc(OC)c3ccccc3n1)c(=O)n2C,CHEMBL3616901,=,=,25.0,0.025,25.0,7.6020599913279625
CC#CCn1c(N2CCNCC2)nc2c1c(=O)n(Cc1ccc3ccccc3n1)c(=O)n2C,CHEMBL3616902,=,=,29.0,0.029,29.0,7.537602002101044
CC#CCn1c(N2CCNCC2)nc2c1c(=O)n(Cc1ccc3ccccc3c1)c(=O)n2C,CHEMBL3616903,=,=,180.0,0.18,180.0,6.7447274948966935
CC#CCn1c(N2CCNCC2)nc2c1c(=O)n(Cc1csc(CO)n1)c(=O)n2C,CHEMBL3616888,=,=,650.0,0.65,650.0,6.187086643357144
CC#CCn1c(N2CCNCC2)nc2c1c(=O)n(Cc1ccccc1)c(=O)n2C,CHEMBL3616904,=,=,1230.0,1.23,1230.0,5.910094888560602
CC#CCn1c(N2CCNCC2)nc2c1c(=O)n(Cc1cccc(C#N)c1)c(=O)n2C,CHEMBL3616905,=,=,340.0,0.34,340.0,6.468521082957745
CC#CCn1c(N2CCNCC2)nc2c1c(=O)n(Cc1ccc(-c3ccccc3C#N)cc1)c(=O)n2C,CHEMBL3616906,=,=,1800.0,1.8,1800.0,5.7447274948966935
CC#CCn1c(N2CCNCC2)nc2c1c(=O)n(Cc1nn(-c3ccccc3)nc1C)c(=O)n2C,CHEMBL3616907,=,=,180.0,0.18,180.0,6.7447274948966935
CC#CCn1c(N2CCNCC2)nc2c1c(=O)n(Cc1ccc(-n3cccn3)cc1)c(=O)n2C,CHEMBL3616908,=,=,1440.0,1.44,1440.0,5.84163750790475
CC#CCn1c(N2CCNCC2)nc2c1c(=O)n(Cc1ccc(-n3cncn3)cc1)c(=O)n2C,CHEMBL3616909,=,=,220.0,0.22,220.0,6.657577319177793
CC#CCn1c(N2CCC[C@@H](N)C2)nc2c1c(=O)n(C(C)C)c(=O)n2C,CHEMBL3616913,=,=,980.0,0.98,980.0,6.008773924307505
CC#CCn1c(N2CCC[C@@H](N)C2)nc2c1c(=O)n(Cc1nc(C)c3ccccc3n1)c(=O)n2C,CHEMBL237500,=,=,1.0,0.001,1.0,9.0
N[C@@H](CC(=O)N1CCn2c(nnc2C(F)(F)F)C1)Cc1cc(F)c(F)cc1F,CHEMBL1422,=,=,12.0,0.012,12.0,7.920818753952375
N#C[C@@H]1CCCN1C(=O)CNC12CC3CC(CC(O)(C3)C1)C2,CHEMBL142703,=,=,23.0,0.023,23.0,7.638272163982407
Cn1c(=O)cc(N2CCC[C@@H](N)C2)n(Cc2ccccc2C#N)c1=O,CHEMBL376359,=,=,6.9,0.0069,6.9,8.161150909262744
O=C(CN[C@@H]1CCNC1)N1CCC[C@H]1B(O)O,CHEMBL4296719,=,=,23.0,0.023,23.0,7.638272163982407
O=C(Nc1ccc(F)cc1)c1cnn(-c2ccccc2)c1NC(=O)C(F)(F)F,CHEMBL3618140,=,=,1250.0,1.25,1250.0,5.903089986991944
COc1ccc(-n2ncc3c(=O)n(-c4nc(-c5ccc(Cl)cc5)cs4)c(C)nc32)cc1,CHEMBL3618137,=,=,100000.0,100.0,100000.0,4.0
COc1ccc(-n2ncc3c(=O)n(-c4cc(C)ccn4)c(C)nc32)cc1,CHEMBL3618134,=,=,2230.0,2.23,2230.0,5.651695136951839
Cc1nc2c(cnn2-c2ccccc2)c(=O)n1-c1ccc(Br)cn1,CHEMBL3618039,=,=,11000.0,11.0,11000.0,4.958607314841775
Cc1ccnc(-n2c(C)nc3c(cnn3-c3ccccc3)c2=O)c1,CHEMBL3618038,=,=,1060.0,1.06,1060.0,5.97469413473523
Cc1nc2c(cnn2-c2ccccc2)c(=O)n1-c1ncccn1,CHEMBL3618037,=,=,24000.0,24.0,24000.0,4.619788758288394
Cc1nc2c(cnn2-c2ccccc2)c(=O)n1-c1ccccn1,CHEMBL3618036,=,=,4000.0,4.0,4000.0,5.3979400086720375
Cc1cc(C)c(-n2c(C)nc3c(cnn3-c3ccccc3)c2=O)c(C)c1,CHEMBL3618032,=,=,1320.0,1.32,1320.0,5.8794260687941495
N[C@@H](CC(=O)N1CCn2c(nnc2C(F)(F)F)C1)Cc1cc(F)c(F)cc1F,CHEMBL1422,=,=,18.0,0.018,18.0,7.7447274948966935
N[C@@H](CC(=O)N1CCn2c(nnc2C(F)(F)F)C1)Cc1cc(F)c(F)cc1F,CHEMBL1422,=,=,18.0,18.0,18.0,7.7447274948966935
CC[C@@H](C)[C@H](N)C(=O)N1CC(F)(F)C[C@H]1C#N,CHEMBL3632867,=,=,0.8,0.8,0.8,9.096910013008056
CC[C@@H](C)[C@H](N)C(=O)N1C[C@H](F)C[C@H]1C#N,CHEMBL3632866,=,=,290.0,290.0,290.0,6.537602002101044
CC[C@@H](C)[C@H](N)C(=O)N1C[C@@H](F)C[C@H]1C#N,CHEMBL3632865,=,=,0.6,0.6,0.6,9.221848749616356
CC[C@@H](C)[C@H](N)C(=O)N1CCC[C@H]1C#N,CHEMBL3632864,=,=,1.5,1.5,1.5,8.823908740944319
N[C@@H](CC(=O)N1CCc2c(nc(-c3ccco3)nc2C(F)(F)F)C1)CN1C(=O)CCC(F)(F)[C@@H]1O,CHEMBL3644788,=,=,6.0,6.0,6.0,8.221848749616356
COCCc1nc2c(c(C(F)(F)F)n1)CCN(C(=O)C[C@H](N)CN1C(=O)CCC(F)(F)[C@@H]1O)C2,CHEMBL3644790,=,=,14.0,14.0,14.0,7.853871964321762
N[C@@H](CC(=O)N1CCc2c(nc(C(F)(F)F)nc2C(F)(F)F)C1)CN1C(=O)CCC(F)(F)[C@@H]1O,CHEMBL3644783,=,=,5.0,5.0,5.0,8.301029995663981
N[C@@H](CC(=O)N1CCc2c(nc(-c3ccncc3)nc2C(F)(F)F)C1)CN1C(=O)CCC(F)(F)[C@@H]1O,CHEMBL3644787,=,=,10.0,10.0,10.0,8.0
CCCc1nc2c(c(C(F)(F)F)n1)CCN(C(=O)C[C@H](N)CN1C(=O)CCC(F)C1O)C2,CHEMBL3644799,=,=,409.0,409.0,409.0,6.388276691992658
N[C@@H](CC(=O)N1CCc2c(nc(C(F)(F)F)nc2C(F)(F)F)C1)CN1C(=O)CCC(F)(F)[C@H]1O,CHEMBL3644782,=,=,36.0,36.0,36.0,7.443697499232712
CC(C)(C)c1nc2c(c(C(F)(F)F)n1)CCN(C(=O)C[C@H](N)CN1C(=O)CCC(F)(F)C1O)C2,CHEMBL3644785,=,=,39.0,39.0,39.0,7.4089353929735005
N[C@@H](CC(=O)N1CCc2c(nc(-c3cccs3)nc2C(F)(F)F)C1)CN1C(=O)CCC(F)(F)[C@H]1O,CHEMBL3644793,=,=,195.0,195.0,195.0,6.709965388637482
N[C@@H](CC(=O)N1CCc2c(nc(C3CCC3)nc2C(F)(F)F)C1)CN1C(=O)CCC(F)(F)C1O,CHEMBL3644786,=,=,17.0,17.0,17.0,7.769551078621726
COCCc1nc2c(c(C(F)(F)F)n1)CCN(C(=O)C[C@H](N)CN1C(=O)CCC(F)(F)[C@H]1O)C2,CHEMBL3644791,=,=,160.0,160.0,160.0,6.795880017344075
N[C@@H](CC(=O)N1CCc2c(nc(-c3ccc(F)cc3)nc2C(F)(F)F)C1)CN1C(=O)CCC(F)(F)[C@H]1O,CHEMBL3644794,=,=,57.0,57.0,57.0,7.2441251443275085
N[C@@H](CC(=O)N1CCc2c(nc(-c3cccs3)nc2C(F)(F)F)C1)CN1C(=O)CCC(F)C1O,CHEMBL3644798,=,=,159.0,159.0,159.0,6.798602875679549
N[C@@H](CC(=O)N1CCc2c(nc(-c3ccncc3)nc2C(F)(F)F)C1)CN1C(=O)CCC(F)(F)[C@H]1O,CHEMBL3644803,=,=,63.0,63.0,63.0,7.200659450546418
N[C@@H](CC(=O)N1CCc2c(nc(-c3ccco3)nc2C(F)(F)F)C1)CN1C(=O)CCC(F)(F)[C@H]1O,CHEMBL3644789,=,=,93.0,93.0,93.0,7.031517051446065
N[C@@H](CC(=O)N1CCc2c(nc(-c3cccs3)nc2C(F)(F)F)C1)CN1C(=O)CCC(F)(F)[C@@H]1O,CHEMBL3644792,=,=,10.0,10.0,10.0,8.0
CC(C)(C)c1nc2c(c(C(F)(F)F)n1)CCN(C(=O)C[C@H](N)CN1C(=O)CCC(F)C1O)C2,CHEMBL3644796,=,=,197.0,197.0,197.0,6.7055337738384075
CCCc1nc2c(c(C(F)(F)F)n1)CCN(C(=O)C[C@H](N)CN1C(=O)CCC(F)(F)C1O)C2,CHEMBL3644784,=,=,20.0,20.0,20.0,7.698970004336019
N[C@@H](CC(=O)N1CCc2c(nc(-c3ccco3)nc2C(F)(F)F)C1)CN1C(=O)CCC(F)C1O,CHEMBL3644797,=,=,81.0,81.0,81.0,7.0915149811213505
N[C@@H](CC(=O)N1CCc2c(nc(-c3ccncc3)nc2C(F)(F)F)C1)CN1C(=O)CCC(F)C1O,CHEMBL3644800,=,=,206.0,206.0,206.0,6.686132779630847
N[C@@H](CC(=O)N1CCc2c(nc(C(F)(F)F)nc2C(F)(F)F)C1)CN1C(=O)CCC(F)(F)C1=O,CHEMBL3644795,=,=,2500.0,2500.0,2500.0,5.6020599913279625
N[C@H]1C[C@@H](N2Cc3[nH]nc(NC(=O)C4CC4)c3C2)CO[C@@H]1c1cc(F)ccc1F,CHEMBL3734964,=,=,1.6,1.6,1.6,8.795880017344075
N[C@H]1C[C@@H](N2Cc3[nH]nc(NC(=O)c4nccs4)c3C2)CO[C@@H]1c1cc(F)ccc1F,CHEMBL3735129,=,=,4.3,4.3,4.3,8.366531544420413
N[C@H]1C[C@@H](N2Cc3[nH]nc(NC(=O)c4ccncc4)c3C2)CO[C@@H]1c1cc(F)ccc1F,CHEMBL3735925,=,=,3.7,3.7,3.7,8.431798275933005
CS(=O)(=O)Nc1n[nH]c2c1CN([C@H]1CO[C@H](c3cc(F)ccc3F)[C@@H](N)C1)C2,CHEMBL3734769,=,=,3.2,3.2,3.2,8.494850021680094
CCS(=O)(=O)Nc1n[nH]c2c1CN([C@H]1CO[C@H](c3cc(F)ccc3F)[C@@H](N)C1)C2,CHEMBL3734828,=,=,1.1,1.1,1.1,8.958607314841775
N[C@H]1C[C@@H](N2Cc3[nH]nc(NS(=O)(=O)CC(F)(F)F)c3C2)CO[C@@H]1c1cc(F)ccc1F,CHEMBL3735461,=,=,1.3,1.3,1.3,8.886056647693163
N[C@H]1C[C@@H](N2Cc3[nH]nc(NS(=O)(=O)C4CC4)c3C2)CO[C@@H]1c1cc(F)ccc1F,CHEMBL3734999,=,=,1.8,1.8,1.8,8.744727494896694
N[C@H]1C[C@@H](N2Cc3[nH]nc(NS(=O)(=O)Cc4ccncc4)c3C2)CO[C@@H]1c1cc(F)ccc1F,CHEMBL3735433,=,=,1.8,1.8,1.8,8.744727494896694
N[C@H]1C[C@@H](N2Cc3[nH]nc(NS(=O)(=O)c4c[nH]cn4)c3C2)CO[C@@H]1c1cc(F)ccc1F,CHEMBL3736137,=,=,0.3,0.3,0.3,9.522878745280337
CS(=O)(=O)c1n[nH]c2c1CN([C@H]1CO[C@H](c3cc(F)ccc3F)[C@@H](N)C1)C2,CHEMBL3735917,=,=,1.7,1.7,1.7,8.769551078621726
CC(C)S(=O)(=O)c1n[nH]c2c1CN([C@H]1CO[C@H](c3cc(F)ccc3F)[C@@H](N)C1)C2,CHEMBL3735694,=,=,1.7,1.7,1.7,8.769551078621726
N[C@H]1C[C@@H](N2Cc3[nH]nc(S(=O)(=O)c4ccccc4)c3C2)CO[C@@H]1c1cc(F)ccc1F,CHEMBL3735843,=,=,0.4,0.4,0.4,9.397940008672037
N[C@H]1C[C@@H](N2Cc3cn[nH]c3C2)CO[C@@H]1c1cc(F)ccc1F,CHEMBL2425070,=,=,1.4,1.4,1.4,8.853871964321762
CS(=O)(=O)n1cc2c(n1)CN([C@H]1CO[C@H](c3cc(F)ccc3F)[C@@H](N)C1)C2,CHEMBL2105762,=,=,2.6,2.6,2.6,8.585026652029182
N[C@H]1C[C@@H](N2Cc3cn(S(=O)(=O)C(F)(F)F)nc3C2)CO[C@@H]1c1cc(F)ccc1F,CHEMBL3736188,=,=,2.3,2.3,2.3,8.638272163982407
CCS(=O)(=O)n1cc2c(n1)CN([C@H]1CO[C@H](c3cc(F)ccc3F)[C@@H](N)C1)C2,CHEMBL3735281,=,=,1.8,1.8,1.8,8.744727494896694
CCCS(=O)(=O)n1cc2c(n1)CN([C@H]1CO[C@H](c3cc(F)ccc3F)[C@@H](N)C1)C2,CHEMBL3734912,=,=,5.7,5.7,5.7,8.244125144327509
CC(C)S(=O)(=O)n1cc2c(n1)CN([C@H]1CO[C@H](c3cc(F)ccc3F)[C@@H](N)C1)C2,CHEMBL3735865,=,=,0.7,0.7,0.7,9.154901959985743
N[C@H]1C[C@@H](N2Cc3cnn(S(=O)(=O)C4CC4)c3C2)CO[C@@H]1c1cc(F)ccc1F,CHEMBL3736190,=,=,1.6,1.6,1.6,8.795880017344075
N[C@H]1C[C@@H](N2Cc3cn(S(=O)(=O)C4CC4)nc3C2)CO[C@@H]1c1cc(F)ccc1F,CHEMBL3735329,=,=,1.6,1.6,1.6,8.795880017344075
N[C@H]1C[C@@H](N2Cc3cnn(S(=O)(=O)C4CCCC4)c3C2)CO[C@@H]1c1cc(F)ccc1F,CHEMBL3645492,=,=,2.6,2.6,2.6,8.585026652029182
N[C@H]1C[C@@H](N2Cc3cn(S(=O)(=O)C4CCCC4)nc3C2)CO[C@@H]1c1cc(F)ccc1F,CHEMBL3736085,=,=,1.6,1.6,1.6,8.795880017344075
Cn1cnc(S(=O)(=O)n2ncc3c2CN([C@H]2CO[C@H](c4cc(F)ccc4F)[C@@H](N)C2)C3)c1,CHEMBL3735852,=,=,4.9,4.9,4.9,8.309803919971486
Cn1cnc(S(=O)(=O)n2cc3c(n2)CN([C@H]2CO[C@H](c4cc(F)ccc4F)[C@@H](N)C2)C3)c1,CHEMBL3736423,=,=,1.9,1.9,1.9,8.721246399047171
N[C@H]1C[C@@H](N2Cc3cn(S(=O)(=O)c4ccccc4)nc3C2)CO[C@@H]1c1cc(F)ccc1F,CHEMBL3736511,=,=,2.3,2.3,2.3,8.638272163982407
N[C@H]1C[C@@H](N2Cc3cn(S(=O)(=O)c4cccc(C(F)(F)F)c4)nc3C2)CO[C@@H]1c1cc(F)ccc1F,CHEMBL3736067,=,=,1.9,1.9,1.9,8.721246399047171
CCC(=O)Nc1n[nH]c2c1CN([C@H]1CO[C@H](c3cc(F)ccc3F)[C@@H](N)C1)C2,CHEMBL3736135,=,=,1.4,1.4,1.4,8.853871964321762
CC[C@@H](C)[C@H](N)C(=O)N1Cc2ccccc2C1,CHEMBL397070,=,=,90000.0,90.0,90000.0,4.045757490560675
CC[C@@H](C)[C@H](N)C(=O)N1C[C@@H](N=[N+]=[N-])C[C@H]1C#N,CHEMBL471547,=,=,290.0,0.29,290.0,6.537602002101044
C[C@H]1C[C@@H](C#N)N(C(=O)[C@@H](N)CC(=O)N2CCN(C(c3ccc(F)cc3)c3ccc(F)cc3)CC2)C1.O=C(O)C(F)(F)F.O=C(O)C(F)(F)F,CHEMBL3798441,=,=,2600.0,2.6,2600.0,5.585026652029182
CC1CCN(C(=O)[C@@H](N)CC(=O)N2CCN(C(c3ccc(F)cc3)c3ccc(F)cc3)CC2)C1.O=C(O)C(F)(F)F,CHEMBL3799388,=,=,19400.0,19.4,19400.0,4.7121982700697735
CC[C@@H](C)[C@H](N)C(=O)N1CCC(C)C1.O=C(O)C(F)(F)F,CHEMBL3798777,=,=,16200.0,16.2,16200.0,4.790484985457369
C=C1C[C@@H](C#N)N(C(=O)[C@@H](N)CC(=O)N2CCN(C(c3ccc(F)cc3)c3ccc(F)cc3)CC2)C1.O=C(O)C(F)(F)F.O=C(O)C(F)(F)F,CHEMBL3797842,=,=,680.0,0.68,680.0,6.167491087293763
C=C1CCN(C(=O)[C@@H](N)CC(=O)N2CCN(C(c3ccc(F)cc3)c3ccc(F)cc3)CC2)C1.O=C(O)C(F)(F)F.O=C(O)C(F)(F)F,CHEMBL3800113,=,=,34000.0,34.0,34000.0,4.468521082957745
CC[C@@H](C)[C@H](N)C(=O)N1Cc2conc2C1.O=C(O)C(F)(F)F,CHEMBL3800380,=,=,56000.0,56.0,56000.0,4.251811972993799
N#C[C@@H]1[C@@H]2C[C@@H]2CN1C(=O)[C@@H](N)CC(=O)N1CCN(C(c2ccc(F)cc2)c2ccc(F)cc2)CC1.O=C(O)C(F)(F)F,CHEMBL3797299,=,=,790.0,0.79,790.0,6.102372908709558
CC[C@@H](C)[C@H](N)C(=O)N1C[C@H]2C[C@H]2[C@H]1C#N.O=C(O)C(F)(F)F,CHEMBL3799074,=,=,4000.0,4.0,4000.0,5.3979400086720375
Cc1ccn2nc3c(c2n1)CN([C@@H]1CO[C@H](c2cc(F)c(F)cc2F)[C@@H](N)C1)C3,CHEMBL3804940,=,=,8.6,8.6,8.6,8.065501548756432
Cc1ccnc2c3c(nn12)CN([C@@H]1CC[C@H](c2cc(F)c(F)cc2F)[C@@H](N)C1)C3,CHEMBL3805696,=,=,289.0,289.0,289.0,6.539102157243452
Cc1ccnc2c3c(nn12)CN([C@@H]1CO[C@H](c2cc(F)c(F)cc2F)[C@@H](N)C1)C3,CHEMBL3805235,=,=,44.0,44.0,44.0,7.356547323513812
Cc1ccn2nc3c(c2n1)CN([C@@H]1CC[C@H](c2cc(F)c(F)cc2F)[C@@H](N)C1)C3,CHEMBL3804854,=,=,699.0,699.0,699.0,6.1555228242543185
N[C@H]1C[C@H](N2Cc3nn4cccnc4c3C2)CC[C@@H]1c1cc(F)ccc1F,CHEMBL3806164,=,=,1170.0,1170.0,1170.0,5.931814138253838
N[C@H]1C[C@@H](N2Cc3nn4nccnc4c3C2)CO[C@@H]1c1cc(F)ccc1F,CHEMBL3806052,=,=,0.12,0.12,0.12,9.920818753952375
N[C@H]1C[C@@H](N2Cc3nn4cncnc4c3C2)CO[C@@H]1c1cc(F)ccc1F,CHEMBL3805353,=,=,3.5,3.5,3.5,8.455931955649724
Cc1cc(O)nc2c3c(nn12)CN([C@H]1CO[C@H](c2cc(F)c(F)cc2F)[C@@H](N)C1)C3,CHEMBL3806310,=,=,0.6,0.6,0.6,9.221848749616356
Cc1cc(O)n2nc3c(c2n1)CN([C@H]1CO[C@H](c2cc(F)c(F)cc2F)[C@@H](N)C1)C3,CHEMBL3805154,=,=,0.5,0.5,0.5,9.301029995663981
Cc1cc(C(F)(F)F)nc2c3c(nn12)CN([C@H]1CC[C@H](c2cc(F)c(F)cc2F)[C@@H](N)C1)C3,CHEMBL3804996,=,=,1.9,1.9,1.9,8.721246399047171
N[C@H]1C[C@@H](N2Cc3nn4c(C(F)(F)F)ccnc4c3C2)CO[C@@H]1c1cc(F)c(F)cc1F,CHEMBL3805937,=,=,1.4,1.4,1.4,8.853871964321762
N[C@H]1C[C@@H](N2Cc3nn4c(C(F)(F)F)ccnc4c3C2)CC[C@@H]1c1cc(F)c(F)cc1F,CHEMBL3805179,=,=,1.1,1.1,1.1,8.958607314841775
Cc1ccnc2c3c(nn12)CN([C@H]1CO[C@H](c2cc(F)ccc2F)[C@@H](N)C1)C3,CHEMBL3804950,=,=,2.9,2.9,2.9,8.537602002101044
Cc1ccnc2c3c(nn12)CN([C@H]1CO[C@H](c2cc(F)c(F)cc2F)[C@@H](N)C1)C3,CHEMBL3806021,=,=,0.6,0.6,0.6,9.221848749616356
Cc1ccnc2c3c(nn12)CN([C@H]1CC[C@H](c2cc(F)c(F)cc2F)[C@@H](N)C1)C3,CHEMBL3804994,=,=,54.0,54.0,54.0,7.267606240177031
N[C@H]1C[C@@H](N2Cc3nn4ccc(C(F)(F)F)nc4c3C2)CO[C@@H]1c1cc(F)c(F)cc1F,CHEMBL3805502,=,=,1.5,1.5,1.5,8.823908740944319
N[C@H]1C[C@@H](N2Cc3nn4ccc(C(F)(F)F)nc4c3C2)CC[C@@H]1c1cc(F)c(F)cc1F,CHEMBL3805871,=,=,1.1,1.1,1.1,8.958607314841775
Cc1ccn2nc3c(c2n1)CN([C@H]1CO[C@H](c2cc(F)ccc2F)[C@@H](N)C1)C3,CHEMBL3805400,=,=,1.5,1.5,1.5,8.823908740944319
Cc1ccn2nc3c(c2n1)CN([C@H]1CO[C@H](c2cc(F)c(F)cc2F)[C@@H](N)C1)C3,CHEMBL3805751,=,=,0.5,0.5,0.5,9.301029995663981
Cc1ccn2nc3c(c2n1)CN([C@H]1CC[C@H](c2cc(F)c(F)cc2F)[C@@H](N)C1)C3,CHEMBL3806239,=,=,155.0,155.0,155.0,6.809668301829708
N[C@H]1C[C@@H](N2Cc3nn4cccnc4c3C2)CO[C@@H]1c1cc(F)ccc1F,CHEMBL3806216,=,=,0.7,0.7,0.7,9.154901959985743
N[C@H]1C[C@@H](N2Cc3nn4cccnc4c3C2)CC[C@@H]1c1cc(F)c(F)cc1F,CHEMBL3806003,=,=,3.7,3.7,3.7,8.431798275933005
N[C@H]1C[C@@H](N2Cc3nn4cccnc4c3C2)CC[C@@H]1c1cc(F)ccc1F,CHEMBL3806026,=,=,7.3,7.3,7.3,8.136677139879545
N[C@H]1C[C@@H](N2Cc3cnc4nc(C5CC5)nn4c3C2)CC[C@@H]1c1cc(F)c(F)cc1F,CHEMBL3805346,=,=,1.7,1.7,1.7,8.769551078621726
N[C@H]1C[C@@H](N2Cc3cnc4nnc(C5CC5)n4c3C2)CC[C@@H]1c1cc(F)c(F)cc1F,CHEMBL3806041,=,=,0.24,0.24,0.24,9.619788758288394
Cc1nc2ncc3c(n2n1)CN([C@H]1CC[C@H](c2cc(F)c(F)cc2F)[C@@H](N)C1)C3,CHEMBL3805629,=,=,0.23,0.23,0.23,9.638272163982407
Cc1nnc2ncc3c(n12)CN([C@H]1CC[C@H](c2cc(F)c(F)cc2F)[C@@H](N)C1)C3,CHEMBL3806023,=,=,0.56,0.56,0.56,9.2518119729938
Cc1cc2ncc3c(n2n1)CN([C@H]1CO[C@H](c2cc(F)c(F)cc2F)[C@@H](N)C1)C3,CHEMBL3806029,=,=,0.7,0.7,0.7,9.154901959985743
Cc1cc2ncc3c(n2n1)CN([C@H]1CC[C@H](c2cc(F)c(F)cc2F)[C@@H](N)C1)C3,CHEMBL3805966,=,=,0.14,0.14,0.14,9.853871964321762
Cc1cc2ncc3c(n2n1)CN([C@@H]1CC[C@H](c2cc(F)ccc2F)[C@@H](N)C1)C3,CHEMBL3806179,=,=,16.0,16.0,16.0,7.795880017344075
Cc1cc2ncc3c(n2n1)CN([C@H]1CO[C@H](c2cc(F)ccc2F)[C@@H](N)C1)C3,CHEMBL3805294,=,=,0.7,0.7,0.7,9.154901959985743
Cc1cc2ncc3c(n2n1)CN([C@H]1CC[C@H](c2cc(F)ccc2F)[C@@H](N)C1)C3,CHEMBL3806157,=,=,0.6,0.6,0.6,9.221848749616356
Cc1cc2nc3c(cn2n1)CN([C@@H]1CC[C@H](c2cc(F)ccc2F)[C@@H](N)C1)C3,CHEMBL3804982,=,=,26.0,26.0,26.0,7.585026652029182
Cc1cc2nc3c(cn2n1)CN([C@H]1CC[C@H](c2cc(F)ccc2F)[C@@H](N)C1)C3,CHEMBL3805226,=,=,1.1,1.1,1.1,8.958607314841775
CCN1C(=O)Cn2c1nc1nc(N3CCC[C@@H](N)C3)n(Cc3cc(F)ccc3F)c1c2=O,CHEMBL3687982,=,=,625.0,625.0,625.0,6.204119982655925
CCN1C(=O)Cn2c1nc1nc(N3CCC[C@@H](N)C3)n(Cc3cc(F)ccc3C(F)(F)F)c1c2=O,CHEMBL3687983,=,=,11.2,11.2,11.2,7.950781977329818
CCN1C(=O)Cn2c1nc1nc(N3CCC[C@@H](N)C3)n(Cc3cc(F)ccc3C#N)c1c2=O,CHEMBL3813856,=,=,13.5,13.5,13.5,7.8696662315049934
CN1C(=O)Cn2c1nc1nc(N3CCC[C@@H](N)C3)n(Cc3cc(F)ccc3F)c1c2=O,CHEMBL3687979,=,=,156.1,156.1,156.1,6.806597096937582
CN1C(=O)Cn2c1nc1nc(N3CCC[C@@H](N)C3)n(Cc3cc(F)ccc3C(F)(F)F)c1c2=O,CHEMBL3687977,=,=,27.4,27.4,27.4,7.562249437179612
CN1C(=O)Cn2c1nc1nc(N3CCC[C@@H](N)C3)n(Cc3cc(F)ccc3C#N)c1c2=O,CHEMBL3687984,=,=,1.7,1.7,1.7,8.769551078621726
CN1C(=O)Cn2c1nc1nc(N3CCC[C@@H](N)C3)n(Cc3ccccc3C#N)c1c2=O,CHEMBL3687978,=,=,10.6,10.6,10.6,7.97469413473523
CC#CCn1c(N2CCC[C@@H](N)C2)nc2nc3n(c(=O)c21)CC(=O)N3C,CHEMBL3687980,=,=,123.0,123.0,123.0,6.910094888560602
CC#CCn1c(N2CCC[C@@H](N)C2)nc2c1c(=O)n(Cc1nc(C)c3ccccc3n1)c(=O)n2C,CHEMBL237500,=,=,0.1,0.1,0.1,10.0
Cn1c(=O)cc(N2CCC[C@@H](N)C2)n(Cc2ccccc2C#N)c1=O,CHEMBL376359,=,=,7.6,7.6,7.6,8.119186407719209
N[C@@H](CC(=O)N1CCn2c(nnc2C(F)(F)F)C1)Cc1cc(F)c(F)cc1F,CHEMBL1422,=,=,6.24,6.24,6.24,8.204815410317575
COc1cc([C@H]2Oc3ccc4ccc(=O)oc4c3O[C@@H]2CO)cc(OC)c1O,CHEMBL584162,=,=,14130.0,14.13,14130.0,4.849857838151442
N[C@@H]1Cc2c(ccc3ccc(=O)oc23)O[C@H]1c1cc(F)c(F)cc1F,CHEMBL3952716,=,=,206.71,206.71,206.71,6.684638513020665
N[C@@H]1Cc2c(ccc3ccccc23)O[C@H]1c1cc(F)c(F)cc1F,CHEMBL3926320,=,=,110.1,110.1,110.1,6.9582126810282485
N[C@@H]1Cc2c(ccc3ccccc23)O[C@H]1c1cc(F)c(F)cc1F,CHEMBL3926320,=,=,110.1,110.1,110.1,6.9582126810282485
COc1ccc2ccc3c(c2c1)C[C@H](N)[C@@H](c1cc(F)c(F)cc1F)O3,CHEMBL3928073,=,=,60.61,60.61,60.61,7.21745571598999
N[C@@H]1Cc2c(ccc3ccc(Br)cc23)O[C@H]1c1cc(F)c(F)cc1F,CHEMBL3919178,=,=,216.2,216.2,216.2,6.665144310382709
N#Cc1ccc2ccc3c(c2c1)C[C@@H](N)[C@H](c1cc(F)c(F)cc1F)O3,CHEMBL3942715,=,=,205.2,205.2,205.2,6.687822643560221
CS(=O)(=O)c1cccc(-c2ccc3ccc4c(c3c2)C[C@@H](N)[C@H](c2cc(F)c(F)cc2F)O4)c1,CHEMBL3910262,=,=,14.6,14.6,14.6,7.835647144215563
COc1ccc2c3c(ccc2c1)O[C@@H](c1cc(F)c(F)cc1F)[C@H](N)C3,CHEMBL3929146,=,=,49.73,49.73,49.73,7.303381540767775
N[C@@H]1Cc2c(ccc3cc(Br)ccc23)O[C@H]1c1cc(F)c(F)cc1F,CHEMBL3892233,=,=,39.2,39.2,39.2,7.406713932979542
N#Cc1ccc2c3c(ccc2c1)O[C@@H](c1cc(F)c(F)cc1F)[C@H](N)C3,CHEMBL3920234,=,=,8.42,8.42,8.42,8.074687908500351
N[C@H]1Cc2c(ccc3cc(C(=O)O)ccc23)O[C@@H]1c1cc(F)c(F)cc1F,CHEMBL3950517,=,=,17.65,17.65,17.65,7.753255290276159
N[C@H]1Cc2c(ccc3cc(N4CCOCC4)ccc23)O[C@@H]1c1cc(F)c(F)cc1F,CHEMBL3890161,=,=,70.42,70.42,70.42,7.1523039792658345
CS(=O)(=O)Nc1ccc2c3c(ccc2c1)O[C@H](c1cc(F)c(F)cc1F)[C@@H](N)C3,CHEMBL3959221,=,=,10.9,10.9,10.9,7.962573502059376
CS(=O)(=O)c1ccc2c3c(ccc2c1)O[C@H](c1cc(F)c(F)cc1F)[C@@H](N)C3,CHEMBL3932825,=,=,10.71,10.71,10.71,7.970210529168145
COc1ccc2ccc3c(c2c1)C[C@H](N)[C@@H](c1ccc(F)cc1F)O3,CHEMBL3952691,=,=,78.33,78.33,78.33,7.1060718734573936
COc1ccc2ccc3c(c2c1)C[C@H](N)[C@@H](c1ccccc1F)O3,CHEMBL3981442,=,=,563.9,563.9,563.9,6.248797905411647
COc1ccc2ccc3c(c2c1)C[C@H](N)[C@@H](c1cc(F)ccc1F)O3,CHEMBL3934008,=,=,32.64,32.64,32.64,7.486249849918177
COc1ccc2ccc3c(c2c1)C[C@H](N)[C@@H](c1cccc(F)c1)O3,CHEMBL3892398,=,=,121.56,121.56,121.56,6.915209308592095
COc1ccc2ccc3c(c2c1)C[C@H](N)[C@@H](c1ccccc1Cl)O3,CHEMBL3972474,=,=,337.8,337.8,337.8,6.47134035476501
COc1ccc2ccc3c(c2c1)C[C@H](N)[C@@H](c1cc(F)c(F)cc1F)O3,CHEMBL3928073,=,=,14.95,14.95,14.95,7.825358807339551
COc1ccc2ccc3c(c2c1)C[C@@H](N)[C@H](c1cc(F)c(F)cc1F)O3,CHEMBL3955701,=,=,2930.0,2930.0,2930.0,5.53313237964589
COc1ccc2c3c(ccc2c1)O[C@H](c1cc(F)c(F)cc1F)[C@@H](N)C3,CHEMBL3901191,=,=,19.64,19.64,19.64,7.706858516549069
COc1ccc2c3c(ccc2c1)O[C@@H](c1cc(F)c(F)cc1F)[C@H](N)C3,CHEMBL3929146,=,=,813.44,813.44,813.44,6.089674475462105
N[C@H]1Cc2c(ccc3cc(Br)ccc23)O[C@@H]1c1cc(F)c(F)cc1F,CHEMBL3979508,=,=,5.17,5.17,5.17,8.286509456906057
CS(=O)(=O)Nc1ccc2c3c(ccc2c1)O[C@H](c1cc(F)c(F)cc1F)[C@@H](N)C3,CHEMBL3959221,=,=,8.91,8.91,8.91,8.050122295963126
CS(=O)(=O)c1ccc2c3c(ccc2c1)O[C@H](c1cc(F)c(F)cc1F)[C@@H](N)C3,CHEMBL3932825,=,=,5.8,5.8,5.8,8.236572006437063
COc1cc2ccc3c(c2cc1OC)C[C@H](N)[C@@H](c1cc(F)c(F)cc1F)O3,CHEMBL3941804,=,=,2.06,2.06,2.06,8.686132779630846
COc1cc2c3c(ccc2cc1NS(C)(=O)=O)O[C@H](c1cc(F)c(F)cc1F)[C@@H](N)C3,CHEMBL3942843,=,=,6.13,6.13,6.13,8.212539525481585
COc1cc2c3c(ccc2cc1S(C)(=O)=O)O[C@H](c1cc(F)c(F)cc1F)[C@@H](N)C3,CHEMBL3944427,=,=,1.9,1.9,1.9,8.721246399047171
CS(=O)(=O)n1cc2c(n1)CN([C@H]1CO[C@H](c3cc(F)ccc3F)[C@@H](N)C1)C2,CHEMBL2105762,=,=,2.22,2.22,2.22,8.653647025549361
Cc1cc(=O)oc2c3c(ccc12)O[C@@H](c1cc(F)c(F)cc1F)[C@@H](N)C3,CHEMBL3968332,=,=,50860.0,50860.0,50860.0,4.29362364416031
Cc1cc(=O)oc2c3c(ccc12)O[C@H](c1cc(F)c(F)cc1F)[C@H](N)C3,CHEMBL3929764,=,=,21520.0,21520.0,21520.0,4.667157733005649
Cc1cc(=O)oc2c3c(ccc12)O[C@H](c1cc(F)c(F)cc1F)[C@@H](N)C3,CHEMBL3959577,=,=,154.67,154.67,154.67,6.810593914470772
Cc1cc(=O)oc2c3c(ccc12)O[C@H](c1cc(F)c(F)cc1F)[C@@H](N)C3,CHEMBL3959577,=,=,165.0,165.0,165.0,6.782516055786093
Cc1cc(=O)oc2c3c(ccc12)O[C@@H](c1cc(F)c(F)cc1F)[C@H](N)C3,CHEMBL3971196,=,=,13070.0,13070.0,13070.0,4.883724412419456
CC#CCn1c(N2CCC[C@@H](N)C2)nc2c1c(=O)n(CCCN1CCC(C(=O)Nc3ccc(C#N)cc3)CC1)c(=O)n2C,CHEMBL3945617,=,=,800.0,0.8,800.0,6.096910013008056
CC#CCn1c(N2CCC[C@@H](N)C2)nc2c1c(=O)n(CCCN1CCC(C(=O)Nc3ccc(Br)cc3)CC1)c(=O)n2C,CHEMBL3924059,=,=,770.0,0.77,770.0,6.113509274827518
CC#CCn1c(N2CCC[C@@H](N)C2)nc2c1c(=O)n(CCCN1CCC(C(=O)Nc3ccc(Cl)cc3)CC1)c(=O)n2C,CHEMBL3896047,=,=,360.0,0.36,360.0,6.443697499232712
CC#CCn1c(N2CCC[C@@H](N)C2)nc2c1c(=O)n(CCCN1CCC(C(=O)Nc3ccc(F)cc3)CC1)c(=O)n2C,CHEMBL3915044,=,=,510.0,0.51,510.0,6.292429823902063
CC#CCn1c(N2CCC[C@@H](N)C2)nc2c1c(=O)n(CCCN1CCC(C(=O)Nc3ccc(OC)cc3)CC1)c(=O)n2C,CHEMBL3984849,=,=,120.0,0.12,120.0,6.920818753952375
CC#CCn1c(N2CCC[C@@H](N)C2)nc2c1c(=O)n(CCCN1CCC(C(=O)Nc3ccc(C)cc3)CC1)c(=O)n2C,CHEMBL3898220,=,=,300.0,0.3,300.0,6.522878745280337
CC#CCn1c(N2CCC[C@@H](N)C2)nc2c1c(=O)n(CCCN1CCC(C(=O)Nc3ccccc3)CC1)c(=O)n2C,CHEMBL3976778,=,=,220.0,0.22,220.0,6.657577319177793
CC#CCn1c(N2CCC[C@@H](N)C2)nc2c1c(=O)n(CCCN1CCC(C(=O)N(C)C)CC1)c(=O)n2C,CHEMBL3897118,=,=,260.0,0.26,260.0,6.585026652029182
CC#CCn1c(N2CCC[C@@H](N)C2)nc2c1c(=O)n(CCCN1CCC(C(=O)Oc3ccccc3)CC1)c(=O)n2C,CHEMBL3968249,=,=,280.0,0.28,280.0,6.552841968657781
CC#CCn1c(N2CCC[C@@H](N)C2)nc2c1c(=O)n(CCCN1CCC(C(=O)OC3CCCCC3)CC1)c(=O)n2C,CHEMBL3979866,=,=,360.0,0.36,360.0,6.443697499232712
CC#CCn1c(N2CCC[C@@H](N)C2)nc2c1c(=O)n(CCCN1CCC(C(=O)OC3CCCC3)CC1)c(=O)n2C,CHEMBL3899590,=,=,890.0,0.89,890.0,6.050609993355087
CC#CCn1c(N2CCC[C@@H](N)C2)nc2c1c(=O)n(CCCN1CCC(C(=O)OC3CCC3)CC1)c(=O)n2C,CHEMBL3972227,=,=,610.0,0.61,610.0,6.214670164989233
CC#CCn1c(N2CCC[C@@H](N)C2)nc2c1c(=O)n(CCCN1CCC(C(=O)OCCC)CC1)c(=O)n2C,CHEMBL3933623,=,=,500.0,0.5,500.0,6.301029995663981
CC#CCn1c(N2CCC[C@@H](N)C2)nc2c1c(=O)n(CCCN1CCC(C(=O)OCC)CC1)c(=O)n2C,CHEMBL3980269,=,=,140.0,0.14,140.0,6.853871964321762
CC#CCn1c(N2CCC[C@@H](N)C2)nc2c1c(=O)n(CCCN1CCC(C(=O)OC)CC1)c(=O)n2C,CHEMBL3910158,=,=,250.0,0.25,250.0,6.6020599913279625
CC#CCn1c(N2CCCNCC2)nc2c1c(=O)n(CCCN1CCC(C(=O)OC(C)C)CC1)c(=O)n2C,CHEMBL3927979,=,=,2600.0,2.6,2600.0,5.585026652029182
CC#CCn1c(N2CCNCC2)nc2c1c(=O)n(CCCN1CCC(C(=O)OC(C)C)CC1)c(=O)n2C,CHEMBL3909049,=,=,5400.0,5.4,5400.0,5.267606240177031
N[C@@H](CC(=O)N1CCn2c(nnc2C(F)(F)F)C1)Cc1cc(F)c(F)cc1F,CHEMBL1422,=,=,17.0,0.017,17.0,7.769551078621726
CC#CCn1c(N2CCC[C@@H](N)C2)nc2c1c(=O)n(CCCCN1CCC(C(=O)OC(C)C)CC1)c(=O)n2C,CHEMBL3920718,=,=,400.0,0.4,400.0,6.3979400086720375
CC#CCn1c(N2CCC[C@@H](N)C2)nc2c1c(=O)n(CCCN1CCC(C(=O)OC(C)C)CC1)c(=O)n2C,CHEMBL3892718,=,=,140.0,0.14,140.0,6.853871964321762
CC#CCn1c(N2CCC[C@@H](N)C2)nc2c1c(=O)n(CCN1CCC(C(=O)OC(C)C)CC1)c(=O)n2C,CHEMBL3929627,=,=,760.0,0.76,760.0,6.119186407719209
CC#CCn1c(N2CCC[C@@H](N)C2)nc2c1c(=O)n(CCCCC1CCN(C(=O)OC(C)C)CC1)c(=O)n2C,CHEMBL3901674,=,=,250.0,0.25,250.0,6.6020599913279625
CC#CCn1c(N2CCC[C@@H](N)C2)nc2c1c(=O)n(CCCC1CCN(C(=O)OC(C)C)CC1)c(=O)n2C,CHEMBL3902771,=,=,73.0,0.073,73.0,7.136677139879544
CC#CCn1c(N2CCC[C@@H](N)C2)nc2c1c(=O)n(CCC1CCN(C(=O)OC(C)C)CC1)c(=O)n2C,CHEMBL3973741,=,=,950.0,0.95,950.0,6.022276394711152
CC#CCn1c(N2CCC[C@@H](N)C2)nc2c1c(=O)n(CC1CCN(C(=O)OC(C)C)CC1)c(=O)n2C,CHEMBL3911786,=,=,5000.0,5.0,5000.0,5.301029995663981
N#CC1CCCN1C(=O)CNCC(O)COc1ccccc1,CHEMBL3704833,=,=,1.0,1.0,1.0,9.0
CS(=O)(=O)n1cc2c(n1)CN([C@H]1COC(c3cc(F)ccc3F)[C@@H](N)C1)C2,CHEMBL3645490,=,=,2.5,2.5,2.5,8.602059991327963
CS(=O)(=O)n1cc2c(n1)CN([C@H]1COC(c3cc(F)c(F)cc3F)[C@@H](N)C1)C2,CHEMBL3645491,=,=,2.2,2.2,2.2,8.657577319177793
N[C@H]1C[C@@H](N2Cc3cn(S(=O)(=O)C4CC4)nc3C2)COC1c1cc(F)c(F)cc1F,CHEMBL3645496,=,=,1.9,1.9,1.9,8.721246399047171
N[C@H]1C[C@@H](N2Cc3cn(S(=O)(=O)C4CCCC4)nc3C2)COC1c1cc(F)ccc1F,CHEMBL3645493,=,=,1.6,1.6,1.6,8.795880017344075
N[C@H]1C[C@@H](N2Cc3cn(S(=O)(=O)C4CC4)nc3C2)COC1c1cc(F)ccc1F,CHEMBL3645497,=,=,1.0,1.0,1.0,9.0
N[C@H]1C[C@@H](N2Cc3cn(S(=O)(=O)C4CCCC4)nc3C2)COC1c1cc(F)c(F)cc1F,CHEMBL3645494,=,=,1.3,1.3,1.3,8.886056647693163
N[C@H]1C[C@@H](N2Cc3cnn(S(=O)(=O)C4CC4)c3C2)COC1c1cc(F)ccc1F,CHEMBL3645495,=,=,1.6,1.6,1.6,8.795880017344075
N[C@H]1C[C@@H](N2Cc3cnn(S(=O)(=O)C4CCCC4)c3C2)CO[C@@H]1c1cc(F)ccc1F,CHEMBL3645492,=,=,2.6,2.6,2.6,8.585026652029182
CC#CCn1c(N2CCC[C@@H](N)C2)nc2c1C(=O)N(Cc1nc(C)c3ccccc3n1)C1=NCCN12,CHEMBL3675618,=,=,0.38,0.38,0.38,9.42021640338319
[C-]#[N+]c1ccc(CN2C(=O)c3c(nc(N4CCC[C@@H](N)C4)n3CC#CC)N3CCN=C23)cc1,CHEMBL3675619,=,=,10.0,10.0,10.0,8.0
Cc1nc(CN2C(=O)c3c(nc(N4CCC[C@@H](N)C4)n3Cc3cc(F)ccc3F)N3CCN=C23)nc2ccccc12,CHEMBL3675620,=,=,43.0,43.0,43.0,7.366531544420414
Cc1nc(CN2C(=O)c3c(nc(N4CCC[C@@H](N)C4)n3Cc3cc(F)ccc3C#N)N3CCCN=C23)nc2ccccc12,CHEMBL3675621,=,=,99.0,99.0,99.0,7.00436480540245
CC#CCn1c(N2CCC[C@@H](N)C2)nc2c1C(=O)N(Cc1nc(C)c3ccccc3n1)C1=NCCCN12,CHEMBL3675622,=,=,1.3,1.3,1.3,8.886056647693163
Cc1nc(CN2C(=O)c3c(nc(N4CCC[C@@H](N)C4)n3C)N3CCN=C23)nc2ccccc12,CHEMBL3675623,=,=,539.0,539.0,539.0,6.268411234813261
CC(C)=CCn1c(N2CCC[C@@H](N)C2)nc2c1C(=O)N(Cc1nc(C)c3ccccc3n1)C1=NCCN12,CHEMBL3675624,=,=,1.6,1.6,1.6,8.795880017344075
Cc1nc(CN2C(=O)c3c(nc(N4CCC[C@@H](N)C4)n3Cc3cccc(F)c3)N3CCN=C23)nc2ccccc12,CHEMBL3675625,=,=,19.0,19.0,19.0,7.721246399047171
Cc1nc(CN2C(=O)c3c(nc(N4CCC[C@@H](N)C4)n3Cc3ccccc3)N3CCN=C23)nc2ccccc12,CHEMBL3675626,=,=,32.0,32.0,32.0,7.494850021680094
Cc1nc(CN2C(=O)c3c(nc(N4CCC[C@@H](N)C4)n3CC3CC3)N3CCN=C23)nc2ccccc12,CHEMBL3675627,=,=,8.0,8.0,8.0,8.096910013008056
CC#CCn1c(N2CCC[C@@H](N)C2)nc2c1C(=O)N(Cc1ccc(OC)cc1)C1=NCCCN12,CHEMBL3675628,=,=,39.0,39.0,39.0,7.4089353929735005
CC#CCn1c(N2CCC[C@@H](N)C2)nc2c1C(=O)NC1=NCCCN12,CHEMBL3675629,=,=,6113.0,6113.0,6113.0,5.21374560421022
CC#CCn1c(N2CCC[C@@H](N)C2)nc2c1C(=O)N(Cc1cccc3ccccc13)C1=NCCCN12,CHEMBL3675630,=,=,44.0,44.0,44.0,7.356547323513812
CC#CCn1c(N2CCC[C@@H](N)C2)nc2c1C(=O)N(Cc1nccc(C#N)n1)C1=NCCN12,CHEMBL3675631,=,=,11.0,11.0,11.0,7.958607314841775
CC#CCn1c(N2CCC[C@@H](N)C2)nc2c1C(=O)N(Cc1ccccc1C#N)C1=NCCN12,CHEMBL3675632,=,=,9.0,9.0,9.0,8.045757490560675
Cc1nc(CN2C(=O)c3c(nc(N4CCC[C@@H](N)C4)n3Cc3sccc3F)N3CCN=C23)nc2ccccc12,CHEMBL3675633,=,=,29.0,29.0,29.0,7.537602002101044
Cc1nc(CN2C(=O)c3c(nc(N4CCC[C@@H](N)C4)n3CC3CC3(F)F)N3CCN=C23)nc2ccccc12,CHEMBL3675634,=,=,14.0,14.0,14.0,7.853871964321762
Cc1nc(CN2C(=O)c3c(nc(N4CCC[C@@H](N)C4)n3CC3CCC3)N3CCN=C23)nc2ccccc12,CHEMBL3675635,=,=,29.0,29.0,29.0,7.537602002101044
Cc1nc(CN2C(=O)c3c(nc(N4CCC[C@@H](N)C4)n3Cc3ccccc3C#N)N3CCN=C23)nc2ccccc12,CHEMBL3675636,=,=,82.0,82.0,82.0,7.086186147616283
CC#CCn1c(N2CCC[C@@H](N)C2)nc2c1C(=O)N(Cc1nc(C)c3ccccc3n1)C1=N[C@@H](C)CN12,CHEMBL3675637,=,=,1.0,1.0,1.0,9.0
CC#CCn1c(N2CCCC(NC(=O)OC(C)(C)C)C2)nc2c1c(=O)n(Cc1nc(NCc3ccccc3)c3ccccc3n1)c(=O)n2C,CHEMBL3680628,=,=,6.0,6.0,6.0,8.221848749616356
CC#CCn1c(N2CCC[C@@H](NC(=O)OC(C)(C)C)C2)nc2c1c(=O)n(Cc1cc(C#N)cc3ccccc13)c(=O)n2C,CHEMBL3680629,=,=,6.0,6.0,6.0,8.221848749616356
CC#CCn1c(N2CCC[C@@H](NC(=O)OC(C)(C)C)C2)nc2c1c(=O)n(Cc1nc(-c3ccccc3)nc3ccccc13)c(=O)n2C,CHEMBL3680630,=,=,9.0,9.0,9.0,8.045757490560675
CC#CCn1c(N2CCC[C@@H](NC(=O)OC(C)(C)C)C2)nc2c1c(=O)n(Cc1cc(C#N)c3ccccc3n1)c(=O)n2C,CHEMBL3680631,=,=,2.0,2.0,2.0,8.698970004336019
CC#CCn1c(N2CCC[C@@H](NC(=O)OC(C)(C)C)C2)nc2c1c(=O)n(CC(=O)c1cccc(OC3CC3)c1)c(=O)n2C,CHEMBL3680632,=,=,5.0,5.0,5.0,8.301029995663981
CC#CCn1c(N2CCC[C@@H](NC(=O)OC(C)(C)C)C2)nc2c1c(=O)n(Cc1ccc3nc(C)c(C)nc3c1)c(=O)n2C,CHEMBL3680633,=,=,2.0,2.0,2.0,8.698970004336019
CC#CCn1c(N2CCC[C@@H](NC(=O)OC(C)(C)C)C2)nc2c1c(=O)n(CC(=O)c1ccccc1Br)c(=O)n2C,CHEMBL3680634,=,=,2.0,2.0,2.0,8.698970004336019
CC#CCn1c(N2CCC[C@@H](NC(=O)OC(C)(C)C)C2)nc2c1c(=O)n(Cc1nc3ccccc3c(C)c1C#N)c(=O)n2C,CHEMBL3680635,=,=,2.0,2.0,2.0,8.698970004336019
CC#CCn1c(N2CCC[C@@H](NC(=O)OC(C)(C)C)C2)nc2c1c(=O)n(Cc1nccc(-c3ccccc3)n1)c(=O)n2C,CHEMBL3680636,=,=,2.0,2.0,2.0,8.698970004336019
CC#CCn1c(N2CCC[C@@H](NC(=O)OC(C)(C)C)C2)nc2c1c(=O)n(CC(=O)c1ccccc1[N+](=O)[O-])c(=O)n2C,CHEMBL3680637,=,=,3.0,3.0,3.0,8.522878745280337
CS(=O)(=O)n1cc2c(n1)CN([C@H]1CNC(c3cc(F)ccc3F)[C@@H](N)C1)C2,CHEMBL3694421,=,=,6.8,6.8,6.8,8.167491087293763
N[C@H]1C[C@@H](N2Cc3cn(S(=O)(=O)C4CC4)nc3C2)CNC1c1cc(F)c(F)cc1F,CHEMBL3694422,=,=,0.7,0.7,0.7,9.154901959985743
CS(=O)(=O)n1cc2c(n1)CN([C@@H]1C[C@H](N)C(c3cc(F)ccc3F)N(CC(N)=O)C1)C2,CHEMBL3694423,=,=,4.3,4.3,4.3,8.366531544420413
N[C@H]1C[C@@H](N2Cc3cn[nH]c3C2)CN(CC(=O)N2CC[C@@H](F)C2)C1c1cc(F)ccc1F,CHEMBL3694424,=,=,1.0,1.0,1.0,9.0
CN1C[C@H](N2Cc3cn(S(C)(=O)=O)nc3C2)C[C@H](N)C1c1cc(F)c(F)cc1F,CHEMBL3697938,=,=,0.9,0.9,0.9,9.045757490560675
CS(=O)(=O)n1cc2c(n1)CN([C@@H]1C[C@H](N)C(c3cc(F)ccc3F)N(C(=O)C(F)(F)F)C1)C2,CHEMBL3697939,=,=,14.5,14.5,14.5,7.838631997765026
CS(=O)(=O)n1cc2c(n1)CN([C@@H]1C[C@H](N)C(c3cc(F)ccc3F)N(CCO)C1)C2,CHEMBL3697940,=,=,1.7,1.7,1.7,8.769551078621726
CS(=O)(=O)n1cc2c(n1)CN([C@@H]1C[C@H](N)C(c3cc(F)ccc3F)N(CC3CC3)C1)C2,CHEMBL3697941,=,=,1.6,1.6,1.6,8.795880017344075
C[C@H](F)CN1C[C@H](N2Cc3cn(S(C)(=O)=O)nc3C2)C[C@H](N)C1c1cc(F)ccc1F,CHEMBL3697942,=,=,0.4,0.4,0.4,9.397940008672037
N[C@H]1C[C@@H](N2Cc3cn[nH]c3C2)CN(CCN2CCC(F)(F)C2)C1c1cc(F)ccc1F,CHEMBL3697943,=,=,25.4,25.4,25.4,7.5951662833800615
Cn1cc(CCN2C[C@H](N3Cc4cn[nH]c4C3)C[C@H](N)C2c2cc(F)ccc2F)cn1,CHEMBL3697944,=,=,7.1,7.1,7.1,8.148741651280925
N[C@H]1C[C@@H](N2Cc3cn[nH]c3C2)CN(Cc2cnccn2)C1c1cc(F)ccc1F,CHEMBL3697945,=,=,12.9,12.9,12.9,7.889410289700751
CS(=O)(=O)n1cc2c(n1)CN([C@@H]1C[C@H](N)C(c3cc(F)ccc3F)N(Cc3cncnc3)C1)C2,CHEMBL3697946,=,=,3.0,3.0,3.0,8.522878745280337
N[C@H]1C[C@@H](N2Cc3cn[nH]c3C2)CN(Cc2cn[nH]c2)C1c1cc(F)ccc1F,CHEMBL3697947,=,=,2.9,2.9,2.9,8.537602002101044
CS(=O)(=O)N1C[C@@H](N2Cc3cn(S(C)(=O)=O)nc3C2)C[C@H](N)C1c1cc(F)ccc1F,CHEMBL3697948,=,=,53.3,53.3,53.3,7.273272790973428
CS(=O)(=O)n1cc2c(n1)CN([C@H]1C[C@H](N)C(c3cc(F)ccc3F)N(Cc3cn[nH]c3)C1)C2,CHEMBL3697949,=,=,3.9,3.9,3.9,8.4089353929735
CS(=O)(=O)n1cc2c(n1)CN([C@H]1C[C@H](N)C(c3cc(F)ccc3F)N(Cc3cncc4cccnc34)C1)C2,CHEMBL3697950,=,=,24.6,24.6,24.6,7.609064892896621
N[C@H]1C[C@@H](N2Cc3c[nH]nc3C2)CSC1c1cc(F)ccc1F,CHEMBL3644451,=,=,2.3,2.3,2.3,8.638272163982407
N[C@H]1C[C@@H](N2Cc3c[nH]nc3C2)CSC1c1cc(F)cc(F)c1F,CHEMBL3644452,=,=,3.4,3.4,3.4,8.468521082957745
N[C@H]1C[C@@H](N2Cc3c[nH]nc3C2)C[S+]([O-])C1c1cc(F)cc(F)c1F,CHEMBL3644453,=,=,40.0,40.0,40.0,7.3979400086720375
N[C@H]1C[C@@H](N2Cc3c[nH]nc3C2)C[S+]([O-])C1c1cc(F)cc(F)c1F,CHEMBL3644453,=,=,49.0,49.0,49.0,7.309803919971486
N[C@H]1C[C@@H](N2Cc3c[nH]nc3C2)CS(=O)(=O)C1c1cc(F)cc(F)c1F,CHEMBL3644454,=,=,119.0,119.0,119.0,6.924453038607469
CC(C)(O)Cn1cc2c(n1)CN([C@H]1CSC(c3cc(F)cc(F)c3F)[C@@H](N)C1)C2,CHEMBL3644455,=,=,2.6,2.6,2.6,8.585026652029182
CS(=O)(=O)n1cc2c(n1)CN([C@H]1CSC(c3cc(F)cc(F)c3F)[C@@H](N)C1)C2,CHEMBL3644456,=,=,0.5,0.5,0.5,9.301029995663981
CC(C)(F)Cn1cc2c(n1)CN([C@H]1CSC(c3cc(F)cc(F)c3F)[C@@H](N)C1)C2,CHEMBL3644457,=,=,1.6,1.6,1.6,8.795880017344075
CS(=O)(=O)n1cc2c(n1)CN([C@H]1CSC(c3cc(F)ccc3F)[C@@H](N)C1)C2,CHEMBL3644458,=,=,0.6,0.6,0.6,9.221848749616356
NC(=O)c1[nH]nc2c1CN([C@H]1CSC(c3cc(F)ccc3F)[C@@H](N)C1)C2,CHEMBL3644459,=,=,0.17,0.17,0.17,9.769551078621726
N#Cc1[nH]nc2c1CN([C@H]1CSC(c3cc(F)ccc3F)[C@@H](N)C1)C2,CHEMBL3644460,=,=,0.46,0.46,0.46,9.337242168318426
N[C@H]1C[C@@H](N2Cc3nc(C(F)(F)F)[nH]c3C2)CSC1c1cc(F)ccc1F,CHEMBL3644461,=,=,1.1,1.1,1.1,8.958607314841775
N[C@H]1C[C@@H](N2Cc3cnc(C(F)(F)F)nc3C2)CSC1c1cc(F)ccc1F,CHEMBL3639433,=,=,0.7,0.7,0.7,9.154901959985743
N[C@H]1C[C@@H](N2Cc3nc(-c4ccccc4)[nH]c3C2)CSC1c1cc(F)ccc1F,CHEMBL3644462,=,=,0.7,0.7,0.7,9.154901959985743
NC(=O)Cn1cc2c(n1)CN([C@H]1CSC(c3cc(F)cc(F)c3F)[C@@H](N)C1)C2,CHEMBL3644463,=,=,1.7,1.7,1.7,8.769551078621726
Cc1nc2c([nH]1)CN([C@H]1CSC(c3cc(F)ccc3F)[C@@H](N)C1)C2,CHEMBL3644464,=,=,1.5,1.5,1.5,8.823908740944319
Cc1nc2c(o1)CN([C@H]1CSC(c3cc(F)ccc3F)[C@@H](N)C1)C2,CHEMBL3644465,=,=,8.1,8.1,8.1,8.09151498112135
Cn1c2nccc-2c(N2CCC[C@@H](N)C2)n(Cc2cc(F)ccc2C#N)c1=O,CHEMBL3650433,=,=,5.7,5.7,5.7,8.244125144327509
Cn1c2nccc-2c(N2CCC[C@@H](N)C2)n(Cc2ccccc2C#N)c1=O,CHEMBL3650440,=,=,34.0,34.0,34.0,7.468521082957745
Cn1c2nccc-2c(N2CCC[C@@H](N)C2)n(Cc2cc(F)ccc2F)c1=O,CHEMBL3650435,=,=,1343.0,1343.0,1343.0,5.871923987331284
Cn1c2nccc-2c(N2CCC[C@@H](N)C2)n(Cc2cccc(F)c2)c1=O,CHEMBL3650436,=,=,1590.0,1590.0,1590.0,5.798602875679549
Cn1c2nc(Cl)cc-2c(N2CCC[C@@H](N)C2)n(Cc2cc(F)ccc2C#N)c1=O,CHEMBL3650439,=,=,5.6,5.6,5.6,8.2518119729938
Cn1c2ncnc-2c(N2CCC[C@@H](N)C2)n(Cc2ccccc2C#N)c1=O,CHEMBL3650434,=,=,106.0,106.0,106.0,6.97469413473523
Cn1c2nc(C#N)cc-2c(N2CCC[C@@H](N)C2)n(Cc2cc(F)ccc2C#N)c1=O,CHEMBL3650437,=,=,14.0,14.0,14.0,7.853871964321762
Cc1nc(Cn2c3nccc-3c(N3CCCC(N)C3)n(Cc3cc(F)ccc3C#N)c2=O)nc2ccccc12,CHEMBL3650438,=,=,104.0,104.0,104.0,6.982966660701219
C[C@H](N)C(=O)N1CCC[C@H]1B(O)O,CHEMBL63860,=,=,0.26,0.26,0.26,9.585026652029182
C[C@H](N)C(=S)N1CCC[C@H]1B(O)O,CHEMBL3686733,=,=,0.35,0.35,0.35,9.455931955649724
CC(C)[C@H](N)C(=O)N[C@@H](C)B(O)O,CHEMBL365322,=,=,3.5,3.5,3.5,8.455931955649724
CC(C)[C@H](N)C(=S)N[C@@H](C)B(O)O,CHEMBL3686734,=,=,73.0,73.0,73.0,7.136677139879544
C[C@H](NC(=O)[C@H](C)N)B(O)O,CHEMBL3639856,=,=,63.0,63.0,63.0,7.200659450546418
C[C@H](NC(=S)[C@H](C)N)B(O)O,CHEMBL3686735,=,=,6500.0,6500.0,6500.0,5.187086643357144
CC(C)[C@H](N)C(=O)N1CCC[C@H]1B(O)O,CHEMBL67279,=,=,1.7,1.7,1.7,8.769551078621726
CC(C)[C@H](N)C(=S)N1CCC[C@H]1B(O)O,CHEMBL3686736,=,=,44.0,44.0,44.0,7.356547323513812
N[C@H](C(=O)N1CCC[C@H]1B(O)O)C1CCCCC1,CHEMBL3686737,=,=,1.0,1.0,1.0,9.0
N[C@H](C(=O)N1CCC[C@H]1B(O)O)C1CCCCC1,CHEMBL3686737,=,=,4.0,4.0,4.0,8.397940008672037
NCC(=O)N1CCC[C@H]1B(O)O,CHEMBL67089,=,=,1.0,1.0,1.0,9.0
NCC(=S)N1CCC[C@H]1B(O)O,CHEMBL3686738,=,=,3.0,3.0,3.0,8.522878745280337
O=C(CNC12CC3CC(CC(O)(C3)C1)C2)N1CCC[C@H]1B(O)O,CHEMBL3686739,=,=,42.0,42.0,42.0,7.376750709602099
OB(O)[C@@H]1CCCN1C(=S)CNC12CC3CC(CC(O)(C3)C1)C2,CHEMBL3686740,=,=,160.0,160.0,160.0,6.795880017344075
O=C(CNCc1ccccc1)N1CCC[C@H]1B(O)O,CHEMBL3686741,=,=,9.5,9.5,9.5,8.022276394711152
OB(O)[C@@H]1CCCN1C(=S)CNCc1ccccc1,CHEMBL3686742,=,=,24.0,24.0,24.0,7.619788758288394
N[C@@H](CC(=O)O)C(=O)N1CCC[C@H]1B(O)O,CHEMBL3686752,=,=,200.0,200.0,200.0,6.698970004336019
N[C@@H](CC(=O)O)C(=S)N1CCC[C@H]1B(O)O,CHEMBL3686743,=,=,17.0,17.0,17.0,7.769551078621726
N[C@@H](CCC(=O)O)C(=O)N1CCC[C@H]1B(O)O,CHEMBL494497,=,=,6.0,6.0,6.0,8.221848749616356
N[C@@H](CCC(=O)O)C(=S)N1CCC[C@H]1B(O)O,CHEMBL3686744,=,=,4.6,4.6,4.6,8.337242168318426
CCC[C@H](N)C(=O)N1CCC[C@H]1B(O)O,CHEMBL3686745,=,=,4.5,4.5,4.5,8.346787486224656
CCC[C@H](N)C(=S)N1CCC[C@H]1B(O)O,CHEMBL3686746,=,=,1.6,1.6,1.6,8.795880017344075
N[C@@H](Cc1c[nH]c2ccccc12)C(=O)N1CCC[C@H]1B(O)O,CHEMBL3686747,=,=,2.0,2.0,2.0,8.698970004336019
N[C@@H](Cc1c[nH]c2ccccc12)C(=S)N1CCC[C@H]1B(O)O,CHEMBL3686748,=,=,1.6,1.6,1.6,8.795880017344075
N=C(N)NCCC[C@H](N)C(=O)N1CCC[C@H]1B(O)O,CHEMBL3686749,=,=,1.8,1.8,1.8,8.744727494896694
N=C(N)NCCC[C@H](N)C(=S)N1CCC[C@H]1B(O)O,CHEMBL3686750,=,=,1.2,1.2,1.2,8.920818753952375
O=C([C@@H]1CCCN1)N1CCC[C@H]1B(O)O,CHEMBL63895,=,=,1.1,1.1,1.1,8.958607314841775
OB(O)[C@@H]1CCCN1C(=S)[C@@H]1CCCN1,CHEMBL3686751,=,=,6.4,6.4,6.4,8.193820026016112
C[C@H](N)C(=O)N1CCC[C@H]1B(O)O,CHEMBL63860,=,=,1400.0,1400.0,1400.0,5.853871964321762
C[C@H](N)C(=S)N1CCC[C@H]1B(O)O,CHEMBL3686733,=,=,20000.0,20000.0,20000.0,4.698970004336019
CC(C)[C@H](N)C(=O)N[C@@H](C)B(O)O,CHEMBL365322,=,=,9.0,9.0,9.0,8.045757490560675
CC(C)[C@H](N)C(=S)N[C@@H](C)B(O)O,CHEMBL3686734,=,=,220.0,220.0,220.0,6.657577319177793
C[C@H](NC(=O)[C@H](C)N)B(O)O,CHEMBL3639856,=,=,440.0,440.0,440.0,6.356547323513812
C[C@H](NC(=S)[C@H](C)N)B(O)O,CHEMBL3686735,=,=,7700.0,7700.0,7700.0,5.113509274827518
CC(C)[C@H](N)C(=O)N1CCC[C@H]1B(O)O,CHEMBL67279,=,=,1200.0,1200.0,1200.0,5.920818753952375
CC(C)[C@H](N)C(=S)N1CCC[C@H]1B(O)O,CHEMBL3686736,=,=,5900.0,5900.0,5900.0,5.229147988357855
N[C@H](C(=O)N1CCC[C@H]1B(O)O)C1CCCCC1,CHEMBL3686737,=,=,380.0,380.0,380.0,6.42021640338319
N[C@H](C(=O)N1CCC[C@H]1B(O)O)C1CCCCC1,CHEMBL3686737,=,=,9000.0,9000.0,9000.0,5.045757490560675
NCC(=O)N1CCC[C@H]1B(O)O,CHEMBL67089,=,=,7000.0,7000.0,7000.0,5.154901959985743
NCC(=S)N1CCC[C@H]1B(O)O,CHEMBL3686738,=,=,1900.0,1900.0,1900.0,5.721246399047171
O=C(CNC12CC3CC(CC(O)(C3)C1)C2)N1CCC[C@H]1B(O)O,CHEMBL3686739,=,=,72.0,72.0,72.0,7.142667503568731
OB(O)[C@@H]1CCCN1C(=S)CNC12CC3CC(CC(O)(C3)C1)C2,CHEMBL3686740,=,=,40000.0,40000.0,40000.0,4.3979400086720375
O=C(CNCc1ccccc1)N1CCC[C@H]1B(O)O,CHEMBL3686741,=,=,69000.0,69000.0,69000.0,4.161150909262744
OB(O)[C@@H]1CCCN1C(=S)CNCc1ccccc1,CHEMBL3686742,=,=,170.0,170.0,170.0,6.769551078621726
C[C@H](N)C(=O)N1CCC[C@H]1B(O)O,CHEMBL63860,=,=,35000.0,35000.0,35000.0,4.455931955649724
N[C@@H](CC(=O)O)C(=S)N1CCC[C@H]1B(O)O,CHEMBL3686743,=,=,28000.0,28000.0,28000.0,4.552841968657781
N[C@@H](CCC(=O)O)C(=O)N1CCC[C@H]1B(O)O,CHEMBL494497,=,=,3000.0,3000.0,3000.0,5.522878745280337
N[C@@H](CCC(=O)O)C(=S)N1CCC[C@H]1B(O)O,CHEMBL3686744,=,=,890.0,890.0,890.0,6.050609993355087
CCC[C@H](N)C(=O)N1CCC[C@H]1B(O)O,CHEMBL3686745,=,=,7400.0,7400.0,7400.0,5.130768280269024
CCC[C@H](N)C(=S)N1CCC[C@H]1B(O)O,CHEMBL3686746,=,=,19000.0,19000.0,19000.0,4.721246399047171
N[C@@H](Cc1c[nH]c2ccccc12)C(=O)N1CCC[C@H]1B(O)O,CHEMBL3686747,=,=,3000.0,3000.0,3000.0,5.522878745280337
N[C@@H](Cc1c[nH]c2ccccc12)C(=S)N1CCC[C@H]1B(O)O,CHEMBL3686748,=,=,700.0,700.0,700.0,6.154901959985743
N=C(N)NCCC[C@H](N)C(=O)N1CCC[C@H]1B(O)O,CHEMBL3686749,=,=,7100.0,7100.0,7100.0,5.1487416512809245
O=C([C@@H]1CCCN1)N1CCC[C@H]1B(O)O,CHEMBL63895,=,=,23000.0,23000.0,23000.0,4.638272163982407
OB(O)[C@@H]1CCCN1C(=S)[C@@H]1CCCN1,CHEMBL3686751,=,=,7000.0,7000.0,7000.0,5.154901959985743
CS(=O)(=O)n1cc2c(n1)CN([C@H]1CCO[C@H](c3cc(F)ccc3F)[C@@H](N)C1)C2,CHEMBL3654418,=,=,2.3,2.3,2.3,8.638272163982407
N[C@H]1C[C@@H](N2Cc3cnn(-c4ncccn4)c3C2)CCO[C@@H]1c1cc(F)ccc1F,CHEMBL3654419,=,=,2.2,2.2,2.2,8.657577319177793
N[C@H]1C[C@@H](N2Cc3cnn(-c4ccccc4)c3C2)CCO[C@@H]1c1cc(F)ccc1F,CHEMBL3654420,=,=,3.0,3.0,3.0,8.522878745280337
N#Cc1n[nH]c2c1CN([C@H]1CCO[C@H](c3cc(F)ccc3F)[C@@H](N)C1)C2,CHEMBL3654421,=,=,8.5,8.5,8.5,8.070581074285707
NC(=O)c1n[nH]c2c1CN([C@H]1CCO[C@H](c3cc(F)ccc3F)[C@@H](N)C1)C2,CHEMBL3654422,=,=,2.6,2.6,2.6,8.585026652029182
N[C@H]1C[C@@H](N2Cc3cn(S(=O)(=O)C4CC4)nc3C2)CCO[C@@H]1c1cc(F)ccc1F,CHEMBL3654423,=,=,5.8,5.8,5.8,8.236572006437063
Cc1c2c(nn1S(=O)(=O)C1(C)CC1)CN([C@H]1CCO[C@H](c3cc(F)ccc3F)[C@@H](N)C1)C2,CHEMBL3654424,=,=,0.5,0.5,0.5,9.301029995663981
CC1(S(=O)(=O)n2cc3c(n2)CN([C@H]2CCO[C@H](c4cc(F)c(F)cc4F)[C@@H](N)C2)C3)CC1,CHEMBL3654425,=,=,4.0,4.0,4.0,8.397940008672037
N[C@H]1C[C@@H](N2Cc3cnc(C4CC4)nc3C2)CCO[C@@H]1c1cc(F)ccc1F,CHEMBL3654426,=,=,4.1,4.1,4.1,8.387216143280265
CS(=O)(=O)n1cc2c(n1)CN([C@H]1CCS[C@H](c3cc(F)ccc3F)[C@@H](N)C1)C2,CHEMBL3654427,=,=,14.3,14.3,14.3,7.844663962534938
CC(C)(O)Cn1cc2c(n1)CN([C@H]1CCO[C@H](c3cc(F)ccc3F)[C@@H](N)C1)C2,CHEMBL3654428,=,=,21.1,21.1,21.1,7.675717544702307
N[C@H]1C[C@@H](N2Cc3cnn(-c4ccc(C(F)(F)F)cn4)c3C2)CCO[C@@H]1c1cc(F)ccc1F,CHEMBL3654429,=,=,5.9,5.9,5.9,8.229147988357855
CC1(S(=O)(=O)n2cc3c(n2)CN([C@H]2CCO[C@H](c4cc(F)ccc4F)[C@@H](N)C2)C3)CC1,CHEMBL3654430,=,=,8.1,8.1,8.1,8.09151498112135
CC1(S(=O)(=O)n2cc3c(n2)CN([C@H]2CCO[C@H](c4cc(F)c(F)cc4F)[C@@H](N)C2)C3)CC1,CHEMBL3654425,=,=,12.6,12.6,12.6,7.899629454882437
CN1C(=O)Cn2c1nc1nc(N3CCC[C@@H](N)C3)n(Cc3cc(F)ccc3C#N)c1c2=O,CHEMBL3687984,=,=,1.7,1.7,1.7,8.769551078621726
CN1C(=O)Cn2c1nc1nc(N3CCC[C@@H](N)C3)n(Cc3ccccc3C#N)c1c2=O,CHEMBL3687978,=,=,10.6,10.6,10.6,7.97469413473523
CN1C(=O)Cn2c1nc1nc(N3CCC[C@@H](N)C3)n(Cc3cc(F)ccc3F)c1c2=O,CHEMBL3687979,=,=,156.0,156.0,156.0,6.806875401645538
CN1C(=O)Cn2c1nc1nc(N3CCC[C@@H](N)C3)n(Cc3cc(F)ccc3C(F)(F)F)c1c2=O,CHEMBL3687977,=,=,27.4,27.4,27.4,7.562249437179612
CC#CCn1c(N2CCC[C@@H](N)C2)nc2nc3n(c(=O)c21)CC(=O)N3C,CHEMBL3687980,=,=,123.0,123.0,123.0,6.910094888560602
CCN1C(=O)Cn2c1nc1nc(N3CCC[C@@H](NC(=O)OC(C)(C)C)C3)n(Cc3cc(F)ccc3C#N)c1c2=O,CHEMBL3687981,=,=,13.5,13.5,13.5,7.8696662315049934
CCN1C(=O)Cn2c1nc1nc(N3CCC[C@@H](N)C3)n(Cc3cc(F)ccc3F)c1c2=O,CHEMBL3687982,=,=,625.0,625.0,625.0,6.204119982655925
CCN1C(=O)Cn2c1nc1nc(N3CCC[C@@H](N)C3)n(Cc3cc(F)ccc3C(F)(F)F)c1c2=O,CHEMBL3687983,=,=,11.2,11.2,11.2,7.950781977329818
N#CC1CCCN1C(=O)C(N)C1CCCCC1,CHEMBL507254,=,=,46.0,46.0,46.0,7.337242168318426
CC(C)C(N)C(=O)N1CCCC1,CHEMBL16709,=,=,548.0,548.0,548.0,6.261219441515631
CCC(C)C(N)C(=O)N1CCCC1,CHEMBL17041,=,=,2000.0,2000.0,2000.0,5.698970004336019
O=C(CNCC(O)COc1ccccc1)N1CCCC1,CHEMBL3704834,=,=,12000.0,12000.0,12000.0,4.920818753952375
CC(C)C(NCC(O)COc1ccccc1)C(=O)N1CCCC1,CHEMBL3704835,=,=,8500.0,8500.0,8500.0,5.070581074285707
CCC(C)C(NCC(O)COc1ccccc1)C(=O)N1CCCC1,CHEMBL3704836,=,=,33000.0,33000.0,33000.0,4.481486060122113
Cc1ccc(S(=O)(=O)N=S(C)(=O)n2cc3c(n2)CN([C@H]2CO[C@H](c4cc(F)ccc4F)[C@@H](N)C2)C3)cc1,CHEMBL4106669,=,=,18.5,18.5,18.5,7.732828271596986
C[C@]1(N2Cc3c[nH]nc3C2)CO[C@H](c2cc(F)ccc2F)[C@@H](N)C1,CHEMBL3931183,=,=,34.5,34.5,34.5,7.462180904926726
C[C@]1(N2Cc3cn(S(C)(=O)=O)nc3C2)CO[C@H](c2cc(F)ccc2F)[C@@H](N)C1,CHEMBL3940772,=,=,37.0,37.0,37.0,7.431798275933005
C[C@]1(N2Cc3cn(S(=O)(=O)NC(=O)OCc4ccccc4)nc3C2)CO[C@H](c2cc(F)ccc2F)[C@@H](N)C1,CHEMBL3970322,=,=,8.8,8.8,8.8,8.05551732784983
CC#CCn1c(N2CCC[C@@H](N)C2)nc2c1c(=O)n(Cc1nc3cc(F)ccc3s1)c(=O)n2C,CHEMBL4113723,=,=,0.05,0.05,0.05,10.301029995663981
CC#CCn1c(N2CCC[C@@H](N)C2)nc2c1c(=O)n(Cc1nc3ccccc3s1)c(=O)n2C,CHEMBL4111229,=,=,0.1,0.1,0.1,10.0
CC#CCn1c(N2CCC[C@@H](N)C2)nc2c1c(=O)n(Cc1nc3cc(Cl)ccc3s1)c(=O)n2C,CHEMBL4109453,=,=,0.2,0.2,0.2,9.698970004336019
CC#CCn1c(N2CCC[C@@H](N)C2)nc2c1c(=O)n(Cc1nc3cc(F)ccc3s1)c(=O)n2C,CHEMBL4113723,=,=,0.08,0.08,0.08,10.096910013008056
CC#CCn1c(N2CCC[C@@H](N)C2)nc2c1c(=O)n(Cc1nc3ccccc3s1)c(=O)n2C,CHEMBL4111229,=,=,0.15,0.15,0.15,9.823908740944319
CC#CCn1c(N2CCC[C@@H](N)C2)nc2c1c(=O)n(Cc1nc(C)c3ccccc3n1)c(=O)n2C,CHEMBL237500,=,=,1.0,1.0,1.0,9.0
N[C@H]1C[C@@H](N2Cc3cn(S(=O)(=O)C4CC4)nc3C2)COC1c1cc(F)ccc1F,CHEMBL3645497,=,=,1.0,1.0,1.0,9.0
CS(=O)(=O)n1cc2c(n1)CN([C@H]1COC(c3cc(F)ccc3F)[C@@H](N)C1)C2,CHEMBL3645490,=,=,2.5,2.5,2.5,8.602059991327963
CS(=O)(=O)n1cc2c(n1)CN([C@H]1COC(c3cc(F)c(F)cc3F)[C@@H](N)C1)C2,CHEMBL3645491,=,=,2.2,2.2,2.2,8.657577319177793
N[C@H]1C[C@@H](N2Cc3cn(S(=O)(=O)C4CC4)nc3C2)COC1c1cc(F)c(F)cc1F,CHEMBL3645496,=,=,1.9,1.9,1.9,8.721246399047171
N[C@H]1C[C@@H](N2Cc3cn(S(=O)(=O)C4CCCC4)nc3C2)COC1c1cc(F)ccc1F,CHEMBL3645493,=,=,1.6,1.6,1.6,8.795880017344075
N[C@H]1C[C@@H](N2Cc3cn(S(=O)(=O)C4CCCC4)nc3C2)COC1c1cc(F)c(F)cc1F,CHEMBL3645494,=,=,1.3,1.3,1.3,8.886056647693163
N[C@H]1C[C@@H](N2Cc3cnn(S(=O)(=O)C4CC4)c3C2)COC1c1cc(F)ccc1F,CHEMBL3645495,=,=,1.6,1.6,1.6,8.795880017344075
N[C@H]1C[C@@H](N2Cc3cnn(S(=O)(=O)C4CCCC4)c3C2)COC1c1cc(F)c(F)cc1F,CHEMBL3935335,=,=,2.6,2.6,2.6,8.585026652029182
CS(=O)(=O)n1cc2c(n1)CN([C@@H]1C[C@H](N)[C@@H](c3cc(F)ccc3F)[C@H]3CC13)C2,CHEMBL3896302,=,=,9.0,9.0,9.0,8.045757490560675
CS(=O)(=O)n1cc2c(n1)CN([C@@H]1C[C@H](N)[C@@H](c3cc(F)ccc3F)[C@@H]3C[C@@H]31)C2,CHEMBL3926627,=,=,5.4,5.4,5.4,8.267606240177031
CC(C)=CCn1c(N2CCCC(N)C2)nc2c1c(=O)n(C(C)C(=O)c1ccccc1)c(=O)n2C,CHEMBL3922613,=,=,2160.0,2160.0,2160.0,5.665546248849069
COCCn1c(=O)c2c(nc(N3CCCC(N)C3)n2Cc2ccccc2C#N)n(C)c1=O,CHEMBL3945052,=,=,264.0,264.0,264.0,6.578396073130168
C#CCn1c(=O)n(C)c(=O)c2c1nc(N1CCCC(N)C1)n2Cc1ccccc1C#N,CHEMBL3913618,=,=,16.0,16.0,16.0,7.795880017344075
Cn1c(=O)c2c(nc(N3CCCC(N)C3)n2Cc2ccccc2C#N)n(-c2ccccc2)c1=O,CHEMBL3913689,=,=,32.0,32.0,32.0,7.494850021680094
CC(C)=CCn1c(N2CCCC(N)C2)nc2c1c(=O)n(Cc1ccc3ccccc3n1)c(=O)n2C,CHEMBL3904065,=,=,12.0,12.0,12.0,7.920818753952375
CC(C)=CCn1c(N2CCCC(N)C2)nc2c1c(=O)n(Cc1ncnc3ccccc13)c(=O)n2C,CHEMBL3934913,=,=,4.0,4.0,4.0,8.397940008672037
CC(C)=CCn1c(N2CCCC(N)C2)nc2c1c(=O)n(Cc1cc3ccccc3cn1)c(=O)n2C,CHEMBL3942798,=,=,9.0,9.0,9.0,8.045757490560675
CC(C)=CCn1c(N2CCCC(N)C2)nc2c1c(=O)n(CC(=O)c1cccc(C(=O)O)c1)c(=O)n2C,CHEMBL3965610,=,=,5.0,5.0,5.0,8.301029995663981
CNC(=O)c1cccc(C(=O)Cn2c(=O)c3c(nc(N4CCCC(N)C4)n3CC=C(C)C)n(C)c2=O)c1,CHEMBL3897624,=,=,5.0,5.0,5.0,8.301029995663981
CC(C)=CCn1c(N2CCCC(N)C2)nc2c1c(=O)n(CC(=O)c1ccccc1C(=O)N1CCOCC1)c(=O)n2C,CHEMBL3957746,=,=,6.0,6.0,6.0,8.221848749616356
CC#CCn1c(N2CCCC(N)C2)nc2c1c(=O)n(Cc1cc(=O)n(C)c3ccccc13)c(=O)n2C,CHEMBL3986470,=,=,6.0,6.0,6.0,8.221848749616356
CC#CCn1c(N2CCCC(N)C2)nc2c1c(=O)n(Cc1ccnc3ccccc13)c(=O)n2C,CHEMBL3985360,=,=,9.0,9.0,9.0,8.045757490560675
CC(C)=CCn1c(N2CCCC(N)C2)nc2c1c(=O)n(CC(=O)N1CCCCC1)c(=O)n2C,CHEMBL3912125,=,=,250.0,250.0,250.0,6.6020599913279625
COc1cccc(C(=O)Cn2c(=O)c3c(nc(N4CCCC(N)C4)n3CC=C(C)C)n(C)c2=O)c1OC,CHEMBL3974068,=,=,22.0,22.0,22.0,7.657577319177793
CC#CCn1c(N2CCC[C@@H](N)C2)nc2c1c(=O)n(Cc1ncc3ccccc3n1)c(=O)n2C,CHEMBL3903110,=,=,1.0,1.0,1.0,9.0
CC#CCn1c(N2CCC[C@@H](N)C2)nc2c1c(=O)n(CC(=O)c1ccccc1OCC(=O)NCC)c(=O)n2C,CHEMBL3955534,=,=,2.0,2.0,2.0,8.698970004336019
C/C=C/Cn1c(N2CCCC(N)C2)nc2c1c(=O)n(CC(=O)c1ccccc1NC(C)=O)c(=O)n2C,CHEMBL3889902,=,=,2.0,2.0,2.0,8.698970004336019
CC#CCn1c(N2CCC[C@@H](N)C2)nc2c1c(=O)n(CC(=O)c1ccccc1OCC(=O)NC)c(=O)n2C,CHEMBL237289,=,=,1.0,1.0,1.0,9.0
C/C=C/Cn1c(N2CCCC(N)C2)nc2c1c(=O)n(CC(=O)c1ccccc1NC(=O)C(C)C)c(=O)n2C,CHEMBL3987141,=,=,3.0,3.0,3.0,8.522878745280337
C/C=C/Cn1c(N2CCC[C@@H](N)C2)nc2c1c(=O)n(CC(=O)c1ccccc1)c(=O)n2C,CHEMBL3958450,=,=,3.0,3.0,3.0,8.522878745280337
CC#CCn1c(N2CCC[C@H](N)C2)nc2c1c(=O)n(Cc1nc(C)cc3ccccc13)c(=O)n2C,CHEMBL3898310,=,=,3.0,3.0,3.0,8.522878745280337
CC#CCn1c(N2CCC[C@@H](N)C2)nc2c1c(=O)n(Cc1nc(C)cc3ccccc13)c(=O)n2C,CHEMBL237499,=,=,3.0,3.0,3.0,8.522878745280337
CC#CCn1c(N2CCC[C@H](N)C2)nc2c1c(=O)n(Cc1ncc(C)c3ccccc13)c(=O)n2C,CHEMBL3966199,=,=,3.0,3.0,3.0,8.522878745280337
CC#CCn1c(N2CCC[C@@H](N)C2)nc2c1c(=O)n(Cc1ncc(C)c3ccccc13)c(=O)n2C,CHEMBL3903787,=,=,1.0,1.0,1.0,9.0
CC#CCn1c(N2CCC[C@@H](N)C2)nc2c1c(=O)n(CC(=O)c1cccc3c1OCCO3)c(=O)n2C,CHEMBL3974699,=,=,3.0,3.0,3.0,8.522878745280337
CC#CCn1c(N2CCC[C@H](N)C2)nc2c1c(=O)n(Cc1ccc(OC)c3ccccc13)c(=O)n2C,CHEMBL3912809,=,=,13.0,13.0,13.0,7.886056647693163
CC#CCn1c(N2CCC[C@@H](N)C2)nc2c1c(=O)n(Cc1ccc(OC)c3ccccc13)c(=O)n2C,CHEMBL3986074,=,=,8.0,8.0,8.0,8.096910013008056
CC#CCn1c(N2CCC[C@@H](N)C2)nc2c1c(=O)n(CC(=O)c1cccc3c1OCO3)c(=O)n2C,CHEMBL3979864,=,=,4.0,4.0,4.0,8.397940008672037
CC#CCn1c(N2CCC[C@@H](N)C2)nc2c1c(=O)n(Cc1nc(C)c3ccccc3n1)c(=O)n2C,CHEMBL237500,=,=,1.0,1.0,1.0,9.0
C/C=C/Cn1c(N2CCC[C@H](N)C2)nc2c1c(=O)n(CC(=O)c1ccccc1NC(=O)C(C)C)c(=O)n2C,CHEMBL3950914,=,=,4.0,4.0,4.0,8.397940008672037
C/C=C/Cn1c(N2CCC[C@@H](N)C2)nc2c1c(=O)n(CC(=O)c1ccccc1OCC(=O)NC)c(=O)n2C,CHEMBL3965981,=,=,1.0,1.0,1.0,9.0
C/C=C/Cn1c(N2CCC[C@H](N)C2)nc2c1c(=O)n(CC(=O)c1ccccc1OCC(=O)NC)c(=O)n2C,CHEMBL3893759,=,=,1.0,1.0,1.0,9.0
CC#CCn1c(N2CCC[C@@H](N)C2)nc2c1c(=O)n(CC(=O)c1ccccc1NC(=O)C(C)C)c(=O)n2C,CHEMBL3903674,=,=,3.0,3.0,3.0,8.522878745280337
C/C=C/Cn1c(N2CCC[C@@H](N)C2)nc2c1c(=O)n(CC(=O)c1ccccc1NC(=O)C(C)C)c(=O)n2C,CHEMBL3926493,=,=,4.0,4.0,4.0,8.397940008672037
CC#CCn1c(N2CCC[C@@H](N)C2)nc2c1c(=O)n(Cc1ccc(C#N)c3ccccc13)c(=O)n2C,CHEMBL3981831,=,=,3.0,3.0,3.0,8.522878745280337
CC#CCn1c(N2CCC[C@@H](N)C2)nc2c1c(=O)n(Cc1nc(-c3ccccc3)c3ccccc3n1)c(=O)n2C,CHEMBL3953094,=,=,4.0,4.0,4.0,8.397940008672037
CC#CCn1c(N2CCC[C@@H](N)C2)nc2c1c(=O)n(Cc1cc(C)c3nccnc3c1)c(=O)n2C,CHEMBL3938646,=,=,2.0,2.0,2.0,8.698970004336019
CC#CCn1c(N2CCC[C@@H](N)C2)nc2c1c(=O)n(Cc1ccc(F)c3ccccc13)c(=O)n2C,CHEMBL3957200,=,=,12.0,12.0,12.0,7.920818753952375
CC#CCn1c(N2CCC[C@@H](N)C2)nc2c1c(=O)n(C/C=C/c1c(F)c(F)c(F)c(F)c1F)c(=O)n2C,CHEMBL3958670,=,=,8.0,8.0,8.0,8.096910013008056
CC#CCn1c(N2CCC[C@@H](N)C2)nc2c1c(=O)n(Cc1nc(C(F)(F)F)cc3ccccc13)c(=O)n2C,CHEMBL3931178,=,=,13.0,13.0,13.0,7.886056647693163
CC#CCn1c(N2CCC[C@@H](N)C2)nc2c1c(=O)n(Cc1nc(C(F)F)cc3ccccc13)c(=O)n2C,CHEMBL3917354,=,=,6.0,6.0,6.0,8.221848749616356
CC#CCn1c(N2CCC[C@@H](N)C2)nc2c1c(=O)n(CC(=O)c1ccccc1-c1ccccc1)c(=O)n2C,CHEMBL3948679,=,=,6.0,6.0,6.0,8.221848749616356
CC#CCn1c(N2CCC[C@@H](N)C2)nc2c1c(=O)n(Cc1nc(C)cc3ccccc13)c(=O)n2C1CC1,CHEMBL3911930,=,=,5.0,5.0,5.0,8.301029995663981
CC#CCn1c(N2CCC[C@@H](N)C2)nc2c1c(=O)n(CC(=O)c1cccc(OC)c1)c(=O)n2C,CHEMBL3939916,=,=,3.0,3.0,3.0,8.522878745280337
Cc1cc2ccccc2c(Cn2c(=O)c3c(nc(N4CCC[C@@H](N)C4)n3Cc3ccccc3Cl)n(C)c2=O)n1,CHEMBL3938789,=,=,11.0,11.0,11.0,7.958607314841775
Cc1cc2ccccc2c(Cn2c(=O)c3c(nc(N4CCC[C@@H](N)C4)n3Cc3ccccc3Br)n(C)c2=O)n1,CHEMBL3962719,=,=,14.0,14.0,14.0,7.853871964321762
COc1ccc2nccc(C(=O)NCC(=O)N3CC(F)(F)C[C@H]3C#N)c2c1,CHEMBL3233843,=,=,19000.0,19000.0,19000.0,4.721246399047171
Cn1c(=O)cc(N2CCC[C@@H](N)C2)n(Cc2cc(F)ccc2C#N)c1=O,CHEMBL1650443,=,=,1.3,1.3,1.3,8.886056647693163
Cn1c(=O)cc(N2CCC[C@@H](N)C2)n(Cc2ccccc2C#N)c1=O,CHEMBL376359,=,=,5.3,5.3,5.3,8.275724130399212
N[C@@H](CC(=O)N1CCn2c(nnc2C(F)(F)F)C1)Cc1cc(F)c(F)cc1F,CHEMBL1422,=,=,20.0,20.0,20.0,7.698970004336019
C[C@H](N[C@@H](CCc1ccccc1)C(=O)O)C(=O)N1C[C@@H](NC(=O)C[C@H](N)Cc2cc(F)c(F)cc2F)C[C@H]1C(=O)O,CHEMBL4067185,=,=,255.0,255.0,255.0,6.5934598195660445
CC[C@H](N[C@@H](CCc1ccccc1)C(=O)O)C(=O)N1C[C@@H](NC(=O)C[C@H](N)Cc2cc(F)c(F)cc2F)C[C@H]1C(=O)O,CHEMBL4086264,=,=,57.0,57.0,57.0,7.2441251443275085
CCC[C@H](N[C@@H](CCc1ccccc1)C(=O)O)C(=O)N1C[C@@H](NC(=O)C[C@H](N)Cc2cc(F)c(F)cc2F)C[C@H]1C(=O)O,CHEMBL4078112,=,=,67.0,67.0,67.0,7.173925197299173
CCCC[C@H](N[C@@H](CCc1ccccc1)C(=O)O)C(=O)N1C[C@@H](NC(=O)C[C@H](N)Cc2cc(F)c(F)cc2F)C[C@H]1C(=O)O,CHEMBL4090635,=,=,102.0,102.0,102.0,6.991399828238082
Cc1ccc(-c2c(CN)c(CC(C)C)nc(C)c2C(=O)OCc2ccccc2C(=O)O)cc1.Cl.Cl,CHEMBL4081713,=,=,29.0,29.0,29.0,7.537602002101044
Cc1ccc(-c2c(CN)c(CC(C)C)nc(C)c2C(=O)OC[C@H]2CC[C@H](C(=O)O)CC2)cc1.Cl.Cl,CHEMBL4059789,=,=,80.0,80.0,80.0,7.096910013008056
Cc1ccc(-c2c(CN)c(CC(C)C)nc(C)c2C(=O)OCCCC(=O)O)cc1.Cl.Cl,CHEMBL4071166,=,=,470.0,470.0,470.0,6.327902142064282
Cc1ccc(-c2c(CCc3nc(C(=O)O)cs3)c(C)nc(CC(C)C)c2CN)cc1.Cl.Cl,CHEMBL4098218,=,=,2.6,2.6,2.6,8.585026652029182
Cc1ccc(-c2c(/C=C/c3nc(C(=O)O)cs3)c(C)nc(CC(C)C)c2CN)cc1.Cl.Cl,CHEMBL4097306,=,=,5.5,5.5,5.5,8.259637310505756
Cc1ccc(-c2c(CN)c(CC(C)C)nc(C)c2C(=O)O)cc1,CHEMBL1614729,=,=,22.0,22.0,22.0,7.657577319177793
Cc1ccc(-c2c(CN)n(CC(C)C)c(=O)c3ccc(OCC(N)=O)cc23)cc1,CHEMBL4089584,=,=,220.0,220.0,220.0,6.657577319177793
Cc1ccc(-c2c(CN)c(CC(C)C)nc3ccc(-c4nc(C(=O)O)cs4)cc23)cc1.Cl.Cl,CHEMBL4068446,=,=,0.38,0.38,0.38,9.42021640338319
Cc1ccc(-c2c(CN)c(CC(C)C)nc3ccc(-c4ccc(C(=O)O)o4)cc23)cc1.Cl.Cl,CHEMBL4085490,=,=,28.0,28.0,28.0,7.552841968657781
Cc1ccc(-c2c(CN)c(CC(C)C)nc3ccc(OCCCCCC(=O)O)cc23)cc1.Cl.Cl,CHEMBL4078049,=,=,6.8,6.8,6.8,8.167491087293763
Cc1ccc(-c2c(CN)c(CC(C)C)nc3ccc(OCCCCC(=O)O)cc23)cc1.Cl.Cl,CHEMBL4098936,=,=,4.6,4.6,4.6,8.337242168318426
Cc1ccc(-c2c(CN)c(CC(C)C)nc3ccc(OCCCC(=O)O)cc23)cc1.Cl.Cl,CHEMBL4071958,=,=,17.0,17.0,17.0,7.769551078621726
Cc1ccc(-c2c(CN)c(CC(C)C)nc3ccc(OCCC(=O)O)cc23)cc1.Cl.Cl,CHEMBL4075351,=,=,29.0,29.0,29.0,7.537602002101044
Cc1ccc(-c2c(CN)c(CC(C)C)nc3ccc(OCC(=O)O)cc23)cc1.Cl.Cl,CHEMBL4082445,=,=,140.0,140.0,140.0,6.853871964321762
NCc1c(Cc2ccccc2)nc2ccc(OCC(N)=O)cc2c1-c1ccccc1,CHEMBL4064424,=,=,720.0,720.0,720.0,6.142667503568731
CC(C)(C)Cc1nc2ccc(OCC(N)=O)cc2c(-c2ccccc2)c1CN,CHEMBL4085958,=,=,250.0,250.0,250.0,6.6020599913279625
CC(C)Cc1nc2ccc(OCC(N)=O)cc2c(-c2ccccc2)c1CN,CHEMBL1809262,=,=,270.0,270.0,270.0,6.568636235841012
CCCCCc1nc2ccc(OCC(N)=O)cc2c(-c2ccccc2)c1CN,CHEMBL4072939,=,=,540.0,540.0,540.0,6.267606240177031
CCCCc1nc2ccc(OCC(N)=O)cc2c(-c2ccccc2)c1CN,CHEMBL4083433,=,=,620.0,620.0,620.0,6.207608310501746
CCCc1nc2ccc(OCC(N)=O)cc2c(-c2ccccc2)c1CN,CHEMBL4101425,=,=,510.0,510.0,510.0,6.292429823902063
CC(C)Cc1nc2ccc(C(N)=O)cc2c(-c2ccccc2)c1CN,CHEMBL4092983,=,=,170.0,170.0,170.0,6.769551078621726
CC(C)Cc1nc2ccc(Br)cc2c(-c2ccccc2)c1CN,CHEMBL4072218,=,=,630.0,630.0,630.0,6.200659450546418
CC(C)Cn1c(CN)c(-c2ccccc2)c2cc(C(N)=O)cnc2c1=O.Cl.Cl,CHEMBL4105034,=,=,470.0,470.0,470.0,6.327902142064282
CC(C)Cn1c(CN)c(-c2ccccc2)c2cc(Br)cnc2c1=O,CHEMBL4087191,=,=,1200.0,1200.0,1200.0,5.920818753952375
CC(C)Cn1c(CN)c(-c2ccccc2)c2cc(C(N)=O)ccc2c1=O,CHEMBL1852708,=,=,360.0,360.0,360.0,6.443697499232712
CC(C)Cn1c(CN)c(-c2ccccc2)c2cc(Br)ccc2c1=O,CHEMBL4079304,=,=,1200.0,1200.0,1200.0,5.920818753952375
Cc1ccc(-c2c(CCc3nc(C(N)=O)cs3)c(C)nc(CC(C)C)c2CN)cc1.Cl.Cl,CHEMBL4089615,=,=,8.5,8.5,8.5,8.070581074285707
Cc1ccc(-c2c(-c3nc(C(N)=O)cs3)cnc(CC(C)C)c2CN)cc1.Cl.Cl,CHEMBL4068477,=,=,2.1,2.1,2.1,8.67778070526608
Cc1ccc(-c2c(CN)c(CC(C)C)nc3ccc(OCCCCC(N)=O)cc23)cc1,CHEMBL4081741,=,=,13.0,13.0,13.0,7.886056647693163
Cc1ccc(-c2c(COCc3ccc(C(=O)O)cc3)c(C)nc(CC(C)C)c2CN)cc1.Cl.Cl,CHEMBL4059815,=,=,7.2,7.2,7.2,8.142667503568731
Cc1ccc(-c2c(CN)c(CC(C)C)nc(C)c2C(=O)OCc2ccc(C(=O)O)cc2)cc1.Cl.Cl,CHEMBL4100667,=,=,17.0,17.0,17.0,7.769551078621726
Cc1ccc(-c2c(CN)c(CC(C)C)nc(C)c2C(=O)OCc2cccc(C(=O)O)c2)cc1.Cl.Cl,CHEMBL4082680,=,=,87.0,87.0,87.0,7.060480747381382
CC(=O)c1csc(-c2cnc(CC(C)C)c(CN)c2-c2ccc(C)cc2)n1.Cl.Cl,CHEMBL4096274,=,=,8.7,8.7,8.7,8.060480747381382
N[C@@H](CC(=O)N1CC[C@@H]2[C@@H](CCc3nnc(C(F)(F)F)n32)C1)Cc1cc(F)c(F)cc1F,CHEMBL3425747,=,=,28.0,28.0,28.0,7.552841968657781
N[C@@H](CC(=O)N1CC[C@@H]2[C@H](CCc3nnc(C(F)(F)F)n32)C1)Cc1cc(F)c(F)cc1F,CHEMBL3425748,=,=,145.0,145.0,145.0,6.838631997765026
N[C@@H](CC(=O)N1CC[C@H]2[C@H](CCc3nnc(C(F)(F)F)n32)C1)Cc1cc(F)c(F)cc1F,CHEMBL4066703,=,=,70.0,70.0,70.0,7.154901959985743
N[C@@H](CC(=O)N1CC[C@H]2[C@@H](CCc3nnc(C(F)(F)F)n32)C1)Cc1cc(F)c(F)cc1F,CHEMBL4077696,=,=,537.0,537.0,537.0,6.270025714300445
Cc1nnc2n1[C@@H]1CCN(C(=O)C[C@H](N)Cc3cc(F)c(F)cc3F)C[C@@H]1CC2.Cl,CHEMBL4063983,=,=,28.0,28.0,28.0,7.552841968657781
CC(C)c1nnc2n1[C@@H]1CCN(C(=O)C[C@H](N)Cc3cc(F)c(F)cc3F)C[C@@H]1CC2.Cl,CHEMBL4085550,=,=,31.8,31.8,31.8,7.497572880015567
Cl.N[C@@H](CC(=O)N1CC[C@@H]2[C@@H](CCc3nnc(Cc4ccccc4)n32)C1)Cc1cc(F)c(F)cc1F,CHEMBL4077174,=,=,123.3,123.3,123.3,6.909036923404269
CCOc1cccc(-c2nnc3n2[C@@H]2CCN(C(=O)C[C@H](N)Cc4cc(F)c(F)cc4F)C[C@@H]2CC3)n1.Cl,CHEMBL4093298,=,=,139.0,139.0,139.0,6.856985199745905
Cl.N[C@@H](CC(=O)N1CC[C@@H]2[C@@H](CCc3nnc(-c4ccccn4)n32)C1)Cc1cc(F)c(F)cc1F,CHEMBL4062977,=,=,43.4,43.4,43.4,7.36251027048749
Cl.N[C@@H](CC(=O)N1CC[C@@H]2[C@@H](CCc3nnc(-c4cnccn4)n32)C1)Cc1cc(F)c(F)cc1F,CHEMBL4090906,=,=,60.0,60.0,60.0,7.221848749616356
Cc1nc(-c2nnc3n2[C@@H]2CCN(C(=O)C[C@H](N)Cc4cc(F)c(F)cc4F)C[C@@H]2CC3)cs1.Cl,CHEMBL4071607,=,=,50.2,50.2,50.2,7.29929628285498
CC(C)c1nnc2n1[C@@H]1CCN(C(=O)C[C@H](N)Cc3cc(F)c(F)cc3F)C[C@H]1CC2.Cl,CHEMBL4098632,=,=,151.7,151.7,151.7,6.81901441921327
N[C@@H](CC(=O)N1CCn2c(nnc2C(F)(F)F)C1)Cc1cc(F)c(F)cc1F.O=P(O)(O)O,CHEMBL393336,=,=,22.0,22.0,22.0,7.657577319177793
N[C@@H](CC(=O)N1CC[C@@H]2[C@@H](CCc3nnc(C(F)(F)F)n32)C1)Cc1cc(F)c(F)cc1F,CHEMBL3425747,=,=,27.54,7.56,27.54,7.560036064079095
Cc1nnc2n1[C@@H]1CCN(C(=O)C[C@H](N)Cc3cc(F)c(F)cc3F)C[C@@H]1CC2.Cl,CHEMBL4063983,=,=,27.54,7.56,27.54,7.560036064079095
CC(C)c1nnc2n1[C@@H]1CCN(C(=O)C[C@H](N)Cc3cc(F)c(F)cc3F)C[C@@H]1CC2.Cl,CHEMBL4085550,=,=,32.36,7.49,32.36,7.489991487059765
N[C@@H](CC(=O)N1CCn2c(nnc2C(F)(F)F)C1)Cc1cc(F)c(F)cc1F.O=P(O)(O)O,CHEMBL393336,=,=,21.88,7.66,21.88,7.659952682338607
N[C@@H](CC(=O)N1CCn2c(nnc2C(F)(F)F)C1)Cc1cc(F)c(F)cc1F,CHEMBL1422,=,=,37.96,37.96,37.96,7.420673796244745
N#Cc1ccc(F)cc1Cn1c(N2CCC[C@@H](N)C2)cc(=O)n(Cc2cc(F)cc(F)c2)c1=O,CHEMBL4128601,=,=,65.36,65.36,65.36,7.184687956475641
Cc1cc(C)cc(Cn2c(=O)cc(N3CCC[C@@H](N)C3)n(Cc3cc(F)ccc3C#N)c2=O)c1,CHEMBL4129968,=,=,188.7,188.7,188.7,6.724228099835068
COc1ccc(Cn2c(=O)cc(N3CCC[C@@H](N)C3)n(Cc3cc(F)ccc3C#N)c2=O)cc1OC,CHEMBL4128052,=,=,64.47,64.47,64.47,7.190642329788894
CC(C)[C@H](N)C(=O)N1CCCC1,CHEMBL383705,=,=,5400.0,5.4,5400.0,5.267606240177031
CC[C@H](C)[C@H](N)C(=O)N1CCSC1,CHEMBL98408,=,=,1700.0,1.7,1700.0,5.769551078621726
CC(C)[C@H](N)C(=O)N1CCCC1B(O)O,CHEMBL4176189,=,=,22.0,0.022,22.0,7.657577319177793
N#C[C@@H]1CCCN1C(=O)CNC12CC3CC(CC(O)(C3)C1)C2,CHEMBL142703,=,=,120.0,0.12,120.0,6.920818753952375
N[C@@H](CC(=O)N1CCn2c(nnc2C(F)(F)F)C1)Cc1cc(F)c(F)cc1F,CHEMBL1422,=,=,40.0,0.04,40.0,7.3979400086720375
N[C@@H](CCNCc1ccc(Cl)cc1)C(=O)N1CCCCC1,CHEMBL98869,=,=,165000.0,165.0,165000.0,3.7825160557860933
CC[C@@H](C)[C@H](N)C(=O)N1Cc2ccccc2C1,CHEMBL397070,=,=,90000.0,90.0,90000.0,4.045757490560675
CC#CCn1c(N2CCC[C@@H](N)C2)nc2c1c(=O)n(Cc1nc(C)c3ccccc3n1)c(=O)n2C,CHEMBL237500,=,=,2.0,0.002,2.0,8.698970004336019
N#Cc1ccc(F)cc1Cn1c(N2CCC[C@@H](N)C2)nc2cc[nH]c2c1=O,CHEMBL4162340,=,=,2.3,2.3,2.3,8.638272163982407
N#Cc1ccc(F)cc1Cn1c(N2CCC[C@@H](N)C2)nc2[nH]ccc2c1=O,CHEMBL4169618,=,=,2.4,2.4,2.4,8.619788758288394
N#Cc1ccc(F)cc1Cn1c(N2CCC[C@@H](N)C2)nc2scnc2c1=O,CHEMBL4177478,=,=,6.8,6.8,6.8,8.167491087293763
Cn1cnc2nc(N3CCC[C@@H](N)C3)n(Cc3cc(F)ccc3C#N)c(=O)c21,CHEMBL4174924,=,=,15.3,15.3,15.3,7.815308569182401
Cn1c(=O)cc(N2CCC[C@@H](N)C2)n(Cc2cc(F)ccc2C#N)c1=O,CHEMBL1650443,=,=,1.43,1.43,1.43,8.844663962534938
N#Cc1ccc(F)cc1Cn1c(N2CCC[C@@H](N)C2)nc2c(Br)c[nH]c2c1=O,CHEMBL4169403,=,=,0.79,0.79,0.79,9.102372908709558
N#Cc1ccc(F)cc1Cn1c(N2CCC[C@@H](N)C2)nc2c(Br)c(Br)[nH]c2c1=O,CHEMBL4161474,=,=,1.67,1.67,1.67,8.777283528852417
N#Cc1ccc(F)cc1Cn1c(N2CCC[C@@H](N)C2)nc2c(F)c[nH]c2c1=O,CHEMBL4172793,=,=,0.77,0.77,0.77,9.113509274827518
N#Cc1ccc(F)cc1Cn1c(N2CCC[C@@H](N)C2)nc2c(F)c(F)[nH]c2c1=O,CHEMBL4164893,=,=,1.25,1.25,1.25,8.903089986991944
CS(=O)(=O)n1ccc2nc(N3CCC[C@@H](N)C3)n(Cc3cc(F)ccc3C#N)c(=O)c21,CHEMBL4162532,=,=,18.0,18.0,18.0,7.7447274948966935
N#Cc1ccc(F)cc1Cn1c(N2CCC[C@@H](N)C2)nc2ccn(Cc3cc(F)ccc3C#N)c2c1=O,CHEMBL4173215,=,=,26.6,26.6,26.6,7.575118363368933
N#Cc1ccc(F)cc1Cn1c(N2CCC[C@@H](N)C2)nc2c(-c3ccsc3)c[nH]c2c1=O,CHEMBL4165967,=,=,0.76,0.76,0.76,9.119186407719209
N#Cc1ccc(F)cc1Cn1c(N2CCC[C@@H](N)C2)nc2c(-c3cccs3)c[nH]c2c1=O,CHEMBL4176578,=,=,0.54,0.54,0.54,9.267606240177031
N#Cc1ccc(F)cc1Cn1c(N2CCC[C@@H](N)C2)nc2c(-c3ccc(F)cc3)c[nH]c2c1=O,CHEMBL4164470,=,=,0.54,0.54,0.54,9.267606240177031
CS(=O)(=O)c1ccc(-c2c[nH]c3c(=O)n(Cc4cc(F)ccc4C#N)c(N4CCC[C@@H](N)C4)nc23)cc1,CHEMBL4175111,=,=,0.72,0.72,0.72,9.142667503568731
CS(=O)(=O)c1ccccc1-c1c[nH]c2c(=O)n(Cc3cc(F)ccc3C#N)c(N3CCC[C@@H](N)C3)nc12,CHEMBL4161924,=,=,1.58,1.58,1.58,8.801342913045577
CS(=O)(=O)c1cccc(-c2c[nH]c3c(=O)n(Cc4cc(F)ccc4C#N)c(N4CCC[C@@H](N)C4)nc23)c1,CHEMBL4169845,=,=,0.61,0.61,0.61,9.214670164989233
CC(C)S(=O)(=O)c1ccc(-c2c[nH]c3c(=O)n(Cc4cc(F)ccc4C#N)c(N4CCC[C@@H](N)C4)nc23)cc1,CHEMBL4165359,=,=,1.69,1.69,1.69,8.772113295386326
N#Cc1ccc(F)cc1Cn1c(N2CCC[C@@H](N)C2)nc2c(-c3ccc(S(N)(=O)=O)cc3)c[nH]c2c1=O,CHEMBL4173272,=,=,1.61,1.61,1.61,8.79317412396815
CS(=O)(=O)c1ccc(-c2c[nH]c3c(=O)n(Cc4cc(F)ccc4C#N)c(N4CCC[C@@H](N)C4)nc23)cc1F,CHEMBL4173673,=,=,1.45,1.45,1.45,8.838631997765026
CS(=O)(=O)c1ccc(-c2c[nH]c3c(=O)n(Cc4cc(F)ccc4C#N)c(N4CCC[C@@H](N)C4)nc23)c(F)c1,CHEMBL4162971,=,=,0.77,0.77,0.77,9.113509274827518
N#Cc1ccccc1Cc1c(Cl)nc2ccnn2c1N1CCC[C@@H](N)C1,CHEMBL4205581,=,=,49.0,0.049,49.0,7.309803919971486
CCOC(=O)c1ccc(Cn2c(N3CCC[C@@H](N)C3)cc(=O)n3nccc23)cc1,CHEMBL4216792,=,=,10400.0,10.4,10400.0,4.982966660701219
O=c1cc(N2CCNCC2)n(Cc2ccc([N+](=O)[O-])cc2)c2ccnn12,CHEMBL4217326,=,=,17200.0,17.2,17200.0,4.764471553092451
N[C@@H]1CCCN(c2cc(=O)n3nccc3n2Cc2ccc([N+](=O)[O-])cc2)C1,CHEMBL4212367,=,=,11500.0,11.5,11500.0,4.939302159646388
Cc1ccc(Cn2c(N3CCNCC3)cc(=O)n3nccc23)cc1,CHEMBL4212894,=,=,400.0,0.4,400.0,6.3979400086720375
Cc1ccc(Cn2c(N3CCC[C@@H](N)C3)cc(=O)n3nccc23)cc1,CHEMBL4207996,=,=,2000.0,2.0,2000.0,5.698970004336019
O=c1cc(N2CCNCC2)n(Cc2ccccc2)c2ccnn12,CHEMBL4208513,=,=,2500.0,2.5,2500.0,5.6020599913279625
N[C@@H]1CCCN(c2cc(=O)n3nccc3n2Cc2ccccc2)C1,CHEMBL4203639,=,=,46500.0,46.5,46500.0,4.3325470471100465
N#Cc1ccccc1Cn1c(N2CCNCC2)cc(=O)n2nccc12,CHEMBL4204176,=,=,80.0,0.08,80.0,7.096910013008056
O=c1cc(N2CCNCC2)n(Cc2ccccc2[N+](=O)[O-])c2ccnn12,CHEMBL4213950,=,=,1200.0,1.2,1200.0,5.920818753952375
N[C@@H]1CCCN(c2cc(=O)n3nccc3n2Cc2ccccc2F)C1,CHEMBL4210635,=,=,21500.0,21.5,21500.0,4.667561540084395
N[C@@H]1CCCN(c2cc(=O)n3nccc3n2Cc2ccc(C(=O)O)cc2)C1,CHEMBL4205100,=,=,59900.0,59.9,59900.0,4.2225731776106885
N#Cc1ccccc1Cn1c(N2CCC[C@@H](N)C2)cc(=O)n2nccc12,CHEMBL4215849,=,=,1300.0,1.3,1300.0,5.886056647693163
Cn1c(=O)cc(N2CCC[C@@H](N)C2)n(Cc2ccccc2C#N)c1=O,CHEMBL376359,=,=,4.0,0.004,4.0,8.397940008672037
CC(C)[C@H](N)C(=O)N[C@@H](Cc1c[nH]c2ccccc12)C(=O)O,CHEMBL91777,=,=,65690.0,65.69,65690.0,4.182500738132242
O=C(O)c1cc(O)c(O)c(O)c1,CHEMBL288114,=,=,4650.0,4.65,4650.0,5.332547047110046
O=C(O[C@@H]1Cc2c(O)cc(O)cc2O[C@@H]1c1cc(O)c(O)c(O)c1)c1cc(O)c(O)c(O)c1,CHEMBL297453,=,=,10210.0,10.21,10210.0,4.99097425791309
OC[C@H]1O[C@@H](Oc2cc3c(O)cc(O)cc3[o+]c2-c2ccc(O)c(O)c2)[C@H](O)[C@@H](O)[C@@H]1O,CHEMBL257839,=,=,420.0,0.42,420.0,6.376750709602099
C[C@@H]1O[C@@H](OC[C@H]2O[C@@H](Oc3cc(O)c4c(c3)O[C@H](c3ccc(O)c(O)c3)CC4=O)[C@H](O)[C@@H](O)[C@@H]2O)[C@H](O)[C@H](O)[C@H]1O,CHEMBL2165586,=,=,10360.0,10.36,10360.0,4.984640244590786
COc1cc(-c2[o+]c3cc(O)cc(O)c3cc2O)cc(OC)c1O.[Cl-],CHEMBL592005,=,=,1410.0,1.41,1410.0,5.85078088734462
O=C(O)/C=C/c1ccc(O)c(O)c1,CHEMBL145,=,=,3370.0,3.37,3370.0,5.4723700991286615
Oc1cc(O)c2cc(O)c(-c3ccc(O)c(O)c3)[o+]c2c1.[Cl-],CHEMBL511367,=,=,1410.0,1.41,1410.0,5.85078088734462
Oc1ccc(/C=C/c2cc(O)cc(O)c2)cc1,CHEMBL165,=,=,0.6,0.6,0.6,9.221848749616356
O=c1c(-c2ccc(O)cc2)coc2cc(O)cc(O)c12,CHEMBL44,=,=,480.0,0.48,480.0,6.318758762624412
O=c1c(O)c(-c2ccc(O)cc2)oc2cc(O)cc(O)c12,CHEMBL150,=,=,490.0,0.49,490.0,6.309803919971486
O=C1C[C@@H](c2ccc(O)cc2)Oc2cc(O)cc(O)c21,CHEMBL9352,=,=,240.0,0.24,240.0,6.619788758288394
COc1ccc([C@@H]2CC(=O)c3c(O)cc(O)cc3O2)cc1O,CHEMBL399121,=,=,280.0,0.28,280.0,6.552841968657781
O=c1cc(-c2ccccc2)oc2ccccc12,CHEMBL275638,=,=,170.0,0.17,170.0,6.769551078621726
O=c1c(O)c(-c2ccc(O)c(O)c2)oc2cc(O)cc(O)c12,CHEMBL50,=,=,2920.0,2.92,2920.0,5.534617148551582
O=c1cc(-c2ccc(O)cc2)oc2cc(O)cc(O)c12,CHEMBL28,=,=,140.0,0.14,140.0,6.853871964321762
O=c1cc(-c2ccc(O)c(O)c2)oc2cc(O)cc(O)c12,CHEMBL151,=,=,120.0,0.12,120.0,6.920818753952375
CC[C@H](C)[C@H](N)C(=O)N1CCC[C@H]1C(=O)N[C@H](C(=O)O)[C@@H](C)CC,CHEMBL214381,=,=,4210.0,4.21,4210.0,5.375717904164332
Brc1nc2n(n1)CC(c1cc3ccccc3o1)=NN2,CHEMBL4246951,=,=,28050.0,28.05,28050.0,4.55206713440782
Cc1ccc2nc(CNc3nc(C)cs3)n(/N=C/c3ccc(O)cc3)c(=O)c2c1,CHEMBL4247480,=,=,1.12,1.12,1.12,8.950781977329818
Cc1csc(NC2c3cc(I)ccc3N=C(c3ccccc3)N2/N=C/c2cccc([N+](=O)[O-])c2)n1,CHEMBL4238698,=,=,1.22,1.22,1.22,8.913640169325252
COc1ccc(/C=N/N2C(c3ccccc3)=Nc3ccc(I)cc3C2Nc2nccs2)cc1,CHEMBL4242883,=,=,1.62,1.62,1.62,8.790484985457368
O=[N+]([O-])c1cccc(/C=N/N2C(c3ccccc3)=Nc3ccccc3C2Nc2nccs2)c1,CHEMBL4249193,=,=,1.33,1.33,1.33,8.876148359032914
O=[N+]([O-])c1cccc(/C=N/N2C(c3ccccc3)=Nc3ccc(I)cc3C2Nc2nccs2)c1,CHEMBL4239107,=,=,0.76,0.76,0.76,9.119186407719209
N[C@@H](CCn1cc(-c2ccncc2)nn1)Cc1cc(F)c(F)cc1F,CHEMBL4250492,=,=,14.0,14.0,14.0,7.853871964321762
N[C@@H](CC(=O)N1CCn2c(nnc2C(F)(F)F)C1)Cc1cc(F)c(F)cc1F,CHEMBL1422,=,=,7.8,7.8,7.8,8.10790539730952
CC(C)=CCn1c(N2CCCC(N)C2)nc2c1c(=O)n(Cc1ccccc1C#N)c(=O)n2C,CHEMBL4246674,=,=,19.6,19.6,19.6,7.707743928643524
NCc1c(-c2ccc(Cl)cc2Cl)n(C[SH](=O)=O)c2ccccc12,CHEMBL4246222,=,=,232.8,232.8,232.8,6.633017024022149
CC(C)(C)[C@H](N)C(=O)N1CCSCC1,CHEMBL4241283,=,=,3.4,3.4,3.4,8.468521082957745
CC(C)C[C@H](N)C(=O)N1CCSCC1,CHEMBL4250956,=,=,6.29,6.29,6.29,8.201349354554731
CCC(C)[C@H](N)C(=O)N1CCSCC1,CHEMBL4241366,=,=,6.93,6.93,6.93,8.159266765388193
O=C(N/N=C/c1cccc2ccccc12)c1[nH]nc2c1CCCC2,CHEMBL1976036,=,=,3440.0,3.44,3440.0,5.46344155742847
O=C(N/N=C/c1c(O)ccc2ccccc12)c1n[nH]c2c1CCCC2,CHEMBL4247286,=,=,2120.0,2.12,2120.0,5.673664139071249
O=C(CNC(=O)C1CCCN(S(=O)(=O)c2ccccc2)C1)Nc1ccc(Cl)cc1,CHEMBL4250558,=,=,94.82,94.82,94.82,7.023100049017062
O=C(CN1CCN(c2ccnc3cc(Cl)ccc23)CC1)N1CCCC1,CHEMBL4245414,=,=,3730.0,3.73,3730.0,5.428291168191312
COC(=O)c1cn([C@@H]2CN[C@H](C(=O)N3CCC(F)(F)C3)C2)nn1,CHEMBL4241199,=,=,720.0,0.72,720.0,6.142667503568731
O=C([C@@H]1C[C@H](n2cc(-c3ccccc3)nn2)CN1)N1CCC(F)(F)C1,CHEMBL4249750,=,=,660.0,0.66,660.0,6.180456064458131
Cc1cc(-c2cn([C@@H]3CN[C@H](C(=O)N4CCC(F)(F)C4)C3)nn2)ccc1F,CHEMBL4240687,=,=,1320.0,1.32,1320.0,5.8794260687941495
CC1(C)[C@@H]2CC[C@@]1(C)[C@H](NCC(=O)N1CCC[C@H]1C#N)C2,CHEMBL4247814,=,=,1270.0,1.27,1270.0,5.896196279044043
CC1(C)[C@H]2CC[C@]1(C)[C@@H](NCC(=O)N1CCC[C@H]1C#N)C2,CHEMBL4242321,=,=,1780.0,1.78,1780.0,5.7495799976911055
CC1(C)[C@H]2CC[C@]1(C)C(=O)[C@H]2NCC(=O)N1CCC[C@H]1C#N,CHEMBL4238169,=,=,15780.0,15.78,15780.0,4.801893001126598
CC1(C)[C@H]2CC[C@]1(C)[C@@H](O)[C@H]2NCC(=O)N1CCC[C@H]1C#N,CHEMBL4238607,=,=,7580.0,7.58,7580.0,5.120330794367947
CC(C)CNc1nc2scnn2c(=O)c1[N+](=O)[O-],CHEMBL4554062,=,=,68510.0,68.51,68510.0,4.164246032480617
CC(C)Nc1nc2scnn2c(=O)c1[N+](=O)[O-],CHEMBL4535561,=,=,76170.0,76.17,76170.0,4.118216044406616
O=c1c([N+](=O)[O-])c(NCCO)nc2scnn12,CHEMBL4525051,=,=,121300.0,121.3,121300.0,3.9161391991334273
O=c1c([N+](=O)[O-])c(NCCc2ccc(Cl)cc2)nc2scnn12,CHEMBL4571225,=,=,55870.0,55.87,55870.0,4.252821328639835
N#C[C@@H]1CCCN1C(=O)CNC12CC3CC(CC(O)(C3)C1)C2,CHEMBL142703,=,=,15.0,0.015,15.0,7.823908740944319
N[C@@H](CC(=O)N1CCn2c(nnc2C(F)(F)F)C1)Cc1cc(F)c(F)cc1F,CHEMBL1422,=,=,120.0,0.12,120.0,6.920818753952375
O=C(CCCCCO)N[C@@H](CC(=O)N1CCn2c(nnc2C(F)(F)F)C1)Cc1cc(F)c(F)cc1F,CHEMBL4516388,=,=,223.0,0.223,223.0,6.651695136951839
O=C(CCCCO)N[C@@H](CC(=O)N1CCn2c(nnc2C(F)(F)F)C1)Cc1cc(F)c(F)cc1F,CHEMBL4464592,=,=,226.0,0.226,226.0,6.645891560852599
O=C(CCCO)N[C@@H](CC(=O)N1CCn2c(nnc2C(F)(F)F)C1)Cc1cc(F)c(F)cc1F,CHEMBL4458307,=,=,208.0,0.208,208.0,6.681936665037238
O=C(CO)N[C@@H](CC(=O)N1CCn2c(nnc2C(F)(F)F)C1)Cc1cc(F)c(F)cc1F,CHEMBL4537702,=,=,217.0,0.217,217.0,6.66354026615147
O=C(CCCCCO[N+](=O)[O-])N[C@@H](CC(=O)N1CCn2c(nnc2C(F)(F)F)C1)Cc1cc(F)c(F)cc1F,CHEMBL4524414,=,=,60.0,0.06,60.0,7.221848749616356
O=C(CCCCO[N+](=O)[O-])N[C@@H](CC(=O)N1CCn2c(nnc2C(F)(F)F)C1)Cc1cc(F)c(F)cc1F,CHEMBL4577865,=,=,170.0,0.17,170.0,6.769551078621726
O=C(CCCO[N+](=O)[O-])N[C@@H](CC(=O)N1CCn2c(nnc2C(F)(F)F)C1)Cc1cc(F)c(F)cc1F,CHEMBL4437841,=,=,197.0,0.197,197.0,6.7055337738384075
O=C(CO[N+](=O)[O-])N[C@@H](CC(=O)N1CCn2c(nnc2C(F)(F)F)C1)Cc1cc(F)c(F)cc1F,CHEMBL4434648,=,=,190.0,0.19,190.0,6.721246399047171
CC(C)[C@H](N)C(=O)N1CCC[C@H]1B(O)O,CHEMBL67279,=,=,22.0,22.0,22.0,7.657577319177793
CC[C@H](C)[C@H](NC(=O)[C@H](CC(C)C)NC(=O)[C@@H]1CCCN1C(=O)[C@H](CC(C)C)NC(=O)[C@@H]1CCCN1C(=O)[C@@H](NC(=O)CN)[C@@H](C)CC)C(=O)O,CHEMBL4535549,=,=,3830000.0,3.83,3830000.0,2.416801226031377
CC#CCn1c(N2CCC[C@@H](N)C2)cc(=O)n(Cc2cccc(F)c2C(=O)O)c1=O,CHEMBL4446618,=,=,2.19,2.19,2.19,8.659555885159882
CC#CCn1c(N2CCC[C@@H](N)C2)nc2c1c(=O)n(Cc1ccccc1C(=O)O)c(=O)n2C,CHEMBL4452518,=,=,1.98,1.98,1.98,8.703334809738468
CC#CCn1c(N2CCC[C@@H](N)C2)nc2c1c(=O)n(Cc1cccc(F)c1C(=O)O)c(=O)n2C,CHEMBL4441220,=,=,10.21,10.21,10.21,7.99097425791309
CC#CCn1c(N2CCC[C@@H](N)C2)nc2c1c(=O)n(Cc1ccc(F)cc1C(=O)O)c(=O)n2C,CHEMBL4528994,=,=,2.35,2.35,2.35,8.628932137728263
CC#CCn1c(N2CCC[C@@H](N)C2)nc2c1c(=O)n(Cc1c(Cl)cccc1C(=O)O)c(=O)n2C,CHEMBL4458949,=,=,3.9,3.9,3.9,8.4089353929735
CC#CCn1c(N2CCC[C@@H](N)C2)nc2c1c(=O)n(Cc1cc(Cl)ccc1C(=O)O)c(=O)n2C,CHEMBL4465482,=,=,0.18,0.18,0.18,9.744727494896694
CC#CCn1c(N2CCC[C@@H](N)C2)nc2c1c(=O)n(Cc1ccc(Cl)cc1C(=O)O)c(=O)n2C,CHEMBL4448186,=,=,0.1,0.1,0.1,10.0
CC#CCn1c(N2CCC[C@@H](N)C2)nc2c1c(=O)n(Cc1c(Br)cccc1C(=O)O)c(=O)n2C,CHEMBL4544024,=,=,1.05,1.05,1.05,8.978810700930062
CC#CCn1c(N2CCC[C@@H](N)C2)nc2c1c(=O)n(Cc1cc(Br)ccc1C(=O)O)c(=O)n2C,CHEMBL4536341,=,=,0.72,0.72,0.72,9.142667503568731
CC#CCn1c(N2CCC[C@@H](N)C2)nc2c1c(=O)n(Cc1ccc(Br)cc1C(=O)O)c(=O)n2C,CHEMBL4461587,=,=,0.22,0.22,0.22,9.657577319177793
CC#CCn1c(N2CCC[C@@H](N)C2)nc2c1c(=O)n(Cc1c(OC)cccc1C(=O)O)c(=O)n2C,CHEMBL4458832,=,=,5.99,5.99,5.99,8.22257317761069
CC#CCn1c(N2CCC[C@@H](N)C2)nc2c1c(=O)n(Cc1cc(OC)ccc1C(=O)O)c(=O)n2C,CHEMBL4588692,=,=,0.44,0.44,0.44,9.356547323513812
CC#CCn1c(N2CCC[C@@H](N)C2)nc2c1c(=O)n(Cc1cc(C#N)ccc1C(=O)O)c(=O)n2C,CHEMBL4464069,=,=,2.43,2.43,2.43,8.614393726401687
CC#CCn1c(N2CCC[C@@H](N)C2)nc2c1c(=O)n(Cc1ccccc1C(=O)OC)c(=O)n2C,CHEMBL4435383,=,=,2.91,2.91,2.91,8.536107011014092
CC#CCn1c(N2CCC[C@@H](N)C2)nc2c1c(=O)n(Cc1cccc(F)c1C(=O)OC)c(=O)n2C,CHEMBL4590999,=,=,5.06,5.06,5.06,8.2958494831602
CC#CCn1c(N2CCC[C@@H](N)C2)nc2c1c(=O)n(Cc1c(Cl)cccc1C(=O)OC)c(=O)n2C,CHEMBL4465448,=,=,50.9,50.9,50.9,7.293282217663242
CC#CCn1c(N2CCC[C@@H](N)C2)nc2c1c(=O)n(Cc1cc(Cl)ccc1C(=O)OC)c(=O)n2C,CHEMBL4458152,=,=,5.61,5.61,5.61,8.251037138743838
CC#CCn1c(N2CCC[C@@H](N)C2)nc2c1c(=O)n(Cc1ccc(Cl)cc1C(=O)OC)c(=O)n2C,CHEMBL4567320,=,=,20.48,20.48,20.48,7.688670047696207
CC#CCn1c(N2CCC[C@@H](N)C2)nc2c1c(=O)n(Cc1ccc(Cl)cc1C(=O)OCC)c(=O)n2C,CHEMBL4468590,=,=,74.43,74.43,74.43,7.128251981008129
CC#CCn1c(N2CCC[C@@H](N)C2)nc2c1c(=O)n(Cc1ccc(Br)cc1C(=O)OC)c(=O)n2C,CHEMBL4465374,=,=,22.09,22.09,22.09,7.655804284128565
CC#CCn1c(N2CCC[C@@H](N)C2)nc2c1c(=O)n(Cc1ccc(Br)cc1C(=O)OCC)c(=O)n2C,CHEMBL4528149,=,=,85.48,85.48,85.48,7.068135486507968
Cn1c(=O)cc(N2CCC[C@@H](N)C2)n(Cc2ccccc2C#N)c1=O,CHEMBL376359,=,=,4.46,4.46,4.46,8.350665141287859
CCOC(=O)N1CCN(c2ccc3nnc(-c4cccc(C)c4)n3n2)CC1,CHEMBL4454091,=,=,0.75,0.75,0.75,9.1249387366083
Cc1cccc(-c2nnc3ccc(N4CCN(C(=O)c5ccccc5)CC4)nn23)c1,CHEMBL4529301,=,=,2.25,2.25,2.25,8.647817481888637
Cc1cccc(-c2nnc3ccc(N4CCN(Cc5ccc(F)cc5)CC4)nn23)c1,CHEMBL4547171,=,=,2.0,2.0,2.0,8.698970004336019
Cc1cccc(-c2nnc3ccc(N4CCN(C(c5ccccc5)c5ccccc5)CC4)nn23)c1,CHEMBL4460852,=,=,1.75,1.75,1.75,8.756961951313706
CC#CCn1c(N2CCC[C@@H](N)C2)nc2c1c(=O)n(Cc1nc(C)c3ccccc3n1)c(=O)n2C,CHEMBL237500,=,=,1.25,1.25,1.25,8.903089986991944
CC#CCn1c(N2CCC[C@@H](N)C2)cc(=O)n(Cc2ccccc2C(=O)OC)c1=O,CHEMBL4436620,=,=,74.6,74.6,74.6,7.127261172527331
CC#CCn1c(N2CCC[C@@H](N)C2)cc(=O)n(Cc2ccccc2CC(=O)OC)c1=O,CHEMBL4530011,=,=,56.6,56.6,56.6,7.247183568811728
CC#CCn1c(N2CCC[C@@H](N)C2)cc(=O)n(Cc2ccccc2C(=O)O)c1=O,CHEMBL4538597,=,=,7.5,7.5,7.5,8.1249387366083
CC#CCn1c(N2CCC[C@@H](N)C2)cc(=O)n(Cc2ccccc2CC(=O)O)c1=O,CHEMBL4468423,=,=,89.8,89.8,89.8,7.0467236633326955
Cn1c(=O)cc(N2CCC[C@@H](N)C2)n(Cc2ccccc2C#N)c1=O,CHEMBL376359,=,=,2.7,2.7,2.7,8.568636235841012
N[C@@H](CC(=O)N1CCn2c(nnc2C(F)(F)F)C1)Cc1cc(F)c(F)cc1F,CHEMBL1422,=,=,6.9,6.9,6.9,8.161150909262744
CC#CCn1c(N2CCC[C@@H](N)C2)cc(=O)n(Cc2ccc(F)cc2C(=O)O)c1=O,CHEMBL4438210,=,=,7.6,7.6,7.6,8.119186407719209
CC#CCn1c(N2CCC[C@@H](N)C2)cc(=O)n(Cc2cccc(F)c2C(=O)O)c1=O,CHEMBL4446618,=,=,1.7,1.7,1.7,8.769551078621726
CC#CCn1c(N2CCC[C@@H](N)C2)cc(=O)n(Cc2ccc(Cl)cc2C(=O)O)c1=O,CHEMBL4562685,=,=,3.9,3.9,3.9,8.4089353929735
CC#CCn1c(N2CCC[C@@H](N)C2)cc(=O)n(Cc2ccc(Br)cc2C(=O)O)c1=O,CHEMBL4527363,=,=,4.6,4.6,4.6,8.337242168318426
CC#CCn1c(N2CCC[C@@H](N)C2)cc(=O)n(Cc2cc(Br)ccc2C(=O)O)c1=O,CHEMBL4558007,=,=,2.5,2.5,2.5,8.602059991327963
CC#CCn1c(N2CCC[C@@H](N)C2)cc(=O)n(Cc2cc(OC)ccc2C(=O)O)c1=O,CHEMBL4581959,=,=,4.0,4.0,4.0,8.397940008672037
CC#CCn1c(N2CCC[C@@H](N)C2)cc(=O)n(Cc2cc(C#N)ccc2C(=O)O)c1=O,CHEMBL4516959,=,=,3.5,3.5,3.5,8.455931955649724
CC#CCn1c(N2CCC[C@@H](N)C2)cc(=O)n(Cc2cccc(F)c2C(=O)OC)c1=O,CHEMBL4453917,=,=,93.2,93.2,93.2,7.030584087646019
CC#CCn1c(N2CCC[C@@H](N)C2)cc(=O)n(Cc2cc(Br)ccc2C(=O)OC)c1=O,CHEMBL4445783,=,=,395.0,395.0,395.0,6.403402904373539
CC#CCn1c(N2CCC[C@@H](N)C2)nc2c1c(=O)nc1n2CCCN1Cc1nc(C)c2ccccc2n1,CHEMBL4557196,=,=,4376.0,4376.0,4376.0,5.358922686674626
CC#CCn1c(N2CCC[C@@H](N)C2)nc2c1c(=O)nc1n2CCCN1Cc1ccc(OC)cc1,CHEMBL4465057,=,=,790.0,790.0,790.0,6.102372908709558
CC#CCn1c(N2CCC[C@@H](N)C2)nc2c1c(=O)nc1n2CCCN1Cc1cccc2ccccc12,CHEMBL4537708,=,=,483.0,483.0,483.0,6.316052869248487
CC#CCn1c(N2CCC[C@@H](N)C2)nc2c1c(=O)nc1n2CCCN1CC(=O)c1ccccc1,CHEMBL4591675,=,=,421.0,421.0,421.0,6.375717904164332
CC#CCn1c(N2CCC[C@@H](N)C2)nc2c1C(=O)N(Cc1nc(C)c3ccccc3n1)C1=NCCCN12,CHEMBL3675622,=,=,1.28,1.28,1.28,8.892790030352131
CC#CCn1c(N2CCC[C@@H](N)C2)nc2c1C(=O)N(Cc1ccc(OC)cc1)C1=NCCCN12,CHEMBL3675628,=,=,38.6,38.6,38.6,7.413412695328245
CC#CCn1c(N2CCC[C@@H](N)C2)nc2c1C(=O)N(Cc1cccc3ccccc13)C1=NCCCN12,CHEMBL3675630,=,=,44.3,44.3,44.3,7.3535962737769305
CC#CCn1c(N2CCC[C@@H](N)C2)nc2c1C(=O)NC1=NCCCN12,CHEMBL3675629,=,=,6113.0,6113.0,6113.0,5.21374560421022
CC#CCn1c(N2CCC[C@@H](N)C2)nc2c1C(=O)N(Cc1nc(C)c3ccccc3n1)C1=NCCN12,CHEMBL3675618,=,=,0.42,0.42,0.42,9.3767507096021
Cc1nc(CN2C(=O)c3c(nc(N4CCC[C@@H](N)C4)n3C)N3CCN=C23)nc2ccccc12,CHEMBL3675623,=,=,539.0,539.0,539.0,6.268411234813261
Cc1nc(CN2C(=O)c3c(nc(N4CCC[C@@H](N)C4)n3CC#N)N3CCN=C23)nc2ccccc12,CHEMBL4443070,=,=,538.0,538.0,538.0,6.269217724333611
Cc1nc(CN2C(=O)c3c(nc(N4CCC[C@@H](N)C4)n3CC3CC3)N3CCN=C23)nc2ccccc12,CHEMBL3675627,=,=,8.15,8.15,8.15,8.088842391260023
Cc1nc(CN2C(=O)c3c(nc(N4CCC[C@@H](N)C4)n3CC3CC3(F)F)N3CCN=C23)nc2ccccc12,CHEMBL3675634,=,=,14.1,14.1,14.1,7.85078088734462
Cc1nc(CN2C(=O)c3c(nc(N4CCC[C@@H](N)C4)n3CC3CCC3)N3CCN=C23)nc2ccccc12,CHEMBL3675635,=,=,29.2,29.2,29.2,7.534617148551582
CC(C)=CCn1c(N2CCC[C@@H](N)C2)nc2c1C(=O)N(Cc1nc(C)c3ccccc3n1)C1=NCCN12,CHEMBL3675624,=,=,1.61,1.61,1.61,8.79317412396815
Cc1nc(CN2C(=O)c3c(nc(N4CCC[C@@H](N)C4)n3CC(=O)C3CC3)N3CCN=C23)nc2ccccc12,CHEMBL4464819,=,=,4.41,4.41,4.41,8.355561410532161
Cc1nc(CN2C(=O)c3c(nc(N4CCC[C@@H](N)C4)n3Cc3ccccc3)N3CCN=C23)nc2ccccc12,CHEMBL3675626,=,=,32.0,32.0,32.0,7.494850021680094
Cc1nc(CN2C(=O)c3c(nc(N4CCC[C@@H](N)C4)n3Cc3cccc(F)c3)N3CCN=C23)nc2ccccc12,CHEMBL3675625,=,=,19.3,19.3,19.3,7.714442690992226
Cc1nc(CN2C(=O)c3c(nc(N4CCC[C@@H](N)C4)n3Cc3cc(F)ccc3F)N3CCN=C23)nc2ccccc12,CHEMBL3675620,=,=,43.5,43.5,43.5,7.361510743045363
Cc1nc(CN2C(=O)c3c(nc(N4CCC[C@@H](N)C4)n3Cc3ccccc3C#N)N3CCN=C23)nc2ccccc12,CHEMBL3675636,=,=,82.2,82.2,82.2,7.0851281824599495
Cc1nc(CN2C(=O)c3c(nc(N4CCC[C@@H](N)C4)n3Cc3cc(F)cs3)N3CCN=C23)nc2ccccc12,CHEMBL4563476,=,=,28.7,28.7,28.7,7.542118103266008
CC#CCn1c(N2CCC[C@@H](N)C2)nc2c1C(=O)N(Cc1ccccc1C#N)C1=NCCN12,CHEMBL3675632,=,=,9.31,9.31,9.31,8.031050319018657
CC#CCn1c(N2CCC[C@@H](N)C2)nc2c1C(=O)N(Cc1cccc(C#N)c1)C1=NCCN12,CHEMBL4516443,=,=,11.2,11.2,11.2,7.950781977329818
CC#CCn1c(N2CCC[C@@H](N)C2)nc2c1C(=O)N(Cc1ccc(C#N)cc1)C1=NCCN12,CHEMBL4568895,=,=,10.0,10.0,10.0,8.0
N#C[C@@H]1CCCN1C(=O)CNC12CC3CC(CC(O)(C3)C1)C2,CHEMBL142703,=,=,95.0,95.0,95.0,7.022276394711152
Cn1c(=O)cc(N2CCC[C@@H](N)C2)n(Cc2ccccc2C#N)c1=O,CHEMBL376359,=,=,7.0,7.0,7.0,8.154901959985743
CC#CCn1c(N2CCC[C@@H](N)C2)nc2c1c(=O)n(Cc1nc(C)c3ccccc3n1)c(=O)n2C,CHEMBL237500,=,=,1.0,1.0,1.0,9.0
O=c1[nH]c(=O)c2c(nc(N3CCNCC3)n2Cc2ccccc2)[nH]1,CHEMBL4456228,=,=,3900.0,3900.0,3900.0,5.4089353929735005
Cn1c(=O)c2c(nc(N3CCCC(N)C3)n2Cc2ccccc2)n(C)c1=O,CHEMBL399216,=,=,82.0,82.0,82.0,7.086186147616283
CC(C)=CCn1c(N2CCC[C@H](N)C2)nc2c1c(=O)n(CC(=O)c1ccccc1)c(=O)n2C,CHEMBL237067,=,=,5.0,5.0,5.0,8.301029995663981
N[C@H]1C[C@@H](N2CCC(F)(F)C2)[C@@H](C(F)(F)F)O[C@@H]1c1cc(F)ccc1F,CHEMBL4635433,=,=,48.9,48.9,48.9,7.310691140876379
N[C@H]1C[C@@H](N2Cc3c[nH]nc3C2)[C@@H](C(F)(F)F)O[C@@H]1c1cc(F)ccc1F,CHEMBL4640183,=,=,18.2,18.2,18.2,7.739928612014925
CCOC(=O)c1nc2c(n1C)CN([C@@H]1C[C@H](N)[C@@H](c3cc(F)ccc3F)O[C@@H]1C(F)(F)F)C2,CHEMBL4634272,=,=,20.6,20.6,20.6,7.686132779630847
Cn1c(C(N)=O)nc2c1CN([C@@H]1C[C@H](N)[C@@H](c3cc(F)ccc3F)O[C@@H]1C(F)(F)F)C2,CHEMBL4644314,=,=,7.1,7.1,7.1,8.148741651280925
CS(=O)(=O)n1cc2c(n1)CN([C@@H]1C[C@H](N)[C@@H](c3cc(F)c(F)cc3F)O[C@@H]1C(F)(F)F)C2,CHEMBL4641763,=,=,3.9,3.9,3.9,8.4089353929735
N[C@H]1C[C@@H](N2Cc3cn(S(=O)(=O)C4CCCC4)nc3C2)[C@@H](C(F)(F)F)O[C@@H]1c1cc(F)ccc1F,CHEMBL4634474,=,=,26.5,26.5,26.5,7.576754126063192
N[C@H]1C[C@@H](N2Cc3cn(S(=O)(=O)C4CC4)nc3C2)[C@@H](C(F)(F)F)O[C@@H]1c1cc(F)ccc1F,CHEMBL4636223,=,=,11.7,11.7,11.7,7.931814138253838
CCS(=O)(=O)n1cc2c(n1)CN([C@@H]1C[C@H](N)[C@@H](c3cc(F)ccc3F)O[C@@H]1C(F)(F)F)C2,CHEMBL4649110,=,=,60.0,60.0,60.0,7.221848749616356
CS(=O)(=O)n1cc2c(n1)CN([C@@H]1C[C@H](N)[C@@H](c3cc(F)ccc3F)O[C@@H]1C(F)(F)F)C2,CHEMBL4646510,=,=,4.2,4.2,4.2,8.3767507096021
CS(=O)(=O)n1cc2c(n1)CN([C@H]1CO[C@H](c3cc(F)ccc3F)[C@@H](N)[C@H]1F)C2,CHEMBL4640418,=,=,22.1,22.1,22.1,7.655607726314889
CS(=O)(=O)n1cc2c(n1)CN([C@H]1CO[C@H](c3cc(F)ccc3F)[C@@H](N)C1)C2,CHEMBL2105762,=,=,3.1,3.1,3.1,8.508638306165727
Cc1ccc(NS(=O)(=O)c2ccc3c(c2)CCCC3)cc1,CHEMBL4641140,=,=,2.8,2.8,2.8,8.55284196865778
CC#CCn1c(N2CCC[C@@H](N)C2)cc(=O)n(Cc2cn(CC(=O)N(C)C)nn2)c1=O,CHEMBL4636081,=,=,28.62,28.62,28.62,7.543330370576243
Brc1nc2n(n1)CC(c1cc3ccccc3o1)=NN2,CHEMBL4246951,=,=,28050.0,28.05,28050.0,4.55206713440782
CC#CCn1c(N2CCC[C@H](N)C2)cc(=O)n(Cc2nc(C)c3cc(C)ccc3n2)c1=O,CHEMBL4647761,=,=,5.78,5.78,5.78,8.23807216157947
N[C@@H]1CN(c2ncc(Oc3c[nH]nc3C3=CCC(F)(F)CC3)cn2)C[C@@H]1c1cc(F)c(F)cc1F,CHEMBL4642801,=,=,6.0,6.0,6.0,8.221848749616356
CC#CCN1C(N2CCC[C@H](N)C2)=NC2C1C(=O)N(C(C)c1nc(C)c3ccccc3n1)C(=O)N2C,CHEMBL4649180,=,=,2.07,2.07,2.07,8.684029654543082
CCOC(=O)c1c(C(C)C)cc(C(C)C)c(C(=O)OCC)c1-c1cc2ccc(-c3ccc4c(C)cccc4c3)cc2[nH]1,CHEMBL4632896,=,=,2.72,2.72,2.72,8.5654310959658
O=[N+]([O-])c1cccc(/C=N/N2C(c3ccccc3)=Nc3ccc(I)cc3C2NC2NC=CS2)c1,CHEMBL4638480,=,=,0.76,0.76,0.76,9.119186407719209
N[C@H]1CN(c2ncnc(N3CCC(F)(F)C3)n2)C[C@@H]1N1CC(F)(F)CCC1=O,CHEMBL1683571,=,=,23.0,23.0,23.0,7.638272163982407
Cl.N#C[C@@H]1CCCN1C(=O)[C@@H](N)Cc1ccc(-c2cn(C3CC3)nn2)cc1,CHEMBL4647956,=,=,247.0,0.247,247.0,6.607303046740334
N#C[C@@H]1CCCN1C(=O)CN(C(=O)CCCCCl)C12CC3CC(CC(O)(C3)C1)C2,CHEMBL4638352,=,=,12.0,12.0,12.0,7.920818753952375
N#C[C@@H]1CCCN1C(=O)CNC12CC3CC(CC(O)(C3)C1)C2,CHEMBL142703,=,=,3500.0,3.5,3500.0,5.455931955649724
CC#CCn1c(N2CCC[C@@H](N)C2)nc2c1c(=O)n(CCCN1CCC(c3nc(-c4ccccc4)no3)CC1)c(=O)n2C,CHEMBL4761281,=,=,230.0,0.23,230.0,6.638272163982407
CC#CCn1c(N2CCC[C@@H](N)C2)nc2c1c(=O)n(CCCN1CCC(n3cc(-c4ccccc4)nn3)CC1)c(=O)n2C,CHEMBL4762199,=,=,47.0,0.047,47.0,7.327902142064282
CC#CCn1c(N2CCC[C@@H](N)C2)nc2c1c(=O)n(CCCN1CCC(c3nc(-c4ccccc4)cs3)CC1)c(=O)n2C,CHEMBL4743350,=,=,190.0,0.19,190.0,6.721246399047171
CC#CCn1c(N2CCC[C@@H](N)C2)nc2c1c(=O)n(CCCN1CCC(c3nc(-c4ccccc4)c[nH]3)CC1)c(=O)n2C,CHEMBL4744389,=,=,44.0,0.044000000000000004,44.0,7.356547323513812
CC#CCn1c(N2CCC[C@@H](N)C2)nc2c1c(=O)n(CCCN1CCC(c3ncc(-c4ccccc4)o3)CC1)c(=O)n2C,CHEMBL4750433,=,=,120.0,0.12,120.0,6.920818753952375
CC#CCn1c(N2CCC[C@@H](N)C2)nc2c1c(=O)n(CCCN1CCC(c3cc(-c4ccccc4)on3)CC1)c(=O)n2C,CHEMBL4783756,=,=,190.0,0.19,190.0,6.721246399047171
CC#CCn1c(N2CCC[C@@H](N)C2)nc2c1c(=O)n(CCCN1CCC(c3nnnn3-c3ccccc3)CC1)c(=O)n2C,CHEMBL4796411,=,=,270.0,0.27,270.0,6.568636235841012
CC#CCn1c(N2CCC[C@@H](N)C2)nc2c1c(=O)n(CCCN1CCN(c3nc(-c4ccccc4)no3)CC1)c(=O)n2C,CHEMBL4784857,=,=,40.0,0.04,40.0,7.3979400086720375
CC#CCn1c(N2CCC[C@@H](N)C2)nc2c1c(=O)n(CCCN1CCN(c3nc(-c4ccccc4)ns3)CC1)c(=O)n2C,CHEMBL4795875,=,=,360.0,0.36,360.0,6.443697499232712
CC#CCn1c(N2CCC[C@@H](N)C2)nc2c1c(=O)n(CCCN1CCN(c3nnc(-c4ccccc4)[nH]3)CC1)c(=O)n2C,CHEMBL4742337,=,=,76.0,0.076,76.0,7.119186407719209
CC#CCn1c(N2CCC[C@@H](N)C2)nc2c1c(=O)n(CCCN1CCN(c3cc(C)nn3-c3ccccc3)CC1)c(=O)n2C,CHEMBL4799779,=,=,83.0,0.083,83.0,7.080921907623926
CC#CCn1c(N2CCC[C@@H](N)C2)nc2c1c(=O)n(CCCN1CCN(c3nc(-c4ccccc4)cs3)CC1)c(=O)n2C,CHEMBL4740282,=,=,59.0,0.059000000000000004,59.0,7.229147988357855
CC#CCn1c(N2CCC[C@@H](N)C2)nc2c1c(=O)n(CCCN1CCN(c3noc(-c4ccccc4)n3)CC1)c(=O)n2C,CHEMBL4782382,=,=,680.0,0.68,680.0,6.167491087293763
N[C@@H](CC(=O)N1CCn2c(nnc2C(F)(F)F)C1)Cc1cc(F)c(F)cc1F,CHEMBL1422,=,=,8.4,0.0084,8.4,8.075720713938118
CC#CCn1c(N2CCC[C@@H](N)C2)nc2c1c(=O)n(CCCN1CCN(c3ncc(C)cn3)CC1)c(=O)n2C,CHEMBL4785060,=,=,660.0,0.66,660.0,6.180456064458131
CC#CCn1c(N2CCC[C@@H](N)C2)nc2c1c(=O)n(CCCN1CCN(c3ncc(CC)cn3)CC1)c(=O)n2C,CHEMBL4745258,=,=,610.0,0.61,610.0,6.214670164989233
CC#CCn1c(N2CCC[C@@H](N)C2)nc2c1c(=O)n(CCCN1CCN(c3ncc(CCC)cn3)CC1)c(=O)n2C,CHEMBL4776485,=,=,590.0,0.59,590.0,6.229147988357855
CC#CCn1c(N2CCC[C@@H](N)C2)nc2c1c(=O)n(CCCN1CCN(c3ncc(OC)cn3)CC1)c(=O)n2C,CHEMBL4764779,=,=,430.0,0.43,430.0,6.366531544420413
CC#CCn1c(N2CCC[C@@H](N)C2)nc2c1c(=O)n(CCCN1CCN(c3ncc(F)cn3)CC1)c(=O)n2C,CHEMBL4749117,=,=,350.0,0.35,350.0,6.455931955649724
CC#CCn1c(N2CCC[C@@H](N)C2)nc2c1c(=O)n(CCCN1CCN(c3ncc(C(F)(F)F)cn3)CC1)c(=O)n2C,CHEMBL4751384,=,=,740.0,0.74,740.0,6.130768280269024
N[C@@H](CCn1cc(-c2ccccn2)nn1)Cc1cc(F)c(F)cc1F,CHEMBL4750352,=,=,143.0,143.0,143.0,6.844663962534938
N[C@@H](CCn1cc(-c2cccnc2)nn1)Cc1cc(F)c(F)cc1F,CHEMBL4790735,=,=,28.0,28.0,28.0,7.552841968657781
N[C@@H](CCn1cc(-c2ccncc2)nn1)Cc1cc(F)c(F)cc1F,CHEMBL4250492,=,=,14.0,14.0,14.0,7.853871964321762
N[C@@H](CCn1ccnn1)Cc1cc(F)c(F)cc1F,CHEMBL4792546,=,=,254.0,254.0,254.0,6.5951662833800615
Cc1cn(CC[C@H](N)Cc2cc(F)c(F)cc2F)nn1,CHEMBL4747721,=,=,133.0,133.0,133.0,6.876148359032914
CC(C)(C)c1cn(CC[C@H](N)Cc2cc(F)c(F)cc2F)nn1,CHEMBL4789426,=,=,121.0,121.0,121.0,6.917214629683549
N[C@@H](Cc1cn(-c2cccnc2)nn1)Cc1cc(F)c(F)cc1F,CHEMBL4790799,=,=,305.0,305.0,305.0,6.515700160653214
N[C@@H](Cc1cn(-c2ccncc2)nn1)Cc1cc(F)c(F)cc1F,CHEMBL4763110,=,=,427.0,427.0,427.0,6.369572124974976
N[C@@H](Cc1cn(-c2cccc3ncccc23)nn1)Cc1cc(F)c(F)cc1F,CHEMBL4745231,=,=,265.0,265.0,265.0,6.576754126063192
N[C@@H](Cc1cn(-c2ccc3ncccc3c2)nn1)Cc1cc(F)c(F)cc1F,CHEMBL4798357,=,=,780.0,780.0,780.0,6.107905397309519
N[C@@H](CC(=O)N1CCn2c(nnc2C(F)(F)F)C1)Cc1cc(F)c(F)cc1F,CHEMBL1422,=,=,7.8,7.8,7.8,8.10790539730952
C[C@]1(N2Cc3c[nH]nc3C2)CO[C@H](c2cc(F)ccc2F)[C@@H](N)C1,CHEMBL3931183,=,=,34.0,34.0,34.0,7.468521082957745
C[C@]1(N2Cc3cn(S(C)(=O)=O)nc3C2)CO[C@H](c2cc(F)ccc2F)[C@@H](N)C1,CHEMBL3940772,=,=,37.0,37.0,37.0,7.431798275933005
N[C@H]1C[C@@H](N2Cc3cn(S(=O)(=O)NC(=O)c4ccccc4)nc3C2)CO[C@@H]1c1cc(F)ccc1F,CHEMBL4746458,=,=,8.8,8.8,8.8,8.05551732784983
CS(=O)(=NS(=O)(=O)c1ccccc1)n1cc2c(n1)CN([C@H]1CO[C@H](c3cc(F)ccc3F)[C@@H](N)C1)C2,CHEMBL4776573,=,=,18.0,18.0,18.0,7.7447274948966935
Cc1ccc(Nc2cc(N3CCC[C@@H](N)C3)nc3ccnn23)c(N)c1,CHEMBL4798053,=,=,1200.0,1.2,1200.0,5.920818753952375
Cc1ccc(Nc2cc(N3CCC[C@@H](N)C3)nc3ccnn23)c(C)c1,CHEMBL4787437,=,=,9100.0,9.1,9100.0,5.040958607678906
N[C@@H]1CCCN(c2cc(Nc3ccccc3Cl)n3nccc3n2)C1,CHEMBL4751895,=,=,25300.0,25.3,25300.0,4.5968794788241825
N[C@@H]1CCCN(c2cc(Nc3ccc(F)cc3F)n3nccc3n2)C1,CHEMBL4760965,=,=,17700.0,17.7,17700.0,4.752026733638194
N[C@@H]1CCCN(c2cc(Nc3ccc(Cl)cc3Cl)n3nccc3n2)C1,CHEMBL4753503,=,=,22200.0,22.2,22200.0,4.653647025549361
N[C@@H]1CCCN(c2cc(Nc3ccccc3[N+](=O)[O-])n3nccc3n2)C1,CHEMBL4745889,=,=,11700.0,11.7,11700.0,4.931814138253839
N[C@@H]1CCCN(c2cc(NCc3ccccc3)n3nccc3n2)C1,CHEMBL4743490,=,=,300.0,0.3,300.0,6.522878745280337
N[C@@H]1CCCN(c2cc(NCc3ccc(O)cc3)n3nccc3n2)C1,CHEMBL4763718,=,=,7900.0,7.9,7900.0,5.102372908709558
N[C@@H]1CCCN(c2cc(NCc3ccc(Cl)cc3Cl)n3nccc3n2)C1,CHEMBL4791597,=,=,5700.0,5.7,5700.0,5.2441251443275085
N[C@@H]1CCCN(c2cc(NCCc3ccc(Cl)cc3Cl)n3nccc3n2)C1,CHEMBL4754343,=,=,1100.0,1.1,1100.0,5.958607314841775
Cc1ccnc(Nc2cc(N3CCC[C@@H](N)C3)nc3ccnn23)c1,CHEMBL4743516,=,=,8100.0,8.1,8100.0,5.09151498112135
N[C@@H]1CCCN(c2cc(Nc3cc(F)ccn3)n3nccc3n2)C1,CHEMBL4786137,=,=,14400.0,14.4,14400.0,4.841637507904751
N[C@@H]1CCCN(c2cc(Nc3cc(Cl)ccn3)n3nccc3n2)C1,CHEMBL4794801,=,=,2400.0,2.4,2400.0,5.619788758288394
N[C@@H]1CCCN(c2cc(Nc3cc[nH]n3)n3nccc3n2)C1,CHEMBL4779718,=,=,31800.0,31.8,31800.0,4.497572880015567
Cc1ccc(Nc2cc(N3CCNCC3)nc3ccnn23)c(N)c1,CHEMBL4764894,=,=,800.0,0.8,800.0,6.096910013008056
Cc1ccc(Nc2cc(N3CCNCC3)nc3ccnn23)c(C)c1,CHEMBL4752835,=,=,1600.0,1.6,1600.0,5.795880017344075
Clc1ccccc1Nc1cc(N2CCNCC2)nc2ccnn12,CHEMBL4782865,=,=,23600.0,23.6,23600.0,4.627087997029894
Fc1ccc(Nc2cc(N3CCNCC3)nc3ccnn23)c(F)c1,CHEMBL4798418,=,=,400.0,0.4,400.0,6.3979400086720375
O=[N+]([O-])c1ccccc1Nc1cc(N2CCNCC2)nc2ccnn12,CHEMBL4749086,=,=,3500.0,3.5,3500.0,5.455931955649724
CN(c1ccccc1)c1cc(N2CCNCC2)nc2ccnn12,CHEMBL4776878,=,=,80500.0,80.5,80500.0,4.094204119632131
Clc1ccc(Nc2cc(N3CCNCC3)nc3ccnn23)c(Cl)c1,CHEMBL4765147,=,=,470.0,0.47,470.0,6.327902142064282
Clc1ccc(CCNc2cc(N3CCNCC3)nc3ccnn23)c(Cl)c1,CHEMBL4764120,=,=,89.0,0.08900000000000001,89.0,7.050609993355087
Fc1ccc(CNc2cc(N3CCNCC3)nc3ccnn23)c(F)c1,CHEMBL4784434,=,=,2.0,0.002,2.0,8.698970004336019
Cc1ccnc(Nc2cc(N3CCNCC3)nc3ccnn23)c1,CHEMBL4754461,=,=,2800.0,2.8,2800.0,5.552841968657781
Cn1c(=O)cc(N2CCC[C@@H](N)C2)n(Cc2ccccc2C#N)c1=O,CHEMBL376359,=,=,4.0,0.004,4.0,8.397940008672037
CC(C)[C@H](N)C(=O)N1CCC[C@H]1B(O)O,CHEMBL67279,=,=,22.0,0.022000000000000002,22.0,7.657577319177793
CC#CCn1c(N2CCC[C@@H](N)C2)nc2c1c(=O)n(CC1=NC3C=CC=CC3C(C)=N1)c(=O)n2C,CHEMBL4747683,=,=,2.0,0.002,2.0,8.698970004336019
N#C[C@@H]1CC(F)(F)CN1C(=O)CNC(=O)c1csc(Cc2ccccc2Br)n1,CHEMBL4751873,=,=,200.0,0.2,200.0,6.698970004336019
N#C[C@@H]1CC(F)(F)CN1C(=O)CNC(=O)c1csc(Cc2cccc(Br)c2)n1,CHEMBL4755802,=,=,52020.0,52.02,52020.0,4.283829652140146
Cc1ccc(Cc2nc(C(=O)NCC(=O)N3CC(F)(F)C[C@H]3C#N)cs2)cc1,CHEMBL4779526,=,=,68850.0,68.85,68850.0,4.162096055407058
C[S+]([O-])c1ccc(Cc2nc(C(=O)NCC(=O)N3CC(F)(F)C[C@H]3C#N)cs2)cc1,CHEMBL4748662,=,=,4120.0,4.12,4120.0,5.3851027839668655
CS(=O)(=O)c1ccc(Cc2nc(C(=O)NCC(=O)N3CC(F)(F)C[C@H]3C#N)cs2)cc1,CHEMBL4797479,=,=,10110.0,10.11,10110.0,4.995248844408999
N#C[C@@H]1CC(F)(F)CN1C(=O)CNC(=O)c1csc(Cc2ccc(-n3cncn3)cc2)n1,CHEMBL4761499,=,=,18710.0,18.71,18710.0,4.72792621249999
N#Cc1ccc(CCCc2nc(C(=O)NCC(=O)N3CC(F)(F)C[C@H]3C#N)cs2)cc1,CHEMBL4781018,=,=,82530.0,82.53,82530.0,4.083388154890654
N#Cc1ccc(SCc2nc(C(=O)NCC(=O)N3CC(F)(F)C[C@H]3C#N)cs2)cc1,CHEMBL4748680,=,=,44560.0,44.56,44560.0,4.351054817834328
N#Cc1ccc(S(=O)(=O)Cc2nc(C(=O)NCC(=O)N3CC(F)(F)C[C@H]3C#N)cs2)cc1,CHEMBL4789965,=,=,76790.0,76.79,76790.0,4.114695332411032
CC#CCn1c(N2CCC[C@@H](N)C2)cc(=O)n(Cc2ccccc2)c1=O,CHEMBL2425883,=,=,106.3,106.3,106.3,6.973466735476704
N#Cc1ccccc1Cn1c(N2CCC[C@@H](N)C2)cc(=O)n(Cc2ccccc2)c1=O,CHEMBL4853464,=,=,18.2,18.2,18.2,7.739928612014925
CC#CCn1c(N2CCC[C@@H](N)C2)cc(=O)n(Cc2ccc(C(=O)OC)cc2)c1=O,CHEMBL4862579,=,=,9.2,9.2,9.2,8.036212172654444
COC(=O)c1cccc(Cn2c(=O)cc(N3CCC[C@@H](N)C3)n(Cc3ccccc3C#N)c2=O)c1,CHEMBL4856604,=,=,15.0,15.0,15.0,7.823908740944319
COC(=O)c1ccc(Cn2c(=O)cc(N3CCC[C@@H](N)C3)n(Cc3ccccc3C#N)c2=O)cc1,CHEMBL4864734,=,=,20.2,20.2,20.2,7.694648630553377
Cn1c(=O)cc(N2CCC[C@@H](N)C2)n(Cc2ccccc2C#N)c1=O,CHEMBL376359,=,=,3.1,3.1,3.1,8.508638306165727
CC#CCn1c(N2CCC[C@@H](N)C2)cc(=O)n(Cc2cccc(C(=O)NCC(=O)OC)c2)c1=O,CHEMBL4874467,=,=,9.1,9.1,9.1,8.040958607678906
CC#CCn1c(N2CCC[C@@H](N)C2)cc(=O)n(Cc2cccc(C(=O)N3CCC[C@@H]3C(=O)OC)c2)c1=O,CHEMBL4867117,=,=,47.6,47.6,47.6,7.3223930472795065
CC#CCn1c(N2CCC[C@@H](N)C2)cc(=O)n(Cc2cccc(C(=O)N[C@@H](C)C(=O)OC)c2)c1=O,CHEMBL4858093,=,=,23.7,23.7,23.7,7.6252516539898965
CC#CCn1c(N2CCC[C@@H](N)C2)cc(=O)n(Cc2cccc(C(=O)NCC(=O)O)c2)c1=O,CHEMBL4869930,=,=,6.9,6.9,6.9,8.161150909262744
CC#CCn1c(N2CCC[C@@H](N)C2)cc(=O)n(Cc2cccc(C(=O)N3CCC[C@H]3C(=O)O)c2)c1=O,CHEMBL4859630,=,=,34.6,34.6,34.6,7.460923901207224
CC#CCn1c(N2CCC[C@@H](N)C2)cc(=O)n(Cc2cccc(C(=O)N3CCC[C@@H]3C(=O)O)c2)c1=O,CHEMBL4871197,=,=,19.1,19.1,19.1,7.718966632752272
CC#CCn1c(N2CCC[C@@H](N)C2)cc(=O)n(Cc2cccc(C(=O)N[C@@H](C)C(=O)O)c2)c1=O,CHEMBL4858682,=,=,9.1,9.1,9.1,8.040958607678906
CC#CCn1c(N2CCC[C@@H](N)C2)cc(=O)n(Cc2ccc(F)c(C(=O)O)c2)c1=O,CHEMBL4863102,=,=,1.0,1.0,1.0,9.0
CC#CCn1c(N2CCC[C@@H](N)C2)cc(=O)n(Cc2cc(C(=O)O)ccc2F)c1=O,CHEMBL4857729,=,=,2.8,2.8,2.8,8.55284196865778
CC#CCn1c(N2CCC[C@@H](N)C2)cc(=O)n(Cc2ccc(Br)c(C(=O)O)c2)c1=O,CHEMBL4856337,=,=,0.8,0.8,0.8,9.096910013008056
CC#CCn1c(N2CCC[C@@H](N)C2)cc(=O)n(Cc2cc(Br)cc(C(=O)O)c2)c1=O,CHEMBL4860737,=,=,4.9,4.9,4.9,8.309803919971486
CC#CCn1c(N2CCC[C@@H](N)C2)cc(=O)n(Cc2cc(C(=O)O)ccc2Br)c1=O,CHEMBL4873862,=,=,13.0,13.0,13.0,7.886056647693163
CC#CCn1c(N2CCC[C@@H](N)C2)cc(=O)n(Cc2ccc(Cl)c(C(=O)O)c2)c1=O,CHEMBL4865204,=,=,1.0,1.0,1.0,9.0
CC#CCn1c(N2CCC[C@@H](N)C2)cc(=O)n(Cc2cccc(C(=O)OC)c2F)c1=O,CHEMBL4871141,=,=,7.0,7.0,7.0,8.154901959985743
CC#CCn1c(N2CCC[C@@H](N)C2)cc(=O)n(Cc2ccc(F)c(C(=O)OC)c2)c1=O,CHEMBL4846335,=,=,1.6,1.6,1.6,8.795880017344075
CC#CCn1c(N2CCC[C@@H](N)C2)cc(=O)n(Cc2cc(C(=O)OC)ccc2F)c1=O,CHEMBL4876894,=,=,4.3,4.3,4.3,8.366531544420413
CC#CCn1c(N2CCC[C@@H](N)C2)cc(=O)n(Cc2cccc(C(=O)OC)c2Br)c1=O,CHEMBL4852700,=,=,4.5,4.5,4.5,8.346787486224656
CC#CCn1c(N2CCC[C@@H](N)C2)cc(=O)n(Cc2ccc(Br)c(C(=O)OC)c2)c1=O,CHEMBL4851477,=,=,1.3,1.3,1.3,8.886056647693163
CC#CCn1c(N2CCC[C@@H](N)C2)cc(=O)n(Cc2cc(Br)cc(C(=O)OC)c2)c1=O,CHEMBL4863369,=,=,1.3,1.3,1.3,8.886056647693163
CC#CCn1c(N2CCC[C@@H](N)C2)cc(=O)n(Cc2cc(C(=O)OC)ccc2Br)c1=O,CHEMBL4856255,=,=,2.6,2.6,2.6,8.585026652029182
CC#CCn1c(N2CCC[C@@H](N)C2)cc(=O)n(Cc2ccc(Cl)c(C(=O)OC)c2)c1=O,CHEMBL4845890,=,=,1.1,1.1,1.1,8.958607314841775
O=C(CN[C@@H]1CCNC1)N1CCC[C@H]1B(O)O,CHEMBL4296719,=,=,25.0,25.0,25.0,7.6020599913279625
CS(=O)(=O)Nc1ccc(OCCNCC2COc3ccccc3O2)cc1.Cl,CHEMBL5194237,=,=,300200.0,300.2,300200.0,3.522589312092748
CC(C)CS(=O)(=O)Nc1ccc(OCCNCC2COc3ccccc3O2)cc1.Cl,CHEMBL5176469,=,=,326600.0,326.6,326600.0,3.48598381959935
[N-]=[N+]=NC(CCOc1ccc(S(N)(=O)=O)cc1)C1COc2ccccc2O1,CHEMBL5191973,=,=,669300.0,669.3,669300.0,3.1743791749965
COc1cc(S(N)(=O)=O)ccc1OCCC(N=[N+]=[N-])C1COc2ccccc2O1,CHEMBL5206696,=,=,326600.0,326.6,326600.0,3.48598381959935
COc1cc(S(N)(=O)=O)cc(OC)c1OCCC(N=[N+]=[N-])C1COc2ccccc2O1,CHEMBL5198237,=,=,33.2,0.0332,33.2,7.478861916295964
NC(CCOc1ccc(S(N)(=O)=O)cc1)C1COc2ccccc2O1,CHEMBL5177166,=,=,49.0,0.049,49.0,7.309803919971486
COc1cc(S(N)(=O)=O)ccc1OCCC(N)C1COc2ccccc2O1,CHEMBL5193531,=,=,57440.0,57.44,57440.0,4.240785568765756
COc1cc(S(N)(=O)=O)cc(OC)c1OCCC(N)C1COc2ccccc2O1,CHEMBL5205289,=,=,28.3,0.0283,28.3,7.548213564475709
N[C@@H](CC(=O)N1CCn2c(nnc2C(F)(F)F)C1)Cc1cc(F)c(F)cc1F,CHEMBL1422,=,=,8.8,0.0088,8.8,8.05551732784983
CC(C)[C@H](N)C(=O)N1CCC[C@H]1B(O)O,CHEMBL67279,=,=,22.0,22.0,22.0,7.657577319177793
N#C[C@@H]1CCCN1C(=O)CNC12CC3CC(CC(O)(C3)C1)C2,CHEMBL142703,=,=,120.0,120.0,120.0,6.920818753952375
Cc1cc2ncc(C(=O)NCC(C)(C)NCC(=O)N3CCC[C@H]3C#N)cn2n1,CHEMBL1929396,=,=,3.3,3.3,3.3,8.481486060122112
CC#CCn1c(N2CCC[C@@H](N)C2)nc2c1c(=O)n(Cc1nc(C)c3ccccc3n1)c(=O)n2C,CHEMBL237500,=,=,1.0,1.0,1.0,9.0
C=COC(=O)[C@@H]1CCCN1C(=O)[C@H](CCCCNC(=O)OC(C)(C)C)NC(=O)OC(C)(C)C,CHEMBL5220594,=,=,0.16,0.16,0.16,9.795880017344075
CC(C)(C)OC(=O)NCCCC[C@H](NC(=O)OC(C)(C)C)C(=O)N1CCC[C@H]1C(=O)O/C=C/c1ccccc1,CHEMBL5219996,=,=,171.0,171.0,171.0,6.767003889607846
CC(C)=CCC/C(C)=C/OC(=O)[C@@H]1CCCN1C(=O)[C@H](CCCCNC(=O)OC(C)(C)C)NC(=O)OC(C)(C)C,CHEMBL5219532,=,=,0.37,0.37,0.37,9.431798275933005
C/C=C/OC(=O)[C@@H]1CCCN1C(=O)[C@H](CCCCNC(=O)OC(C)(C)C)NC(=O)OC(C)(C)C,CHEMBL5219761,=,=,6.39,6.39,6.39,8.1944991418416
CCOC(=O)/C=C/OC(=O)[C@@H]1CCCN1C(=O)[C@H](CCCCNC(=O)OC(C)(C)C)NC(=O)OC(C)(C)C,CHEMBL5220613,=,=,0.14,0.14,0.14,9.853871964321762
C=COC(=O)[C@@H]1CCCN1C(=O)[C@@H](N)CCCCN,CHEMBL5220657,=,=,0.13,0.13,0.13,9.886056647693163
NCCCC[C@H](N)C(=O)N1CCC[C@H]1C(=O)O/C=C/c1ccccc1,CHEMBL5220750,=,=,0.27,0.27,0.27,9.568636235841012
CC(C)=CCC/C(C)=C/OC(=O)[C@@H]1CCCN1C(=O)[C@@H](N)CCCCN,CHEMBL5220348,=,=,15.3,15.3,15.3,7.815308569182401
C/C=C/OC(=O)[C@@H]1CCCN1C(=O)[C@@H](N)CCCCN,CHEMBL5218500,=,=,0.75,0.75,0.75,9.1249387366083
C=COC(=O)[C@@H]1CCCN1C(=O)CNC(=O)OC(C)(C)C,CHEMBL5220053,=,=,24.7,24.7,24.7,7.607303046740334
CC(C)(C)OC(=O)NCC(=O)N1CCC[C@H]1C(=O)O/C=C/c1ccccc1,CHEMBL5219939,=,=,0.26,0.26,0.26,9.585026652029182
CCOC(=O)/C=C/OC(=O)[C@@H]1CCCN1C(=O)CNC(=O)OC(C)(C)C,CHEMBL5220415,=,=,5.9,5.9,5.9,8.229147988357855
C=COC(=O)[C@@H]1CCCN1C(=O)CN,CHEMBL5219299,=,=,0.28,0.28,0.28,9.55284196865778
NCC(=O)N1CCC[C@H]1C(=O)O/C=C/c1ccccc1,CHEMBL5219451,=,=,0.28,0.28,0.28,9.55284196865778
CCOC(=O)/C=C/OC(=O)[C@@H]1CCCN1C(=O)CN,CHEMBL5219735,=,=,1.17,1.17,1.17,8.931814138253838
COC(=O)[C@@H]1CCCN1C(=O)[C@H](Cc1ccccc1)NC(=O)OCc1ccccc1,CHEMBL5220474,=,=,0.46,0.46,0.46,9.337242168318426
COC(=O)C(Cc1ccccc1)NC(=O)[C@@H]1CCCN1C(=O)[C@H](Cc1ccccc1)NC(=O)OCc1ccccc1,CHEMBL5219966,=,=,10.2,10.2,10.2,7.991399828238082
NC(CC(=O)N1CCn2c(nnc2C(F)(F)F)C1)Cc1cc(F)c(F)cc1F,CHEMBL3185489,=,=,18.5,18.5,18.5,7.732828271596986
NC(CC(=O)N1CCn2c(nnc2C(F)(F)F)C1)Cc1cc(F)c(F)cc1F,CHEMBL3185489,=,=,18.0,18.0,18.0,7.7447274948966935
N#C[C@@H]1CCCN1C(=O)CNC12CC3CC(CC(O)(C3)C1)C2,CHEMBL142703,=,=,34.0,34.0,34.0,7.468521082957745
N#C[C@@H]1C[C@@H]2C[C@@H]2N1C(=O)[C@@H](N)C12CC3CC(CC(O)(C3)C1)C2,CHEMBL385517,=,=,1.5,1.5,1.5,8.823908740944319
CC#CCn1c(N2CCC[C@@H](N)C2)nc2c1c(=O)n(Cc1nc(C)c3ccccc3n1)c(=O)n2C,CHEMBL237500,=,=,0.4,0.4,0.4,9.397940008672037
Cn1c(=O)cc(N2CCC[C@@H](N)C2)n(Cc2ccccc2C#N)c1=O,CHEMBL376359,=,=,7.5,7.5,7.5,8.1249387366083
CC(C)[C@H](Nc1ccc(CNC(=O)[C@@H]2CSCN2C(=O)C[C@H](N)Cc2cc(F)ccc2F)cc1)C(=O)O,CHEMBL5267798,=,=,0.3,0.3,0.3,9.522878745280337
CC(C)[C@H](Nc1ccc(CNC(=O)[C@@H]2CCCN2C(=O)C[C@H](N)Cc2cc(F)ccc2F)cc1)C(=O)O,CHEMBL5287917,=,=,0.48,0.48,0.48,9.318758762624412
Cn1c(=O)cc(N2CCC[C@@H](N)C2)n(Cc2ccccc2C#N)c1=O,CHEMBL376359,=,=,7.0,7.0,7.0,8.154901959985743
CCOC(=O)c1n[nH]c2c(C(=O)OCC)cnn2c1=O.[NaH],CHEMBL5280972,=,=,53960.0,53.96,53960.0,4.267928059000133
CCOC(=O)c1cnn2c(=O)c(C(=O)NC(C)(C)C)n[nH]c12.[NaH],CHEMBL5285907,=,=,48130.0,48.13,48130.0,4.317584138322641
N#Cc1cnn2c(=O)c([N+](=O)[O-])n[nH]c12.[NaH],CHEMBL5284943,=,=,61090.0,61.09,61090.0,4.2140298748679905
N/C(=N\O)c1cnn2c(=O)c([N+](=O)[O-])n[nH]c12.[NaH],CHEMBL5273757,=,=,63560.0,63.56,63560.0,4.196816111464658
CCOC(=O)c1cnn2c(=O)c([N+](=O)[O-])n[nH]c12.[NaH],CHEMBL5285955,=,=,620000.0,620.0,620000.0,3.2076083105017466
NNc1nc(NN)nc(N2C(=O)CSC2=O)n1,CHEMBL5291433,=,=,6250.0,6.25,6250.0,5.204119982655925
O=C(CNc1nc(Nc2ccc(S(=O)(=O)Nc3nccs3)cc2)nc(N2CCOCC2)n1)Nc1ccc(F)cc1,CHEMBL5275453,=,=,2.32,2.32,2.32,8.6345120151091
CC#CCN1C(N2CCC[C@@H](NC(=O)OC(C)(C)C)C2)=NC2N=C3N(C)C(=O)CN3C(=O)C21,CHEMBL5270313,=,=,1.7,1.7,1.7,8.769551078621726
CC#CCn1c(N2CCC[C@@H](N)C2)nc2c(C)c(=O)n(Cc3nc(C)c4c(F)cccc4n3)c(=O)n21,CHEMBL5278252,=,=,0.5,0.5,0.5,9.301029995663981
CC#CCn1c(N2CCC[C@@H](N)C2)nc2c(C)c(=O)n(Cc3nc(C)c4c(Cl)cccc4n3)c(=O)n21,CHEMBL5278621,=,=,0.7,0.7,0.7,9.154901959985743
CC#CCn1c(N2CCC[C@@H](N)C2)cc(=O)n(Cc2nc(C)c3cc(C)ccc3n2)c1=O,CHEMBL5289102,=,=,5.78,5.78,5.78,8.23807216157947
CC#CCN1C(N2CCC[C@@H](N)C2)=NC2C1C(=O)N(Cc1cccnc1C#N)C(=O)N2Cc1cccnc1C#N,CHEMBL5269668,=,=,0.09,0.09,0.09,10.045757490560675
N#C[C@@H]1CCCN1C(=O)CNC12CC3CC(CC(O)(C3)C1)C2,CHEMBL142703,=,=,70.0,0.07,70.0,7.154901959985743
CC(C)[C@H](Oc1ccc(CNC(=O)[C@@H]2CCCN2C(=O)C[C@H](N)Cc2cc(F)ccc2F)cc1)C(=O)O,CHEMBL1186023,=,=,0.48,0.48,0.48,9.318758762624412
N#Cc1ccc(C(=O)NCCC(=O)N2CCC[C@H]2C(N)=O)cc1,CHEMBL2086591,=,=,31.0,31.0,31.0,7.508638306165727
NC(=O)[C@@H]1CCCN1C(=O)CCNC(=O)c1ccc(C(F)(F)F)cc1,CHEMBL2086592,=,=,28.0,28.0,28.0,7.552841968657781
N#Cc1ccc(C(=O)NCCCC(=O)N2CCC[C@H]2C(N)=O)cc1,CHEMBL2086599,=,=,26.0,26.0,26.0,7.585026652029182
NC(=O)[C@@H]1CCCN1C(=O)CCCNC(=O)c1ccc(C(F)(F)F)cc1,CHEMBL2086600,=,=,19.0,19.0,19.0,7.721246399047171
N#Cc1ccc(C(=O)Nc2ccc(C(=O)N3CCC[C@H]3C(N)=O)cc2)cc1,CHEMBL2086607,=,=,34.0,34.0,34.0,7.468521082957745
NC(=O)[C@@H]1CCCN1C(=O)c1ccc(NC(=O)c2ccc(C(F)(F)F)cc2)cc1,CHEMBL2086608,=,=,31.0,31.0,31.0,7.508638306165727
N#Cc1ccc(C(=O)NCCCC(=O)N2CCC[C@H]2C#N)cc1,CHEMBL2086613,=,=,2.3,2.3,2.3,8.638272163982407
N#C[C@@H]1CCCN1C(=O)CCCNC(=O)c1ccc(C(F)(F)F)cc1,CHEMBL2086614,=,=,3.8,3.8,3.8,8.42021640338319
N#C[C@@H]1CCCN1C(=O)[C@@H](N)Cc1ccccc1F,CHEMBL3093916,=,=,18.0,18.0,18.0,7.7447274948966935
